id,script1,label
0,I love programming but I get bored quickly How do I have fun while programming,I want to learn advanced Java What are some suggestions for some free online advanced Java course providers or free advanced Java tutorials,0
1,What does it feel like to be stabbed with a knife,How does it feel to be stabbed,0
2,What is the most efficient way of studying to score a 700 on the GMAT,How do I score above 700 in GMAT I have been preparing since two months and lately scored only 460 and I have been studying 6 hours everyday,0
3,Which kind of fit can we say of pen and their opener cap,How do I scalefit a tablet pen to a canvas,0
4,What's it to like to be a conference organizer,What is a conference,0
5,What is the future of Facebook Groups,Is Facebook the future of everything,0
6,How much weed did Bob Marley smoke a day,How much weed should you smoke,0
7,How is the price of real estate determined,How do I price real estate products,0
8,What was the happiest day of your life,Whats the happiest day of your life Why,1
9,How do I prevent YouTube from increasing my ping,How do I lower Internet ping when using youtube,0
10,What are the best online or offline dictionary for chinese people to learn English,Is there any good online or offline dictionary for chinese people to learn English,1
11,What's the difference between the centre of gravity and the centre of mass,What is the difference between centre of mass and center of gravity,1
12,How do I update my graphics drivers,How do you update the graphics driver on your computer,0
13,What is Typepad on Facebook,What is a TypePad account,0
14,How does a pussy taste,What does pussy smell like,0
15,Is it possible to run out of new music,Will we ever run out of new music,1
16,Music How do I download MP3 songs for free from the internet,Which are the websites that provide free MP3 Music downloads,0
17,How can I introduce the surface area of cuboid by using real life situations,What are the applications of surface area in real life,1
18,What does a good answer on Quora look like What does it mean to be helpful,How do you write a good answer on Quora,1
19,How is the word 'adversary' used in a sentence,How is the word 'candor' used in a sentence,0
20,Is Donald Trump capable of running a country,Is Donald Trump capable of running a country even though he does not have the following,1
21,What is the best way to lose weight and not gain it back,How do I lose weight without quitting,1
22,How do you close a Bank of America account,How can one close a bank account online,0
23,Is pride an inherent trait in all humans,What are inherent traits that all humans possess,0
24,What is the best way to move to another country,How do I move to a country with another language,0
25,I cheated on my wife would she cheat on me,I think my wife is cheating on me What do I do,0
26,What did you regret after graduating from college,Is there somehting you regret after graduating from college,1
27,Can I earn money from an offline app,How do I earn money from an app,0
28,How can I specifically improve my English,How do I learn spoken English,1
29,How do l see who viewed my videos on Instagram,How can I see who viewed my video on Instagram but didn't like my video,1
30,How do I get night shift,What are some tips for working a night shift,0
31,How does it feel not to love someone knowing that they truly love you,How do you know that you love someone,0
32,How does cigarette smoke affect you,Why is the word scared used in this time,0
33,How do men last longer in bed,How do I last longer in sex,1
34,How could an HIVpositive person have children,Would you marry an HIV positive person,0
35,Does laser light have mass,Why does light have no mass,0
36,Should I learn Romanian as a second language,What should I learn as a second language,0
37,What was first word spoken by human,What is the first word ever spoken,1
38,How should one deal with their own aggressions,How do I deal with an aggressive father,0
39,What's the easiest way to make money online from India,What is the best way to make money in india,0
40,What are some very good and real touching romantic novels,Which are some good romantic novels,1
41,Jim Morrison What is so great about Jim Morrison,What are some rare facts about Jim Morrison,1
42,What do we have to do in life,What do we have to do in our life,1
43,How much does YouTube pay per view,Does YouTube pay you for likes and views of your uploaded educational videos How much,0
44,What is the best food in the world,What is the best food on earth,1
45,What are the best online sites to learn computer programming,What are the best online programming courses for advanced and intermediate programming,1
46,What's the best Final Fantasy game,What are the best Final Fantasy games,1
47,Why do we like life hacks so much,Why are life hacks so popular,1
48,How do people earn money from YouTube,How can I make money on YouTube,1
49,What is the maximum file size that can be uploaded in Whatsapp,What is the maximum file size on WhatsApp,1
50,Why we do study computer fundamental in software engineering,Do we get to chose only one computer language when we are studying engineering,0
51,What are the factors that decides the temperature of a matter,How do I cure this problem of my face What is it,0
52,What do Indian people think about Nepal,What do Chinese people think about Nepal and Nepalese,0
53,How can I expand my IQ,What can I do to increase my IQ,1
54,How do you attract parents of preschool children online,How do you attract parents of preschool children to your website,0
55,How can I loose 5kgs weight in a week without exercise,How can I loose weight naturally without exercise,1
56,How do you feel receiving a compliment Why,How do you feel giving a compliment Why,0
57,What a ghost can do,What is a ghost,0
58,Why is that the sky is so blue,Why is the sky is blue,1
59,What does it mean to you to be a designer,What does design mean to you,0
60,How can I upload my profile picture in Quora,How can I upload profile picture on Quora,1
61,Why was the Roman Empire so successful,What are some of the rarely known facts about the Roman Empire,0
62,What is the best way to encourage 45 year olds to play chess,What is the best way to teach my 45 year old to play chess,1
63,How can be less selfconscious,How can I be less self conscious,1
64,What's the best way to learn how to sing,How can I learn the ability to sing,1
65,Who is your favorite Prison Break character,Who is the best looking actor in Prison Break,0
66,What are the advantages of a wireless laptop adapter,What are the advantages and disadvantages of using a wireless network adapter,1
67,Who will win war between Russia and US,If USA goes to war against Russia tomorrow who would be likely to win in the end if any,1
68,Which is the best way to pass the 74322 exam,What is the best way to prepare for the 74674 exam,0
69,What companies are expecting from the fresher if they don't have any industrial exposer,What does a company want from a fresher,0
70,What are some of the weirdest movies of all time,What are the weirdest anime movies,0
71,Is it healthy for dogs to eat bones,Is it safe to feed my dog cooked ham bones,0
72,Why do people ask questions on Quora that are easily answerable via a quick internet search,Why do so many people ask googleable questions on Quora,1
73,Do animals know that they are alive,Do animals understand that plants are alive,0
