id,script1,label
0,A backpack standing beside a train,A social gathering of people in a restaurant,0
1,A man is cutting a potato,A woman plays an electric guitar,0.083
2,A man shoots a man,A man with a pistol shoots another man,4.250
3,A man is peeling a banana,A woman is peeling a potato,1.400
4,A man and woman are eating at a table,A couple are eating a meal and talking,3.000
5,The girl is slicing an onion,A woman is chopping an onion into small pieces,2.200
6,A man is playing a guitar,The girl is playing the guitar,2.250
7,A person is folding a square paper piece,A person folds a piece of paper,3.750
8,The black and brown cow is looking at the camera,The black and white bull is looking at the camera,3.6
9,A man is erasing a chalk board,The man is erasing the chalk board,5.000
10,A man is playing a harp,A woman is playing a guitar,1.600
11,A child is playing a computer game,A boy is playing a game on a laptop,3.091
12,A woman is applying eye liner to her eyelid using an eye pencil,A woman is applying cosmetics to her eyelid,3.800
13,A man is passionately playing a guitar in front of an audience,A woman is peeling a potato,0.000
14,A man is climbing a rope,A man climbs a rope,5.000
15,Someone is greating a carrot,A woman is grating an orange food,2.500
16,A scantily clad woman is standing next to a car,A yellow and orange bird hold on to the side of a cage,0
17,A doubly decker red bus driving down the road,A red double decker bus driving down a street,5
18,The man is playing the keyboards,A man is playing guitar,2.200
19,A red and white plane flying on a sunny day,Red and white plane flying through the air,4.2
20,The woman is dicing onions,A woman is dancing in railway station,0.400
21,A toddler walks down a hallway,A little girl is walking down a hallway,3.600
22,A cat is playing with a watermelon on a floor,A man is pouring oil into a pan,0.000
23,The cows feed in the trough,The brown and white cows are eating in the trough,4
24,A man plays the guitar and sings,A man is singing and playing a guitar,5.000
25,A person is whisking eggs in a bowl,A woman is beating two eggs in a bowl using a wire whisk,3.800
26,The flag was moving in the air,A flag is waving,3.750
27,A woman is adding oil on fishes,The woman is cutting potatoes,0.600
28,An elderly Asian couple pose with a yawning baby at a dinner table,An older Asian couple poses with a newborn baby at the dinner table,4.4
29,Older man wearing beret with mountains in background,A sheep in the morning mist with trees in the background,0.4
30,The man is smashing garlic,A man is smashing some garlic,5.000
31,A black and white cat playing with a wool basket,A black and white cat lying on a blanket,1.8
32,Batman and Robin fly a helicopter over water,A helicopter flies over water,2.600
33,Someone is pouring chicken broth into a pot,The man is pouring broth into the pot,3.750
34,A man is playing a guitar,A guy is playing an instrument,3.800
35,A puppy plays with a plastic container,The dog is playing with a plastic container,3.800
36,A woman is riding a horse along a perimeter,A dog is riding a skateboard,0.600
37,A man is eating food,A man is eating something,4.200
38,A man playing the guitar,A woman is painting her lips,0.000
39,A man plays a keyboard,A person is playing the keyboard,4.000
40,A man plays a guitar,A man plays the piano,1.400
41,A woman and man are riding in a car,A woman driving a car is talking to the man seated beside her,3.400
42,A woman is dancing,A man breaks a stick,0.000
43,A woman is hitting a man,A woman is taking a bath,0.200
44,A man is speaking,A man is spitting,0.636
45,Kids are dancing on stage,Some people are dancing on stage,3.000
46,A black and white photo of a bottle sitting atop a rock carving in front of a line of bushes,A bottle of water sitting on a stone with other stones and a wall in the background,2
47,A man plays the piano,A man is playing a piano,5.000
48,The lady cut the tail and body of a shrimp,A woman is cleaning a shrimp,4.500
49,A white bicycle stands on a floor,Old style bicycle parked on floor,3.4
50,The cougar is chasing the bear,A cougar is chasing a bear,5.000
51,A woman puts flour on a piece of meat,A woman is putting flour onto some meat,5.000
52,A woman is slicing a meat,A woman is singing on stage,0.250
53,A red double decker bus on a crowded street,A double decker bus on a city street,4.2
54,A man with a hard hat is dancing,A man wearing a hard hat is dancing,5.000
55,A black and white photo of an old train station,A black and white photo of a cat sitting on a sofa,0.8
56,A man is standing on a roof top playing a violin,A man is on a roof dancing,1.800
57,A person is combing a cat hair,A person is brushing a cat,4.400
58,A man is slicing an onion,A man slices an onion,5.000
59,The man is shaking hands with other men,A man is shaking another mans hand,4.333
60,A man is eating a pizza,A man is eating a food,3.600
61,A young man is playing the piano,A woman is peeling a prawn,0.000
62,A man on a motorcycle performing a wheelie,Motorcyclist performing a wheelie next to a car,4
63,A woman and child push strollers down the sidewalk,A women and a young girl walking pushchairs along the sidewalk,3.4
64,The puppy tried to get out of the tub,A puppy is trying to get out of a bathtub,4.400
65,A baby rhino is walking around his pen with his mother,A baby rhino is following an adult rhino,3.400
66,Large white cruise ship floating on water,Large cruise ship floating on the water,4.6
67,A man is cleaning a fish on a kitchen counter,A man is playing a flute,0.800
68,A man is lifting weights in a garage,A man is lifting weights,4.250
69,Children looking a sheep,Child milking a cow outside,0.6
70,A woman is relaxing in a bath tub,A woman is stabbing a potato with a fork,0.400
71,A boy is riding a horse,A monkey is riding a bus,0.400
72,A guy is playing hackysack,A man is playing a keyboard,1.000
73,A woman is applying makeup,A man is playing a guitar,0.000
74,A woman is putting her baby in a waste bin,The woman is poking holes in the potato,0.000
75,A man is playing a guitar,A man is cleaning a cd,0.833
76,A person is mixing a pot of rice,A person is peeling a potato,0.778
77,Women are running,Two women are running,3.824
78,A man is putting a knife in a vice,A man is getting into a car in a garage,0.800
79,Someone is stirring chili in a kettle,Someone is stirring a pot of chili with a spoon,3.800
80,The man cut down a tree with an axe,A man chops down a tree with an axe,5.000
81,Women are holding each other and dancing together,Two men are playing table tennis,0.000
82,Someone is beating an egg,A woman stirs eggs in a bowl,2.500
83,A man jumping rope,A man is talking,0.400
84,A tiger is walking around his cage,A tiger walks around aimlessly,3.000
85,Two little girls are talking on the phone,A little girl is walking down the street,0.500
86,The man is trying to feed the snake with a mouse,A man is working on his laptop,0.800
87,The lady cracked an egg for the mixer,The lady sliced up the meat,1.154
88,A jockey riding a horse in a pen,A jockey rides a horse at a gallop,3.6
89,A woman is writing something,A woman is chopping green onions,0.800
90,The lady put the skewered shimp in the hot water,The lady fried the breaded meat in hot oil,1.600
91,A man is playing guitar,A man plays a guitar,4.857
92,Blue couch and twin bed in a living room,A leather couch and wooden table in a living room,2.2
93,Red double decker bus driving down a street,A red two story bus driving along the street,3.8
94,A group of peoples posing in fur hats,A group of cyclists in green and white with spectators looking on,0
95,Two white dogs are swimming in the water,The birds are swimming in the water,0.8
96,The man used a sword to slice a plastic bottle,A man sliced a plastic bottle with a sword,5.000
97,A woman is slicing a potato,A woman is slicing carrot,2.500
98,A woman leading a white horse,A man in a tux on a white horse,2
99,A man shappens a knife,A man carries a women,0.500
100,The lady stirred up raw eggs in the bowl,A woman is pouring eyes into a bowl,1.000
101,A bus drives down a busy road,A green bus drives down a road,3.2
102,A person pours cooking oil into a pot,A person is pouring olive oil into a pot on the stove,3.800
103,A white cat laying on an office chair,A white cat laying on a sheet,2.4
104,An AeroMexico jet taxing along a runway,A silver AreoMexico Jet Liner sitting on the tarmac,3.2
105,Three men are playing guitars,Three men are on stage playing guitars,3.750
106,The person is starting a fire,A person makes fire,5.000
107,A man is playing a guitar,A man is playing a trumpet,1.714
108,A person drops a camera down an escelator,A man tosses a bag down an escalator,2.750
109,The bird is sitting on the branch,A red and brown bird is perched on branches,3.2
110,A man is feeding a mouse to a snake,The man is feeding a mouse to the snake,5.000
111,A man with glasses and two plastic bottles in the foreground,A man talking with two water bottles sitting in front of him,3
112,Two women sitting in lawn chairs,Two women are sitting in a cafe,2.6
113,Domestic cat looking out window,A white cat looking out of a window,3.6
114,A man is buttering a piece of bread,A slow loris hanging on a cord,0.000
115,A man is serving cake,A man seasoning quail,0.750
116,A dog is stealing food from a refrigerator,The dog took something out of the refrigerator,3.200
117,A woman is riding a horse on the beach,A woman is washing a bowl,0.200
118,Left side of a silver train engine,A closeup of a black train engine,2.2
119,Five kittens are eating out of five dishes,Kittens are eating food on trays,2.750
120,A woman is slicing a big pepper,A person is cutting a green pepper,3.400
121,A man is playing a guitar,A man is eating a banana,0.600
122,A man is riding on a boat,A man is tying in the machine,0.400
123,Brown and white ducks walking on green grass,A red and white plane flying on a sunny day,0
124,A laptop computer and a computer monitor,A laptop and a PC at a workstation,2.6
125,A woman is cutting some herbs,A woman is chopping cilantro,2.800
126,The white ducks are standing on the ground,A woman in a black hat is standing by the subway,0
127,A woman equestrian riding a horse,The woman is riding on the brown horse,3.8
128,A black and wood colored dining room set in a small apartment,Black and brown table in living room setting,3.2
129,A chef is slicing carrot,A person is drawing a picture,0.000
130,A woman is exercising,A woman lifts weights,3.400
131,A chef is preparing some food,A chef prepared a meal,4.000
132,The cook is kneading the flour,A woman is kneading tortilla dough,2.600
133,The man is buttering the bread,The man is stirring the rice,0.400
134,A black and white cat is sitting on a brown chair looking up,Black and white cat sitting on wood chair looking up,3.6
135,A man is running,A man is singing,1.250
136,A woman is peeling an onion,The woman is slicing green onions,3.250
137,A woman is taking a picture,A man is playing a guitar,0.250
138,A woman is reading,A woman is kneading dough,1.000
139,Two boys sit facing one another at a table and one points at the other,Two people sit facing each other at a table as one points at the other,4.4
140,A parrot is talking,A parrot is talking into a microphone,3.000
141,A man puts some cheese on a pizza,A man is sprinkling shredded cheese on a pizza,4.200
142,A man is playing a guitar,A man plays the guitar,5.000
143,A girl is dancing in a cage,A onion is being chopped,0.000
144,The man is hiking in the woods,A man is tracking in the wood,3.000
145,A white plane on the runway,A white Swiss airplane approaches the runway,4
146,A bicycle in front of some ruins,A pink bicycle is in front of a building,2.2
147,A person uses a blowtorch on two cameras,A person is burning cameras,2.333
148,A baby is crawling happily,A cat is walking on hardwood floor,0.100
149,A man plays the guitar,The man sang and played his guitar,3.000
150,A woman pours oil into a skillet from a plastic bottle while she is talking,An older woman is pouring oil into a skillet on the stove,3.800
151,A girl is riding a horse,A girl is riding a bicycle,1.917
