id,script1,label
0,and the cycle repeats,The water cycle ends with it repeats itself,neutral
1,Investigate the relationships among floating density displacement volume and buoyant force,If the buoyant force is greater than the force of gravity acting on a ship it will float,neutral
2,Ventricular stroke volume would simply be the cardiac output divided by the heart rate,The term cardiac output calculated by multiplying heart contractions by stroke volume means the volume of blood pumped by the heart in one minute,neutral
3,American Birding Association's Winging It,The bird ancestor that lived in trees developed wings which is commonly associated with birds,neutral
4,The steepwalled crater is 700 metres wide and 200 meters deep and lava flows extend along the eastern half of the island,The photic zone extends 200 meters deep,neutral
5,Evaporation and Condensation Evaporation is the phase change of liquid water into a vapor gas,When liquid water changes to water vapor it is called evaporation,entails
6,The low concentration of calcium in the cytosol allows calcium ions to function as a second messenger in calcium signaling,Calcium ion is an example of a second messenger,entails
7,The spurwinged goose is a common bird of African wetlands,The bird ancestor that lived in trees developed wings which is commonly associated with birds,neutral
8,closed system 36 A system that can exchange heat but not matter with its surroundings,A sealed vacuuminsulated reaction flask approximates the condition of a isolated system in which neither matter nor heat can be exchanged between system and surroundings,neutral
9,At 8 weeks of pregnancy the placenta and fetus have been developing for 6 weeks,The development of the respiratory system in the fetus begins at about 4 weeks,neutral
10,This repeats again and again in a neverending cycle,The water cycle ends with it repeats itself,neutral
11,A component of the vertebral column or backbone found in vertebrates,Backbone is another name for the vertebral column,entails
12,as a mass of ore metal sand or water,Metals start out as ore,neutral
13,Long wires have more resistance than short wires,In relation to electrical current a narrow wire will have more resistance than a wide wire,neutral
14,Wings evolved in a bird ancestor that lived in trees,The bird ancestor that lived in trees developed wings which is commonly associated with birds,entails
15,All living cells have a plasma membrane that encloses their contents,All types of cells are enclosed by a membrane,entails
16,During the evaporation liquid becomes water vapor,When liquid water changes to water vapor it is called evaporation,entails
17,However nuclear transfer embryo development within a group is highly variable,Invertebrates and higher animals can also be placed in one of two groups based on how they develop as embryos,neutral
18,Likewise infants adopted in the first half year are as likely to be securely attached as infants raised from birth by their natural parents,During the first year after birth a baby called an infant,neutral
19,The arrow heads indicate the directions of update that are permissible,Reversible reactions are indicated by oppositeheaded kinds of arrows,neutral
20,and Global ocean measurements of oceanatmospheric carbon dioxide exchange and atmosphereoceanbiology interactions,Ocean acidification occurs when excess carbon dioxide in the atmosphere causes the oceans to become acidic,neutral
21,The factory ship was forced to starboard in order to avoid the floating activist,If the buoyant force is greater than the force of gravity acting on a ship it will float,neutral
22,Fronts mark the boundary between two air masses,In weather terms the boundary between two air masses is called front,entails
23,squat vertebrae backbones that might belong to a crocodile,Vertebrata are characterized by the presence of backbone,neutral
24,At higher temperatures it may become a liquid or a gas,Gases and liquids become solids at low temperatures,neutral
25,Electrical contacts and resistance wire,In relation to electrical current a narrow wire will have more resistance than a wide wire,neutral
26,right ear lobe was nearly severed,The gallbladder is near the right lobe of the liver,neutral
27,Babies who are first births face a higher infant mortality rate than higher order births and this risk is even greater for teenage mothers,During the first year after birth a baby called an infant,neutral
28,The 2300acre estuary supports one of the most diverse ecosystems in the state playing a crucial role as a link in the Pacific flyway,Beneficial fungi play a crucial role in balance of ecosystems,neutral
29,Left of the gut two developing embryos can be seen,Invertebrates and higher animals can also be placed in one of two groups based on how they develop as embryos,neutral
30,Usually remineralisation relates to organic and inorganic molecules involving biologically important elements such as carbon nitrogen and phosphorus,The element carbon is present in all organic molecules,neutral
31,In birds vertebrae at the tail end of the backbone are fused into a structure called a pygostyle,Vertebrata are characterized by the presence of backbone,neutral
32,Infant seats are designed for babies from birth until at least 20 pounds and one year of age,During the first year after birth a baby called an infant,neutral
33,The caudate lobe of the liver is also known as Spiegel's lobe,The gallbladder is near the right lobe of the liver,neutral
34,When seagulls fly high stormy weather is expected,You can expect stormy if a center of low pressure is moving your way,neutral
35,Methane the simplest hydrocarbon is a single carbon atom surrounded by four hydrogen atoms,Hydrocarbons are made of one carbon and four hydrogen atoms,entails
36,The pupil controls the amount of light that enters the eye,The pupil of the eye allows light to enter,entails
37,In the human fetus the genital tubercle develops around week 4 of gestation and by week 9 becomes recognizably either a clitoris or penis,The development of the respiratory system in the fetus begins at about 4 weeks,neutral
38,One of the simplest essential parts more commonly called cells  of which animal and vegetable organisms or their tissues and organs are composed,An organ is a structure that is composed of one or more types of tissues,neutral
39,She slid behind the wheel and turned on the car,The turning driveshaft causes the wheels of the car to turn,neutral
40,evaporation process by which water is changed from a liquid into a vapor,When liquid water changes to water vapor it is called evaporation,entails
41,it is like viewing his music through a moving convex mirror,A convex mirror is shaped like the outside of a bowl,neutral
42,Process wherein the source of at least one atom of carbon in the fluorine containing compound is elemental carbon a carbon oxide or carbon disulfide,Compounds containing the element carbon are the basis of all known life,neutral
43,Xrays differ from gamma rays only in how they are produced in the atom,Radioactive atoms nuclear explosions and stars produce gamma rays,neutral
44,The boundary between two air masses is called a weather front,In weather terms the boundary between two air masses is called front,entails
45,Advance cycles are repeated with an increase in time per side until the water reaches the end of each row,The water cycle ends with it repeats itself,neutral
46,Most of the chemical digestion of foods takes place in the small intestine 2,In the body chemical digestion mainly takes place in the small intestine,entails
47,Lyme Disease is caused by a bacterium that's transmitted by tick bite but many infected people don't remember a bite,Lyme disease is caused by bacteria,entails
48,A concave lens is thinner in the middle than it is near its edges,A concave lens is thicker at the edges than it is in the middle,entails
49,Resistivity is a basic property of materials defined as electrical resistance per unit length of a wire of unit crosssectional area,In relation to electrical current a narrow wire will have more resistance than a wide wire,neutral
50,The small intestine is a very important part of the digestive system as being the site where most of the nutrient absorption takes place,In the body chemical digestion mainly takes place in the small intestine,entails
51,Moreover Antarctic seas are uniquely subject to the impacts of ocean acidification the result of oceans absorbing anthropogenic atmospheric carbon dioxide CO2,Ocean acidification occurs when excess carbon dioxide in the atmosphere causes the oceans to become acidic,entails
52,Snakes are beneficial and necessary for a balanced ecosystem,Beneficial fungi play a crucial role in balance of ecosystems,neutral
53,Modeling the global oceanatmosphere carbon dioxide system is becoming increasingly important to greenhouse gas policy,Ocean acidification occurs when excess carbon dioxide in the atmosphere causes the oceans to become acidic,neutral
54,They are a particular type of plasma lamp one of the most modern,Plasma matter makes up most of the universe,neutral
55,It displays a fourheaded arrow indicating any of the arrow keys will size the window,Reversible reactions are indicated by oppositeheaded kinds of arrows,neutral
56,Light enters the eye through the pupil and the pupil is made larger or smaller by the iris,The pupil of the eye allows light to enter,entails
57,organ A structure composed of different tissues such as root stem leaf or reproductive e g  flower parts,An organ is a structure that is composed of one or more types of tissues,entails
58,Fungi play a crucial role in the balance of ecosystems,Beneficial fungi play a crucial role in balance of ecosystems,entails
59,A honey bee that discovers a new food source will tell other honey bees about its location through the honey bee dance,A bee will sometimes do a dance to tell other bees in the hive where to find food,entails
60,Newton's Second Law of Motion describes the relationship between force mass and acceleration,Newtons second law of motion is more than a definition it is a relationship among acceleration force and mass,entails
61,A very large iron regulator smoothed the air flow from the reciprocating cylinder,Smooth muscle regulates air flow in lungs,neutral
62,We've learned that wolves play a vital role in helping to balance our natural ecosystems,Beneficial fungi play a crucial role in balance of ecosystems,neutral
63,Seven Lives Many Faces,Birds live and breed on seven of the continents,neutral
64,Among the findings were that bees have food scouts and that there's competition for food among different hives,A bee will sometimes do a dance to tell other bees in the hive where to find food,neutral
65,Such covalent substances are lowboilingtemperature liquids such as ethanol and lowmeltingtemperature solids such as iodine and solid CO2,Gases and liquids become solids at low temperatures,neutral
66,The Translator was repetitious indicated by the doubleheaded arrow in the diagram,Reversible reactions are indicated by oppositeheaded kinds of arrows,neutral
67,A chemical reaction rearranges the constituent atoms of the reactants to create different substances as products,All chemical reactions involve both reactants and products,entails
68,It is drawn by horses more commonly by birds or winged steeds,The bird ancestor that lived in trees developed wings which is commonly associated with birds,neutral
69,The kinetic theory of gases also known as kineticmolecular theory is a law that explains the behavior of a hypothetical ideal gas,The behavior of ideal gases is explained by kinetic molecular theory,entails
70,Plasmas considered the fourth state of matter comprise most of the universe by volume,Plasma matter makes up most of the universe,entails
71,The descendants have backbones built from concave vertebrae the shape of hockey pucks,Vertebrata are characterized by the presence of backbone,neutral
72,Plywood Superconductors These are materials that conduct electricity without any loss of energy such as heat loss,You call materials able to conduct electricity with 100 efficiency meaning that no energy is lost during the electrical transmission superconductors,entails
73,An atom or molecule of a substance usually does not emit energy,Energy is stored in a chemical substance between atoms,neutral
74,Approaching nonlinear dynamics by studying the motion of a,Dynamics is the study of how forces affect the motion of objects,neutral
75,Evaporation is the transformation of water from liquid to vapor state,When liquid water changes to water vapor it is called evaporation,entails
76,Basically this animation is showing the four phases of the cell cycle including G1 Synthesis G2 and Mitosis,Mitosis actually occurs in four phases,neutral
77,corolla with petals free,All of the petals together are called a corolla,neutral
78,Corolla with 5 petals or lobes,All of the petals together are called a corolla,neutral
79,The photic zone extends to a maximum depth of 200 meters 656 feet below the surface of the water,The photic zone extends 200 meters deep,entails
80,This cycle removes carbon dioxide from the atmosphere and sequesters it in the oceans as calcium carbonate,Ocean acidification occurs when excess carbon dioxide in the atmosphere causes the oceans to become acidic,neutral
81,The life cycle of all plants is complex because it is characterized by alternation of generations,The life cycle of plants is so complex because of the alternation of generation,entails
82,PH is the measure of hydrogen ions in solutions,The concentration of the hydrogen ion in a solution can be calculated when the ph is known,entails
83,primary cell culture models of neuronal process outgrowth and synapse formation,The the synapse is the space between a neuron and the next cell,neutral
84,Scientists have found a single bacterium that causes Lyme disease which can be cured if treated with antibiotics,Lyme disease is caused by bacteria,entails
85,Reptiles are coldblooded or ectothermic meaning that their heat come from their environment,Reptiles are described by the term ectothermic which means their internal temperature depends on the temperature of their environment,entails
86,Neptune a mostly gaseous giant is the eighth planet from the sun,The eighth planet from our sun is neptune,entails
87,These organisms play a crucial role in benthic ecosystems forming essential food chains and participating in the nitrogen cycle,Beneficial fungi play a crucial role in balance of ecosystems,neutral
88,others like to add a convex lens mirror to the driver side mirror,A convex mirror is shaped like the outside of a bowl,neutral
89,Since metal conducting wires have an almost fixed electrical resistance some power will be wasted as heat in the wires,In relation to electrical current a narrow wire will have more resistance than a wide wire,neutral
90,It even hurts to turn the steering wheel on my car,The turning driveshaft causes the wheels of the car to turn,neutral
91,Plant in the fall as they will need to stay dormant during the cold winter before they grow in the spring,Many plants respond to the days growing shorter in the fall by going dormant,entails
92,Plasmas electrically charged gases are the most common form of matter in the universe,Plasma matter makes up most of the universe,entails
93,The object of the present research is to analyze how the benthic region affects the dynamics of the forcing flow,Dynamics is the study of how forces affect the motion of objects,neutral
94,Some deer carry ticks that may leave behind the Borrelia burgdorferi bacterium which causes Lyme disease,Lyme disease is caused by bacteria,entails
95,Superconductors are materials that lose little or no energy as electricity passes through them,You call materials able to conduct electricity with 100 efficiency meaning that no energy is lost during the electrical transmission superconductors,entails
96,front The boundary between two air masses of different temperature and density,In weather terms the boundary between two air masses is called front,entails
97,In this and other ways dragonflies play an important role in maintaining the balance of biodiversity in the coastal ecosystem,Beneficial fungi play a crucial role in balance of ecosystems,neutral
98,At this temperature the lattice breaks down and the solid becomes a liquid,Gases and liquids become solids at low temperatures,neutral
99,At the top of this area patches of dark lichens can appear as crusts on rocks,Gabbro is a dark dense rock that can be found in the oceanic crust,neutral
100,Ecosystem Balance Homing is also believed to play an important role in ecosystem stabilization at salmon breeding grounds,Beneficial fungi play a crucial role in balance of ecosystems,neutral
101,The cycle is then repeated providing a never ending supply of fertilizer,The water cycle ends with it repeats itself,neutral
102,They are called babies or infants while in the nest,During the first year after birth a baby called an infant,neutral
103,Caudate lobe of liver,The gallbladder is near the right lobe of the liver,neutral
104,Elements or atoms A chemical element is a substance made up of a specific type of atom,Energy is stored in a chemical substance between atoms,neutral
105,Planets Recommended Sites SEDS 9 Neptune is the eighth planet from the Sun and the fourth largest by diameter,The eighth planet from our sun is neptune,entails
106,Helium is the second most abundant element in the known universe after hydrogen,The element hydrogen is the most abundant in the universe,entails
107,placing human embryos in animals,Invertebrates and higher animals can also be placed in one of two groups based on how they develop as embryos,neutral
108,Introduction The skeletal system consists of bones and their associated connective tissues tendons ligaments and cartilage,Bones cartilage and ligaments make up the skeletal system,entails
109,Due to its high electrical resistance it is widely used in Electrical Wires and cables,In relation to electrical current a narrow wire will have more resistance than a wide wire,neutral
110,The lens may be convex or concave,A concave lens is thicker at the edges than it is in the middle,neutral
111,Because of very high infant mortality 22 of new babies died the life expectancy at birth was only 25 0 years in 1900,During the first year after birth a baby called an infant,neutral
112,The Intestines The small intestine is the primary site of chemical digestion and nutrient absorption,In the body chemical digestion mainly takes place in the small intestine,entails
113,The wire offers resistance to the flow of the current,In relation to electrical current a narrow wire will have more resistance than a wide wire,neutral
114,Most of the volume of the universe is in the electrodynamic plasma state,Plasma matter makes up most of the universe,entails
115,Maternal effects on development can be investigated by placing half an embryo into one kind of female and the matching identical half into another,Invertebrates and higher animals can also be placed in one of two groups based on how they develop as embryos,neutral
116,When fission occurs neutrons which are particles in the nucleus of the atom are released,A neutron collides with an atom of u235 during the basic nuclear fission process,neutral
117,Repeat cycle,The water cycle ends with it repeats itself,neutral
118,Lyme Disease A serious illness caused by the bacterium Borrelia burgdorferi  which is carried to humans by the Deer Tick Ixodes scapularis,Lyme disease is caused by bacteria,entails
119,As with any wave the speed of sound depends on the medium in which it is propagating,The speed of sound depends on medium,entails
120,The pupil as you probably know is simply a quotholequot in the middle of the iris that allows light to enter the eye,The pupil of the eye allows light to enter,entails
121,Studies have shown that good glucose control may prevent or delay complications of type 2 diabetes such as heart disease kidney disease or blindness,Diabetes is unpreventable in the type one form but may be prevented by diet if it is of the second type,neutral
122,The second type of lens is the soft lens,A concave lens is thicker at the edges than it is in the middle,neutral
123,The ultimate source of energy for most living organisms is the sun,Most of the energy used by living things comes either directly or indirectly from the sun,entails
124,Phases two three and four were the actual treatment phases of the program,Mitosis actually occurs in four phases,neutral
125,Evaporation is the change of liquidwater to water vapor,When liquid water changes to water vapor it is called evaporation,entails
126,Electrical wires have very low resistance so this allows a large amount of current to flow and can be dangerous,In relation to electrical current a narrow wire will have more resistance than a wide wire,neutral
127,The cycle constantly repeated itself with no end in sight,The water cycle ends with it repeats itself,neutral
128,Neptune will be the farthest planet from the Sun until 1999,The eighth planet from our sun is neptune,neutral
129,Layered rock from the accumulation of sediment shifted through wind or water erosion form the weakest rock or sedimentary rock,When sediments settle out of water they form horizontal layers,neutral
130,base is a substance with pH greater than 7,If a substance has a ph value greater than 7that indicates that it is base,entails
131,There the group of cells can embed in the uterine wall and develop into an embryo and placenta,Invertebrates and higher animals can also be placed in one of two groups based on how they develop as embryos,neutral
132,Birds live and breed in most terrestrial habitats on all seven continents,Birds live and breed on seven of the continents,entails
133,Interconnect performance depends on two electrical properties the resistance of the wiring and the dielectric capacitance of the insulating materials that surround the wiring,In relation to electrical current a narrow wire will have more resistance than a wide wire,neutral
134,Molecular regulation of smoothmuscle contraction,Smooth muscle regulates air flow in lungs,neutral
