id,script1,script2,label
0,trite  banal  cliched  mostly inoffensive,0
1,macdowell  whose wifty southern charm has anchored lighter affairs  brings an absolutely riveting conviction to her role,1
2,i 'd have to say the star and director are the big problems here,0
3,an unwise amalgam of broadcast news and vibes,0
4,if you can stomach the rough content  it's worth checking out for the performances alone,1
5,a gripping movie  played with performances that are all understated and touching,1
6,e ventually  every idea in this film is flushed down the latrine of heroism,0
7,anchored by friel and williams's exceptional performances  the film's power lies in its complexity,1
8,basically a static series of semiimprovised and semicoherent raps between the stars,0
9,it provides the grand  intelligent entertainment of a superior cast playing smart people amid a compelling plot,1
10,a sequel that's much too big for its britches,0
11,a gorgeous  witty  seductive movie,1
12,a subtle and wellcrafted for the most part chiller,1
13,of course  by more objective measurements it's still quite bad,0
14,you don't have to know about music to appreciate the film's easygoing blend of comedy and romance,1
15,comes  uncomfortably close to coasting in the treads of the bicycle thief,0
16,with virtually no interesting elements for an audience to focus on  chelsea walls is a tripleespresso endurance challenge,0
17,despite the 2d animation  the wild thornberrys movie makes for a surprisingly cinematic experience,1
18,a delectable and intriguing thriller filled with surprises  read my lips is an original,1
19,it's hampered by a lifetimechannel kind of plot and a lead actress who is out of her depth,0
20,there is a fabric of complex ideas here  and feelings that profoundly deepen them,1
21,does paint some memorable images   but makhmalbaf keeps her distance from the characters,1
22,too often  the viewer isn't reacting to humor so much as they are wincing back in repugnance,0
23,a good piece of work more often than not,1
24,tries to add some spice to its quirky sentiments but the taste is all too familiar,0
25,one of the smartest takes on singles culture i 've seen in a long time,1
26,it's refreshing to see a girlpower movie that doesn't feel it has to prove anything,1
27,and that's a big part of why we go to the movies,1
28,the heavyhanded film is almost laughable as a consequence,0
29,there are some wonderfully fresh moments that smooth the moral stiffness with human kindness and hopefulness,1
30,it's one pussyass world when even killerthrillers revolve around group therapy sessions,0
31,serving sara doesn't serve up a whole lot of laughs,0
32,with the bourne identity '' we return to the more traditional action genre,1
33,there ought to be a directing license  so that ed burns can have his revoked,0
34,unflinchingly bleak and desperate,0
35,it's a bad thing when a movie has about as much substance as its end credits blooper reel,0
36,allows us to hope that nolan is poised to embark a major career as a commercial yet inventive filmmaker,1
37,for starters  the story is just too slim,0
38,every dance becomes about seduction  where backstabbing and betrayals are celebrated  and sex is currency,0
39,another inyourface wallow in the lower depths made by people who have never sung those blues,0
40,one of those energetic surprises  an original that pleases almost everyone who sees it,1
41,an exquisitely crafted and acted tale,1
42,without ever becoming didactic  director carlos carrera expertly weaves this novelistic story of entangled interrelationships and complex morality,1
43,against all odds in heaven and hell  it creeped me out just fine,1
44,hilariously inept and ridiculous,1
45,if your taste runs to difficult films you absolutely can't miss it,1
46,it's a remarkably solid and subtly satirical tour de force,1
47,the time machine '' is a movie that has no interest in itself,0
48,rarely has so much money delivered so little entertainment,0
49,it's too bad that the helping hand he uses to stir his ingredients is also a heavy one,0
50,forced  familiar and thoroughly condescending,0
51,the film's hackneyed message is not helped by the thin characterizations  nonexistent plot and pretentious visual style,0
52,it's a stunning lyrical work of considerable force and truth,1
53,unfortunately  it's not silly fun unless you enjoy really bad movies,0
54,travels a fascinating arc from hope and euphoria to reality and disillusionment,1
55,it all feels like a monty python sketch gone horribly wrong,0
56,nothing is sacred in this gutbuster,0
57,light years several warp speeds levels and levels of dilithium crystals better than the pitiful insurrection,1
58,does little more than play an innocuous game of fillin theblanks with a tragic past,0
59,smart  provocative and blisteringly funny,1
60,a romantic comedy enriched by a sharp eye for manners and mores,1
61,sam mendes has become valedictorian at the school for soft landings and easy ways out,0
62,it has all the excitement of eating oatmeal,0
63,looks and feels like a project better suited for the small screen,0
64,rarely has leukemia looked so shimmering and benign,0
65,crackerjack entertainment nonstop romance  music  suspense and action,1
66,it's just filler,0
67,easily my choice for one of the year's best films ',1
68,don't be fooled by the impressive cast list eye see you is pure junk,0
69,a woman's pic directed with resonance by ilya chaiken,1
70,a big  gorgeous  sprawling swashbuckler that delivers its diversions in grand  uncomplicated fashion,1
71,we haven't seen such hilarity since say it isn't so,1
72,i just loved every minute of this film,1
73,the movie fails to live up to the sum of its parts,0
74,as the two leads  lathan and diggs are charming and have chemistry both as friends and lovers,1
75,but it's too long and too convoluted and it ends in a muddle,0
76,if steven soderbergh's solaris is a failure it is a glorious failure,1
77,if you enjoy more thoughtful comedies with interesting conflicted characters this one is for you,1
78,an intriguing cinematic omnibus and roundrobin that occasionally is more interesting in concept than in execution,1
79,manages to be both repulsively sadistic and mundane,0
80,seldom has a movie so closely matched the spirit of a man and his work,1
81,a great ensemble cast can't lift this heartfelt enterprise out of the familiar,0
82,a solid film  but more conscientious than it is truly stirring,1
83,nothing scary here except for some awful acting and lame special effects,0
84,this is so bad,0
85,the film tunes into a grief that could lead a man across centuries,1
86,and the lesson  in the end  is nothing new,0
87,should have been someone else,0
88,a painfully funny ode to bad behavior,1
89,funny but perilously slight,1
90,holm  embodies the character with an effortlessly regal charisma,1
91,overall very good for what it's trying to do,1
92,every nanosecond of the the new guy reminds you that you could be doing something else far more pleasurable,0
93,detox is ultimately a pointless endeavor,0
94,the minor figures surrounding bobby  form a gritty urban mosaic,1
95,there's no emotional pulse to solaris,0
96,a misogynistic piece of filth that attempts to pass itself off as hip  young adult entertainment,0
97,a fast  funny  highly enjoyable movie,1
98,not exactly the bees knees,0
99,the second coming of harry potter is a film far superior to its predecessor,1
100,bleakly funny  its characters all the more touching for refusing to pity or memorialize themselves,1
101,the film is quiet  threatening and unforgettable,1
102,has a lot of the virtues of eastwood at his best,1
103,but it could have been worse,0
104,i had to look away this was god awful,0
105,the director knows how to apply textural gloss  but his portrait of sexaswar is strictly sitcom,0
106,as vulgar as it is banal,0
107,works hard to establish rounded characters  but then has nothing fresh or particularly interesting to say about them,0
108,taylor appears to have blown his entire budget on soundtrack rights and had nothing left over for jokes,0
109,the title not only describes its main characters  but the lazy people behind the camera as well,0
110,i got a headache watching this meaningless downer,0
111,dragonfly has no atmosphere  no tension nothing but costner  flailing away,0
112,no way i can believe this load of junk,0
113,not since freddy got fingered has a major release been so painful to sit through,0
114,at its worst  it implodes in a series of very bad special effects,0
115,it's a grab bag of genres that don't add up to a whole lot of sense,0
116,chilling  wellacted  and finely directed david jacobson's dahmer,1
117,do not see this film,0
118,instead of a hyperbolic beatcharged urban western  it's an unpretentious  sociologically pointed slice of life,1
119,good car chases  great fight scenes  and a distinctive blend of european  american and asian influences,1
120,fun  flip and terribly hip bit of cinematic entertainment,1
121,just one bad idea after another,0
122,the film's performances are thrilling,1
123,complete lack of originality  cleverness or even visible effort,0
124,it's a cookiecutter movie  a cutandpaste job,0
125,for the most part  director annesophie birot's first feature is a sensitive  extraordinarily wellacted drama,1
126,it's great escapist fun that recreates a place and time that will never happen again,1
127,it all adds up to good fun,1
128,and that leaves a hole in the center of the salton sea,0
129,a sometimes tedious film,0
130,i don't mind having my heartstrings pulled  but don't treat me like a fool,0
131,a very wellmade  funny and entertaining picture,1
132,what was once original has been coopted so frequently that it now seems pedestrian,0
133,reign of fire looks as if it was made without much thought and is best watched that way,1
134,almost gags on its own gore,0
135,more whiny downer than corruscating commentary,0
136,a swashbuckling tale of love  betrayal  revenge and above all  faith,1
137,the plot convolutions ultimately add up to nothing more than jerking the audience's chain,0
