,path,path2,label
0,wav/low/speaker0004/qnli_question0000000997.wav,wav/low/speaker0004/qnli_sentence0000000997.wav,not_entailment
1,wav/low/speaker0003/question0000000969.wav,wav/low/speaker0003/sentence0000000969.wav,entailment
2,wav/low/speaker0005/qnli_question0000000018.wav,wav/low/speaker0005/qnli_sentence0000000018.wav,not_entailment
3,wav/low/speaker0004/qnli_question0000000571.wav,wav/low/speaker0004/qnli_sentence0000000571.wav,entailment
4,wav/low/speaker0003/question0000000709.wav,wav/low/speaker0003/sentence0000000709.wav,entailment
5,wav/low/speaker0002/qnli_question0000000532.wav,wav/low/speaker0002/qnli_sentence0000000532.wav,not_entailment
6,wav/low/speaker0005/qnli_question0000000799.wav,wav/low/speaker0005/qnli_sentence0000000799.wav,entailment
7,wav/low/speaker0001/qnli_question0000000872.wav,wav/low/speaker0001/qnli_sentence0000000872.wav,entailment
8,wav/low/speaker0004/qnli_question0000000168.wav,wav/low/speaker0004/qnli_sentence0000000168.wav,not_entailment
9,wav/low/speaker0004/qnli_question0000000810.wav,wav/low/speaker0004/qnli_sentence0000000810.wav,not_entailment
10,wav/low/speaker0001/qnli_question0000000572.wav,wav/low/speaker0001/qnli_sentence0000000572.wav,not_entailment
11,wav/low/speaker0003/question0000000607.wav,wav/low/speaker0003/sentence0000000607.wav,not_entailment
12,wav/low/speaker0001/qnli_question0000001203.wav,wav/low/speaker0001/qnli_sentence0000001203.wav,entailment
13,wav/low/speaker0004/qnli_question0000000331.wav,wav/low/speaker0004/qnli_sentence0000000331.wav,not_entailment
14,wav/low/speaker0004/qnli_question0000000875.wav,wav/low/speaker0004/qnli_sentence0000000875.wav,not_entailment
15,wav/low/speaker0002/qnli_question0000000791.wav,wav/low/speaker0002/qnli_sentence0000000791.wav,entailment
16,wav/low/speaker0003/question0000000517.wav,wav/low/speaker0003/sentence0000000517.wav,entailment
17,wav/low/speaker0003/question0000000749.wav,wav/low/speaker0003/sentence0000000749.wav,not_entailment
18,wav/low/speaker0004/qnli_question0000000497.wav,wav/low/speaker0004/qnli_sentence0000000497.wav,entailment
19,wav/low/speaker0002/qnli_question0000000497.wav,wav/low/speaker0002/qnli_sentence0000000497.wav,entailment
20,wav/low/speaker0005/qnli_question0000000759.wav,wav/low/speaker0005/qnli_sentence0000000759.wav,not_entailment
21,wav/low/speaker0004/qnli_question0000000443.wav,wav/low/speaker0004/qnli_sentence0000000443.wav,entailment
22,wav/low/speaker0004/qnli_question0000000478.wav,wav/low/speaker0004/qnli_sentence0000000478.wav,entailment
23,wav/low/speaker0002/qnli_question0000000553.wav,wav/low/speaker0002/qnli_sentence0000000553.wav,entailment
24,wav/low/speaker0004/qnli_question0000000202.wav,wav/low/speaker0004/qnli_sentence0000000202.wav,entailment
25,wav/low/speaker0004/qnli_question0000000078.wav,wav/low/speaker0004/qnli_sentence0000000078.wav,entailment
26,wav/low/speaker0004/qnli_question0000000535.wav,wav/low/speaker0004/qnli_sentence0000000535.wav,not_entailment
27,wav/low/speaker0005/qnli_question0000001064.wav,wav/low/speaker0005/qnli_sentence0000001064.wav,entailment
28,wav/low/speaker0001/qnli_question0000000709.wav,wav/low/speaker0001/qnli_sentence0000000709.wav,entailment
29,wav/low/speaker0004/qnli_question0000000626.wav,wav/low/speaker0004/qnli_sentence0000000626.wav,not_entailment
30,wav/low/speaker0003/question0000000850.wav,wav/low/speaker0003/sentence0000000850.wav,entailment
31,wav/low/speaker0005/qnli_question0000000478.wav,wav/low/speaker0005/qnli_sentence0000000478.wav,entailment
32,wav/low/speaker0002/qnli_question0000001202.wav,wav/low/speaker0002/qnli_sentence0000001202.wav,entailment
33,wav/low/speaker0004/qnli_question0000000732.wav,wav/low/speaker0004/qnli_sentence0000000732.wav,entailment
34,wav/low/speaker0002/qnli_question0000000517.wav,wav/low/speaker0002/qnli_sentence0000000517.wav,entailment
35,wav/low/speaker0004/qnli_question0000000345.wav,wav/low/speaker0004/qnli_sentence0000000345.wav,entailment
36,wav/low/speaker0005/qnli_question0000000166.wav,wav/low/speaker0005/qnli_sentence0000000166.wav,not_entailment
37,wav/low/speaker0003/question0000001111.wav,wav/low/speaker0003/sentence0000001111.wav,entailment
38,wav/low/speaker0001/qnli_question0000000496.wav,wav/low/speaker0001/qnli_sentence0000000496.wav,entailment
39,wav/low/speaker0003/question0000000093.wav,wav/low/speaker0003/sentence0000000093.wav,entailment
40,wav/low/speaker0002/qnli_question0000000339.wav,wav/low/speaker0002/qnli_sentence0000000339.wav,entailment
41,wav/low/speaker0001/qnli_question0000000732.wav,wav/low/speaker0001/qnli_sentence0000000732.wav,entailment
42,wav/low/speaker0003/question0000000579.wav,wav/low/speaker0003/sentence0000000579.wav,not_entailment
43,wav/low/speaker0005/qnli_question0000000084.wav,wav/low/speaker0005/qnli_sentence0000000084.wav,entailment
44,wav/low/speaker0003/question0000000562.wav,wav/low/speaker0003/sentence0000000562.wav,entailment
45,wav/low/speaker0002/qnli_question0000000820.wav,wav/low/speaker0002/qnli_sentence0000000820.wav,not_entailment
46,wav/low/speaker0005/qnli_question0000000093.wav,wav/low/speaker0005/qnli_sentence0000000093.wav,entailment
47,wav/low/speaker0001/qnli_question0000000376.wav,wav/low/speaker0001/qnli_sentence0000000376.wav,entailment
48,wav/low/speaker0001/qnli_question0000000195.wav,wav/low/speaker0001/qnli_sentence0000000195.wav,not_entailment
49,wav/low/speaker0003/question0000000229.wav,wav/low/speaker0003/sentence0000000229.wav,entailment
50,wav/low/speaker0003/question0000000481.wav,wav/low/speaker0003/sentence0000000481.wav,entailment
51,wav/low/speaker0003/question0000000703.wav,wav/low/speaker0003/sentence0000000703.wav,not_entailment
52,wav/low/speaker0003/question0000000965.wav,wav/low/speaker0003/sentence0000000965.wav,not_entailment
53,wav/low/speaker0003/question0000000044.wav,wav/low/speaker0003/sentence0000000044.wav,entailment
54,wav/low/speaker0004/qnli_question0000000193.wav,wav/low/speaker0004/qnli_sentence0000000193.wav,entailment
55,wav/low/speaker0003/question0000000588.wav,wav/low/speaker0003/sentence0000000588.wav,entailment
56,wav/low/speaker0003/question0000000502.wav,wav/low/speaker0003/sentence0000000502.wav,entailment
57,wav/low/speaker0002/qnli_question0000000997.wav,wav/low/speaker0002/qnli_sentence0000000997.wav,not_entailment
58,wav/low/speaker0002/qnli_question0000000947.wav,wav/low/speaker0002/qnli_sentence0000000947.wav,not_entailment
59,wav/low/speaker0005/qnli_question0000000056.wav,wav/low/speaker0005/qnli_sentence0000000056.wav,entailment
60,wav/low/speaker0005/qnli_question0000000158.wav,wav/low/speaker0005/qnli_sentence0000000158.wav,entailment
61,wav/low/speaker0004/qnli_question0000000031.wav,wav/low/speaker0004/qnli_sentence0000000031.wav,not_entailment
62,wav/low/speaker0004/qnli_question0000000357.wav,wav/low/speaker0004/qnli_sentence0000000357.wav,not_entailment
63,wav/low/speaker0003/question0000000778.wav,wav/low/speaker0003/sentence0000000778.wav,not_entailment
64,wav/low/speaker0004/qnli_question0000000525.wav,wav/low/speaker0004/qnli_sentence0000000525.wav,not_entailment
65,wav/low/speaker0001/qnli_question0000000562.wav,wav/low/speaker0001/qnli_sentence0000000562.wav,entailment
66,wav/low/speaker0001/qnli_question0000001102.wav,wav/low/speaker0001/qnli_sentence0000001102.wav,not_entailment
67,wav/low/speaker0005/qnli_question0000000262.wav,wav/low/speaker0005/qnli_sentence0000000262.wav,entailment
68,wav/low/speaker0002/qnli_question0000000969.wav,wav/low/speaker0002/qnli_sentence0000000969.wav,entailment
69,wav/low/speaker0005/qnli_question0000000912.wav,wav/low/speaker0005/qnli_sentence0000000912.wav,entailment
70,wav/low/speaker0003/question0000000158.wav,wav/low/speaker0003/sentence0000000158.wav,entailment
71,wav/low/speaker0001/qnli_question0000000345.wav,wav/low/speaker0001/qnli_sentence0000000345.wav,entailment
72,wav/low/speaker0001/qnli_question0000000915.wav,wav/low/speaker0001/qnli_sentence0000000915.wav,not_entailment
73,wav/low/speaker0002/qnli_question0000000848.wav,wav/low/speaker0002/qnli_sentence0000000848.wav,entailment
74,wav/low/speaker0003/question0000000535.wav,wav/low/speaker0003/sentence0000000535.wav,not_entailment
75,wav/low/speaker0004/qnli_question0000000374.wav,wav/low/speaker0004/qnli_sentence0000000374.wav,entailment
76,wav/low/speaker0004/qnli_question0000000217.wav,wav/low/speaker0004/qnli_sentence0000000217.wav,entailment
77,wav/low/speaker0003/question0000000018.wav,wav/low/speaker0003/sentence0000000018.wav,not_entailment
78,wav/low/speaker0003/question0000000387.wav,wav/low/speaker0003/sentence0000000387.wav,not_entailment
79,wav/low/speaker0003/question0000000464.wav,wav/low/speaker0003/sentence0000000464.wav,not_entailment
80,wav/low/speaker0004/qnli_question0000000091.wav,wav/low/speaker0004/qnli_sentence0000000091.wav,entailment
81,wav/low/speaker0003/question0000000373.wav,wav/low/speaker0003/sentence0000000373.wav,not_entailment
82,wav/low/speaker0004/qnli_question0000000502.wav,wav/low/speaker0004/qnli_sentence0000000502.wav,entailment
83,wav/low/speaker0005/qnli_question0000000442.wav,wav/low/speaker0005/qnli_sentence0000000442.wav,entailment
84,wav/low/speaker0004/qnli_question0000000532.wav,wav/low/speaker0004/qnli_sentence0000000532.wav,not_entailment
85,wav/low/speaker0004/qnli_question0000000355.wav,wav/low/speaker0004/qnli_sentence0000000355.wav,not_entailment
86,wav/low/speaker0001/qnli_question0000000509.wav,wav/low/speaker0001/qnli_sentence0000000509.wav,entailment
87,wav/low/speaker0005/qnli_question0000000376.wav,wav/low/speaker0005/qnli_sentence0000000376.wav,entailment
88,wav/low/speaker0003/question0000000064.wav,wav/low/speaker0003/sentence0000000064.wav,not_entailment
89,wav/low/speaker0002/qnli_question0000000872.wav,wav/low/speaker0002/qnli_sentence0000000872.wav,entailment
90,wav/low/speaker0005/qnli_question0000000427.wav,wav/low/speaker0005/qnli_sentence0000000427.wav,not_entailment
91,wav/low/speaker0001/qnli_question0000000471.wav,wav/low/speaker0001/qnli_sentence0000000471.wav,not_entailment
92,wav/low/speaker0005/qnli_question0000000805.wav,wav/low/speaker0005/qnli_sentence0000000805.wav,not_entailment
93,wav/low/speaker0001/qnli_question0000000339.wav,wav/low/speaker0001/qnli_sentence0000000339.wav,entailment
94,wav/low/speaker0002/qnli_question0000000916.wav,wav/low/speaker0002/qnli_sentence0000000916.wav,entailment
95,wav/low/speaker0001/qnli_question0000000517.wav,wav/low/speaker0001/qnli_sentence0000000517.wav,entailment
96,wav/low/speaker0003/question0000000490.wav,wav/low/speaker0003/sentence0000000490.wav,entailment
97,wav/low/speaker0002/qnli_question0000000509.wav,wav/low/speaker0002/qnli_sentence0000000509.wav,entailment
98,wav/low/speaker0002/qnli_question0000000610.wav,wav/low/speaker0002/qnli_sentence0000000610.wav,not_entailment
99,wav/low/speaker0004/qnli_question0000001071.wav,wav/low/speaker0004/qnli_sentence0000001071.wav,entailment
100,wav/low/speaker0002/qnli_question0000001203.wav,wav/low/speaker0002/qnli_sentence0000001203.wav,entailment
101,wav/low/speaker0002/qnli_question0000000442.wav,wav/low/speaker0002/qnli_sentence0000000442.wav,entailment
102,wav/low/speaker0005/qnli_question0000000431.wav,wav/low/speaker0005/qnli_sentence0000000431.wav,entailment
103,wav/low/speaker0002/qnli_question0000000810.wav,wav/low/speaker0002/qnli_sentence0000000810.wav,not_entailment
104,wav/low/speaker0004/qnli_question0000000028.wav,wav/low/speaker0004/qnli_sentence0000000028.wav,not_entailment
105,wav/low/speaker0002/qnli_question0000000056.wav,wav/low/speaker0002/qnli_sentence0000000056.wav,entailment
106,wav/low/speaker0001/qnli_question0000000571.wav,wav/low/speaker0001/qnli_sentence0000000571.wav,entailment
107,wav/low/speaker0001/qnli_question0000000759.wav,wav/low/speaker0001/qnli_sentence0000000759.wav,not_entailment
108,wav/low/speaker0002/qnli_question0000001111.wav,wav/low/speaker0002/qnli_sentence0000001111.wav,entailment
109,wav/low/speaker0004/qnli_question0000000588.wav,wav/low/speaker0004/qnli_sentence0000000588.wav,entailment
110,wav/low/speaker0003/question0000000084.wav,wav/low/speaker0003/sentence0000000084.wav,entailment
111,wav/low/speaker0002/qnli_question0000000427.wav,wav/low/speaker0002/qnli_sentence0000000427.wav,not_entailment
112,wav/low/speaker0005/qnli_question0000000014.wav,wav/low/speaker0005/qnli_sentence0000000014.wav,not_entailment
113,wav/low/speaker0003/question0000000916.wav,wav/low/speaker0003/sentence0000000916.wav,entailment
114,wav/low/speaker0002/qnli_question0000000093.wav,wav/low/speaker0002/qnli_sentence0000000093.wav,entailment
115,wav/low/speaker0002/qnli_question0000000901.wav,wav/low/speaker0002/qnli_sentence0000000901.wav,entailment
116,wav/low/speaker0002/qnli_question0000000958.wav,wav/low/speaker0002/qnli_sentence0000000958.wav,not_entailment
117,wav/low/speaker0004/qnli_question0000001111.wav,wav/low/speaker0004/qnli_sentence0000001111.wav,entailment
118,wav/low/speaker0004/qnli_question0000000778.wav,wav/low/speaker0004/qnli_sentence0000000778.wav,not_entailment
119,wav/low/speaker0002/qnli_question0000000122.wav,wav/low/speaker0002/qnli_sentence0000000122.wav,entailment
120,wav/low/speaker0004/qnli_question0000000306.wav,wav/low/speaker0004/qnli_sentence0000000306.wav,not_entailment
121,wav/low/speaker0002/qnli_question0000000203.wav,wav/low/speaker0002/qnli_sentence0000000203.wav,not_entailment
122,wav/low/speaker0005/qnli_question0000000947.wav,wav/low/speaker0005/qnli_sentence0000000947.wav,not_entailment
123,wav/low/speaker0005/qnli_question0000000180.wav,wav/low/speaker0005/qnli_sentence0000000180.wav,entailment
124,wav/low/speaker0005/qnli_question0000000958.wav,wav/low/speaker0005/qnli_sentence0000000958.wav,not_entailment
125,wav/low/speaker0003/question0000000306.wav,wav/low/speaker0003/sentence0000000306.wav,not_entailment
126,wav/low/speaker0001/qnli_question0000000947.wav,wav/low/speaker0001/qnli_sentence0000000947.wav,not_entailment
127,wav/low/speaker0005/qnli_question0000000810.wav,wav/low/speaker0005/qnli_sentence0000000810.wav,not_entailment
128,wav/low/speaker0005/qnli_question0000000415.wav,wav/low/speaker0005/qnli_sentence0000000415.wav,not_entailment
129,wav/low/speaker0005/qnli_question0000000696.wav,wav/low/speaker0005/qnli_sentence0000000696.wav,not_entailment
130,wav/low/speaker0001/qnli_question0000000127.wav,wav/low/speaker0001/qnli_sentence0000000127.wav,entailment
131,wav/low/speaker0001/qnli_question0000000738.wav,wav/low/speaker0001/qnli_sentence0000000738.wav,entailment
132,wav/low/speaker0002/qnli_question0000000808.wav,wav/low/speaker0002/qnli_sentence0000000808.wav,not_entailment
133,wav/low/speaker0002/qnli_question0000000357.wav,wav/low/speaker0002/qnli_sentence0000000357.wav,not_entailment
134,wav/low/speaker0002/qnli_question0000000738.wav,wav/low/speaker0002/qnli_sentence0000000738.wav,entailment
135,wav/low/speaker0003/question0000000872.wav,wav/low/speaker0003/sentence0000000872.wav,entailment
136,wav/low/speaker0005/qnli_question0000000472.wav,wav/low/speaker0005/qnli_sentence0000000472.wav,entailment
137,wav/low/speaker0001/qnli_question0000000031.wav,wav/low/speaker0001/qnli_sentence0000000031.wav,not_entailment
138,wav/low/speaker0001/qnli_question0000000618.wav,wav/low/speaker0001/qnli_sentence0000000618.wav,entailment
139,wav/low/speaker0005/qnli_question0000000481.wav,wav/low/speaker0005/qnli_sentence0000000481.wav,entailment
140,wav/low/speaker0004/qnli_question0000000262.wav,wav/low/speaker0004/qnli_sentence0000000262.wav,entailment
141,wav/low/speaker0002/qnli_question0000000217.wav,wav/low/speaker0002/qnli_sentence0000000217.wav,entailment
142,wav/low/speaker0002/qnli_question0000000732.wav,wav/low/speaker0002/qnli_sentence0000000732.wav,entailment
143,wav/low/speaker0004/qnli_question0000000007.wav,wav/low/speaker0004/qnli_sentence0000000007.wav,not_entailment
144,wav/low/speaker0004/qnli_question0000000509.wav,wav/low/speaker0004/qnli_sentence0000000509.wav,entailment
145,wav/low/speaker0005/qnli_question0000000355.wav,wav/low/speaker0005/qnli_sentence0000000355.wav,not_entailment
146,wav/low/speaker0005/qnli_question0000000127.wav,wav/low/speaker0005/qnli_sentence0000000127.wav,entailment
147,wav/low/speaker0002/qnli_question0000000059.wav,wav/low/speaker0002/qnli_sentence0000000059.wav,not_entailment
148,wav/low/speaker0005/qnli_question0000000283.wav,wav/low/speaker0005/qnli_sentence0000000283.wav,entailment
149,wav/low/speaker0002/qnli_question0000000478.wav,wav/low/speaker0002/qnli_sentence0000000478.wav,entailment
150,wav/low/speaker0003/question0000000112.wav,wav/low/speaker0003/sentence0000000112.wav,not_entailment
151,wav/low/speaker0005/qnli_question0000000560.wav,wav/low/speaker0005/qnli_sentence0000000560.wav,entailment
152,wav/low/speaker0003/question0000000867.wav,wav/low/speaker0003/sentence0000000867.wav,not_entailment
153,wav/low/speaker0004/qnli_question0000000916.wav,wav/low/speaker0004/qnli_sentence0000000916.wav,entailment
154,wav/low/speaker0004/qnli_question0000000448.wav,wav/low/speaker0004/qnli_sentence0000000448.wav,entailment
155,wav/low/speaker0003/question0000001205.wav,wav/low/speaker0003/sentence0000001205.wav,not_entailment
156,wav/low/speaker0002/qnli_question0000001064.wav,wav/low/speaker0002/qnli_sentence0000001064.wav,entailment
157,wav/low/speaker0002/qnli_question0000000084.wav,wav/low/speaker0002/qnli_sentence0000000084.wav,entailment
158,wav/low/speaker0001/qnli_question0000000916.wav,wav/low/speaker0001/qnli_sentence0000000916.wav,entailment
159,wav/low/speaker0001/qnli_question0000000217.wav,wav/low/speaker0001/qnli_sentence0000000217.wav,entailment
160,wav/low/speaker0001/qnli_question0000000965.wav,wav/low/speaker0001/qnli_sentence0000000965.wav,not_entailment
161,wav/low/speaker0001/qnli_question0000000180.wav,wav/low/speaker0001/qnli_sentence0000000180.wav,entailment
162,wav/low/speaker0005/qnli_question0000001102.wav,wav/low/speaker0005/qnli_sentence0000001102.wav,not_entailment
163,wav/low/speaker0001/qnli_question0000000985.wav,wav/low/speaker0001/qnli_sentence0000000985.wav,not_entailment
164,wav/low/speaker0003/question0000000191.wav,wav/low/speaker0003/sentence0000000191.wav,not_entailment
165,wav/low/speaker0005/qnli_question0000000532.wav,wav/low/speaker0005/qnli_sentence0000000532.wav,not_entailment
166,wav/low/speaker0005/qnli_question0000000064.wav,wav/low/speaker0005/qnli_sentence0000000064.wav,not_entailment
167,wav/low/speaker0003/question0000000912.wav,wav/low/speaker0003/sentence0000000912.wav,entailment
168,wav/low/speaker0002/qnli_question0000000150.wav,wav/low/speaker0002/qnli_sentence0000000150.wav,entailment
169,wav/low/speaker0003/question0000000442.wav,wav/low/speaker0003/sentence0000000442.wav,entailment
170,wav/low/speaker0001/qnli_question0000000202.wav,wav/low/speaker0001/qnli_sentence0000000202.wav,entailment
171,wav/low/speaker0001/qnli_question0000000045.wav,wav/low/speaker0001/qnli_sentence0000000045.wav,not_entailment
172,wav/low/speaker0003/question0000000007.wav,wav/low/speaker0003/sentence0000000007.wav,not_entailment
173,wav/low/speaker0001/qnli_question0000000090.wav,wav/low/speaker0001/qnli_sentence0000000090.wav,not_entailment
174,wav/low/speaker0004/qnli_question0000000528.wav,wav/low/speaker0004/qnli_sentence0000000528.wav,entailment
175,wav/low/speaker0005/qnli_question0000000553.wav,wav/low/speaker0005/qnli_sentence0000000553.wav,entailment
176,wav/low/speaker0004/qnli_question0000000471.wav,wav/low/speaker0004/qnli_sentence0000000471.wav,not_entailment
177,wav/low/speaker0001/qnli_question0000000895.wav,wav/low/speaker0001/qnli_sentence0000000895.wav,not_entailment
178,wav/low/speaker0002/qnli_question0000000471.wav,wav/low/speaker0002/qnli_sentence0000000471.wav,not_entailment
179,wav/low/speaker0002/qnli_question0000000026.wav,wav/low/speaker0002/qnli_sentence0000000026.wav,entailment
180,wav/low/speaker0005/qnli_question0000000895.wav,wav/low/speaker0005/qnli_sentence0000000895.wav,not_entailment
181,wav/low/speaker0004/qnli_question0000000090.wav,wav/low/speaker0004/qnli_sentence0000000090.wav,not_entailment
182,wav/low/speaker0004/qnli_question0000001203.wav,wav/low/speaker0004/qnli_sentence0000001203.wav,entailment
183,wav/low/speaker0001/qnli_question0000000535.wav,wav/low/speaker0001/qnli_sentence0000000535.wav,not_entailment
184,wav/low/speaker0003/question0000000040.wav,wav/low/speaker0003/sentence0000000040.wav,not_entailment
185,wav/low/speaker0005/qnli_question0000000019.wav,wav/low/speaker0005/qnli_sentence0000000019.wav,not_entailment
186,wav/low/speaker0001/qnli_question0000000056.wav,wav/low/speaker0001/qnli_sentence0000000056.wav,entailment
187,wav/low/speaker0001/qnli_question0000000044.wav,wav/low/speaker0001/qnli_sentence0000000044.wav,entailment
188,wav/low/speaker0004/qnli_question0000000390.wav,wav/low/speaker0004/qnli_sentence0000000390.wav,entailment
189,wav/low/speaker0001/qnli_question0000000875.wav,wav/low/speaker0001/qnli_sentence0000000875.wav,not_entailment
190,wav/low/speaker0004/qnli_question0000000014.wav,wav/low/speaker0004/qnli_sentence0000000014.wav,not_entailment
191,wav/low/speaker0005/qnli_question0000000502.wav,wav/low/speaker0005/qnli_sentence0000000502.wav,entailment
192,wav/low/speaker0002/qnli_question0000000028.wav,wav/low/speaker0002/qnli_sentence0000000028.wav,not_entailment
193,wav/low/speaker0003/question0000000166.wav,wav/low/speaker0003/sentence0000000166.wav,not_entailment
194,wav/low/speaker0004/qnli_question0000000273.wav,wav/low/speaker0004/qnli_sentence0000000273.wav,entailment
195,wav/low/speaker0002/qnli_question0000000112.wav,wav/low/speaker0002/qnli_sentence0000000112.wav,not_entailment
196,wav/low/speaker0005/qnli_question0000000445.wav,wav/low/speaker0005/qnli_sentence0000000445.wav,not_entailment
197,wav/low/speaker0004/qnli_question0000000034.wav,wav/low/speaker0004/qnli_sentence0000000034.wav,not_entailment
198,wav/low/speaker0005/qnli_question0000000168.wav,wav/low/speaker0005/qnli_sentence0000000168.wav,not_entailment
199,wav/low/speaker0004/qnli_question0000000610.wav,wav/low/speaker0004/qnli_sentence0000000610.wav,not_entailment
200,wav/low/speaker0004/qnli_question0000000327.wav,wav/low/speaker0004/qnli_sentence0000000327.wav,entailment
201,wav/low/speaker0003/question0000000745.wav,wav/low/speaker0003/sentence0000000745.wav,not_entailment
202,wav/low/speaker0003/question0000000168.wav,wav/low/speaker0003/sentence0000000168.wav,not_entailment
203,wav/low/speaker0005/qnli_question0000000593.wav,wav/low/speaker0005/qnli_sentence0000000593.wav,not_entailment
204,wav/low/speaker0003/question0000000180.wav,wav/low/speaker0003/sentence0000000180.wav,entailment
205,wav/low/speaker0001/qnli_question0000000274.wav,wav/low/speaker0001/qnli_sentence0000000274.wav,not_entailment
206,wav/low/speaker0002/qnli_question0000000742.wav,wav/low/speaker0002/qnli_sentence0000000742.wav,not_entailment
207,wav/low/speaker0004/qnli_question0000000045.wav,wav/low/speaker0004/qnli_sentence0000000045.wav,not_entailment
208,wav/low/speaker0003/question0000000499.wav,wav/low/speaker0003/sentence0000000499.wav,entailment
209,wav/low/speaker0001/qnli_question0000000901.wav,wav/low/speaker0001/qnli_sentence0000000901.wav,entailment
210,wav/low/speaker0002/qnli_question0000000805.wav,wav/low/speaker0002/qnli_sentence0000000805.wav,not_entailment
211,wav/low/speaker0004/qnli_question0000000180.wav,wav/low/speaker0004/qnli_sentence0000000180.wav,entailment
212,wav/low/speaker0001/qnli_question0000000019.wav,wav/low/speaker0001/qnli_sentence0000000019.wav,not_entailment
213,wav/low/speaker0005/qnli_question0000000901.wav,wav/low/speaker0005/qnli_sentence0000000901.wav,entailment
214,wav/low/speaker0001/qnli_question0000000212.wav,wav/low/speaker0001/qnli_sentence0000000212.wav,entailment
215,wav/low/speaker0003/question0000000509.wav,wav/low/speaker0003/sentence0000000509.wav,entailment
216,wav/low/speaker0002/qnli_question0000000560.wav,wav/low/speaker0002/qnli_sentence0000000560.wav,entailment
217,wav/low/speaker0003/question0000000210.wav,wav/low/speaker0003/sentence0000000210.wav,entailment
218,wav/low/speaker0005/qnli_question0000000341.wav,wav/low/speaker0005/qnli_sentence0000000341.wav,entailment
219,wav/low/speaker0005/qnli_question0000000731.wav,wav/low/speaker0005/qnli_sentence0000000731.wav,entailment
220,wav/low/speaker0004/qnli_question0000000376.wav,wav/low/speaker0004/qnli_sentence0000000376.wav,entailment
221,wav/low/speaker0004/qnli_question0000000751.wav,wav/low/speaker0004/qnli_sentence0000000751.wav,not_entailment
222,wav/low/speaker0005/qnli_question0000000597.wav,wav/low/speaker0005/qnli_sentence0000000597.wav,entailment
223,wav/low/speaker0002/qnli_question0000000031.wav,wav/low/speaker0002/qnli_sentence0000000031.wav,not_entailment
224,wav/low/speaker0004/qnli_question0000000472.wav,wav/low/speaker0004/qnli_sentence0000000472.wav,entailment
225,wav/low/speaker0004/qnli_question0000000618.wav,wav/low/speaker0004/qnli_sentence0000000618.wav,entailment
226,wav/low/speaker0001/qnli_question0000001043.wav,wav/low/speaker0001/qnli_sentence0000001043.wav,not_entailment
227,wav/low/speaker0003/question0000000376.wav,wav/low/speaker0003/sentence0000000376.wav,entailment
228,wav/low/speaker0001/qnli_question0000000007.wav,wav/low/speaker0001/qnli_sentence0000000007.wav,not_entailment
229,wav/low/speaker0004/qnli_question0000000758.wav,wav/low/speaker0004/qnli_sentence0000000758.wav,not_entailment
230,wav/low/speaker0003/question0000000805.wav,wav/low/speaker0003/sentence0000000805.wav,not_entailment
231,wav/low/speaker0004/qnli_question0000000915.wav,wav/low/speaker0004/qnli_sentence0000000915.wav,not_entailment
232,wav/low/speaker0001/qnli_question0000000091.wav,wav/low/speaker0001/qnli_sentence0000000091.wav,entailment
233,wav/low/speaker0003/question0000000895.wav,wav/low/speaker0003/sentence0000000895.wav,not_entailment
234,wav/low/speaker0001/qnli_question0000000018.wav,wav/low/speaker0001/qnli_sentence0000000018.wav,not_entailment
235,wav/low/speaker0005/qnli_question0000000040.wav,wav/low/speaker0005/qnli_sentence0000000040.wav,not_entailment
236,wav/low/speaker0004/qnli_question0000000738.wav,wav/low/speaker0004/qnli_sentence0000000738.wav,entailment
237,wav/low/speaker0001/qnli_question0000000703.wav,wav/low/speaker0001/qnli_sentence0000000703.wav,not_entailment
238,wav/low/speaker0002/qnli_question0000000127.wav,wav/low/speaker0002/qnli_sentence0000000127.wav,entailment
239,wav/low/speaker0005/qnli_question0000000464.wav,wav/low/speaker0005/qnli_sentence0000000464.wav,not_entailment
240,wav/low/speaker0002/qnli_question0000000562.wav,wav/low/speaker0002/qnli_sentence0000000562.wav,entailment
241,wav/low/speaker0002/qnli_question0000000778.wav,wav/low/speaker0002/qnli_sentence0000000778.wav,not_entailment
242,wav/low/speaker0001/qnli_question0000000084.wav,wav/low/speaker0001/qnli_sentence0000000084.wav,entailment
243,wav/low/speaker0001/qnli_question0000000669.wav,wav/low/speaker0001/qnli_sentence0000000669.wav,not_entailment
244,wav/low/speaker0002/qnli_question0000000050.wav,wav/low/speaker0002/qnli_sentence0000000050.wav,not_entailment
245,wav/low/speaker0004/qnli_question0000000895.wav,wav/low/speaker0004/qnli_sentence0000000895.wav,not_entailment
246,wav/low/speaker0001/qnli_question0000000758.wav,wav/low/speaker0001/qnli_sentence0000000758.wav,not_entailment
247,wav/low/speaker0003/question0000001102.wav,wav/low/speaker0003/sentence0000001102.wav,not_entailment
248,wav/low/speaker0005/qnli_question0000000517.wav,wav/low/speaker0005/qnli_sentence0000000517.wav,entailment
249,wav/low/speaker0004/qnli_question0000000064.wav,wav/low/speaker0004/qnli_sentence0000000064.wav,not_entailment
250,wav/low/speaker0004/qnli_question0000001064.wav,wav/low/speaker0004/qnli_sentence0000001064.wav,entailment
251,wav/low/speaker0005/qnli_question0000000091.wav,wav/low/speaker0005/qnli_sentence0000000091.wav,entailment
252,wav/low/speaker0004/qnli_question0000000210.wav,wav/low/speaker0004/qnli_sentence0000000210.wav,entailment
253,wav/low/speaker0003/question0000000341.wav,wav/low/speaker0003/sentence0000000341.wav,entailment
254,wav/low/speaker0005/qnli_question0000000758.wav,wav/low/speaker0005/qnli_sentence0000000758.wav,not_entailment
255,wav/low/speaker0002/qnli_question0000000749.wav,wav/low/speaker0002/qnli_sentence0000000749.wav,not_entailment
256,wav/low/speaker0005/qnli_question0000000331.wav,wav/low/speaker0005/qnli_sentence0000000331.wav,not_entailment
257,wav/low/speaker0005/qnli_question0000000471.wav,wav/low/speaker0005/qnli_sentence0000000471.wav,not_entailment
258,wav/low/speaker0003/question0000000471.wav,wav/low/speaker0003/sentence0000000471.wav,not_entailment
259,wav/low/speaker0005/qnli_question0000000626.wav,wav/low/speaker0005/qnli_sentence0000000626.wav,not_entailment
260,wav/low/speaker0004/qnli_question0000000791.wav,wav/low/speaker0004/qnli_sentence0000000791.wav,entailment
261,wav/low/speaker0004/qnli_question0000000560.wav,wav/low/speaker0004/qnli_sentence0000000560.wav,entailment
262,wav/low/speaker0002/qnli_question0000000597.wav,wav/low/speaker0002/qnli_sentence0000000597.wav,entailment
263,wav/low/speaker0003/question0000000034.wav,wav/low/speaker0003/sentence0000000034.wav,not_entailment
264,wav/low/speaker0004/qnli_question0000000185.wav,wav/low/speaker0004/qnli_sentence0000000185.wav,not_entailment
265,wav/low/speaker0001/qnli_question0000000445.wav,wav/low/speaker0001/qnli_sentence0000000445.wav,not_entailment
266,wav/low/speaker0003/question0000000572.wav,wav/low/speaker0003/sentence0000000572.wav,not_entailment
267,wav/low/speaker0005/qnli_question0000000965.wav,wav/low/speaker0005/qnli_sentence0000000965.wav,not_entailment
268,wav/low/speaker0001/qnli_question0000000166.wav,wav/low/speaker0001/qnli_sentence0000000166.wav,not_entailment
269,wav/low/speaker0004/qnli_question0000000056.wav,wav/low/speaker0004/qnli_sentence0000000056.wav,entailment
270,wav/low/speaker0005/qnli_question0000000915.wav,wav/low/speaker0005/qnli_sentence0000000915.wav,not_entailment
271,wav/low/speaker0002/qnli_question0000000045.wav,wav/low/speaker0002/qnli_sentence0000000045.wav,not_entailment
272,wav/low/speaker0002/qnli_question0000000912.wav,wav/low/speaker0002/qnli_sentence0000000912.wav,entailment
273,wav/low/speaker0001/qnli_question0000000502.wav,wav/low/speaker0001/qnli_sentence0000000502.wav,entailment
274,wav/low/speaker0005/qnli_question0000000572.wav,wav/low/speaker0005/qnli_sentence0000000572.wav,not_entailment
275,wav/low/speaker0002/qnli_question0000000126.wav,wav/low/speaker0002/qnli_sentence0000000126.wav,entailment
276,wav/low/speaker0001/qnli_question0000000355.wav,wav/low/speaker0001/qnli_sentence0000000355.wav,not_entailment
277,wav/low/speaker0004/qnli_question0000000158.wav,wav/low/speaker0004/qnli_sentence0000000158.wav,entailment
278,wav/low/speaker0004/qnli_question0000000229.wav,wav/low/speaker0004/qnli_sentence0000000229.wav,entailment
279,wav/low/speaker0002/qnli_question0000001102.wav,wav/low/speaker0002/qnli_sentence0000001102.wav,not_entailment
280,wav/low/speaker0004/qnli_question0000000799.wav,wav/low/speaker0004/qnli_sentence0000000799.wav,entailment
281,wav/low/speaker0002/qnli_question0000000014.wav,wav/low/speaker0002/qnli_sentence0000000014.wav,not_entailment
282,wav/low/speaker0005/qnli_question0000000203.wav,wav/low/speaker0005/qnli_sentence0000000203.wav,not_entailment
283,wav/low/speaker0003/question0000000553.wav,wav/low/speaker0003/sentence0000000553.wav,entailment
284,wav/low/speaker0003/question0000000000.wav,wav/low/speaker0003/sentence0000000000.wav,not_entailment
285,wav/low/speaker0001/qnli_question0000000229.wav,wav/low/speaker0001/qnli_sentence0000000229.wav,entailment
286,wav/low/speaker0001/qnli_question0000000482.wav,wav/low/speaker0001/qnli_sentence0000000482.wav,entailment
287,wav/low/speaker0002/qnli_question0000000373.wav,wav/low/speaker0002/qnli_sentence0000000373.wav,not_entailment
288,wav/low/speaker0003/question0000000355.wav,wav/low/speaker0003/sentence0000000355.wav,not_entailment
289,wav/low/speaker0001/qnli_question0000000737.wav,wav/low/speaker0001/qnli_sentence0000000737.wav,not_entailment
290,wav/low/speaker0003/question0000000445.wav,wav/low/speaker0003/sentence0000000445.wav,not_entailment
291,wav/low/speaker0001/qnli_question0000000464.wav,wav/low/speaker0001/qnli_sentence0000000464.wav,not_entailment
292,wav/low/speaker0002/qnli_question0000000875.wav,wav/low/speaker0002/qnli_sentence0000000875.wav,not_entailment
293,wav/low/speaker0003/question0000000742.wav,wav/low/speaker0003/sentence0000000742.wav,not_entailment
294,wav/low/speaker0004/qnli_question0000000490.wav,wav/low/speaker0004/qnli_sentence0000000490.wav,entailment
295,wav/low/speaker0001/qnli_question0000000327.wav,wav/low/speaker0001/qnli_sentence0000000327.wav,entailment
296,wav/low/speaker0002/qnli_question0000000696.wav,wav/low/speaker0002/qnli_sentence0000000696.wav,not_entailment
297,wav/low/speaker0002/qnli_question0000000090.wav,wav/low/speaker0002/qnli_sentence0000000090.wav,not_entailment
298,wav/low/speaker0001/qnli_question0000000719.wav,wav/low/speaker0001/qnli_sentence0000000719.wav,entailment
299,wav/low/speaker0002/qnli_question0000001071.wav,wav/low/speaker0002/qnli_sentence0000001071.wav,entailment
300,wav/low/speaker0004/qnli_question0000000122.wav,wav/low/speaker0004/qnli_sentence0000000122.wav,entailment
301,wav/low/speaker0005/qnli_question0000000499.wav,wav/low/speaker0005/qnli_sentence0000000499.wav,entailment
302,wav/low/speaker0005/qnli_question0000000126.wav,wav/low/speaker0005/qnli_sentence0000000126.wav,entailment
303,wav/low/speaker0001/qnli_question0000000745.wav,wav/low/speaker0001/qnli_sentence0000000745.wav,not_entailment
304,wav/low/speaker0003/question0000000345.wav,wav/low/speaker0003/sentence0000000345.wav,entailment
305,wav/low/speaker0004/qnli_question0000000696.wav,wav/low/speaker0004/qnli_sentence0000000696.wav,not_entailment
306,wav/low/speaker0004/qnli_question0000000084.wav,wav/low/speaker0004/qnli_sentence0000000084.wav,entailment
307,wav/low/speaker0003/question0000000274.wav,wav/low/speaker0003/sentence0000000274.wav,not_entailment
308,wav/low/speaker0003/question0000000758.wav,wav/low/speaker0003/sentence0000000758.wav,not_entailment
309,wav/low/speaker0002/qnli_question0000000210.wav,wav/low/speaker0002/qnli_sentence0000000210.wav,entailment
310,wav/low/speaker0001/qnli_question0000000832.wav,wav/low/speaker0001/qnli_sentence0000000832.wav,not_entailment
311,wav/low/speaker0001/qnli_question0000000050.wav,wav/low/speaker0001/qnli_sentence0000000050.wav,not_entailment
312,wav/low/speaker0003/question0000000126.wav,wav/low/speaker0003/sentence0000000126.wav,entailment
313,wav/low/speaker0001/qnli_question0000000742.wav,wav/low/speaker0001/qnli_sentence0000000742.wav,not_entailment
314,wav/low/speaker0003/question0000000127.wav,wav/low/speaker0003/sentence0000000127.wav,entailment
315,wav/low/speaker0001/qnli_question0000000273.wav,wav/low/speaker0001/qnli_sentence0000000273.wav,entailment
316,wav/low/speaker0003/question0000000525.wav,wav/low/speaker0003/sentence0000000525.wav,not_entailment
317,wav/low/speaker0003/question0000000185.wav,wav/low/speaker0003/sentence0000000185.wav,not_entailment
318,wav/low/speaker0003/question0000000560.wav,wav/low/speaker0003/sentence0000000560.wav,entailment
319,wav/low/speaker0004/qnli_question0000001202.wav,wav/low/speaker0004/qnli_sentence0000001202.wav,entailment
320,wav/low/speaker0004/qnli_question0000000749.wav,wav/low/speaker0004/qnli_sentence0000000749.wav,not_entailment
321,wav/low/speaker0002/qnli_question0000001043.wav,wav/low/speaker0002/qnli_sentence0000001043.wav,not_entailment
322,wav/low/speaker0002/qnli_question0000000345.wav,wav/low/speaker0002/qnli_sentence0000000345.wav,entailment
323,wav/low/speaker0003/question0000000532.wav,wav/low/speaker0003/sentence0000000532.wav,not_entailment
324,wav/low/speaker0005/qnli_question0000000007.wav,wav/low/speaker0005/qnli_sentence0000000007.wav,not_entailment
325,wav/low/speaker0003/question0000000897.wav,wav/low/speaker0003/sentence0000000897.wav,not_entailment
326,wav/low/speaker0005/qnli_question0000000738.wav,wav/low/speaker0005/qnli_sentence0000000738.wav,entailment
327,wav/low/speaker0005/qnli_question0000000090.wav,wav/low/speaker0005/qnli_sentence0000000090.wav,not_entailment
328,wav/low/speaker0005/qnli_question0000000573.wav,wav/low/speaker0005/qnli_sentence0000000573.wav,not_entailment
329,wav/low/speaker0005/qnli_question0000000373.wav,wav/low/speaker0005/qnli_sentence0000000373.wav,not_entailment
330,wav/low/speaker0004/qnli_question0000000759.wav,wav/low/speaker0004/qnli_sentence0000000759.wav,not_entailment
331,wav/low/speaker0003/question0000001027.wav,wav/low/speaker0003/sentence0000001027.wav,not_entailment
332,wav/low/speaker0005/qnli_question0000000850.wav,wav/low/speaker0005/qnli_sentence0000000850.wav,entailment
333,wav/low/speaker0005/qnli_question0000000509.wav,wav/low/speaker0005/qnli_sentence0000000509.wav,entailment
334,wav/low/speaker0003/question0000000497.wav,wav/low/speaker0003/sentence0000000497.wav,entailment
335,wav/low/speaker0005/qnli_question0000001068.wav,wav/low/speaker0005/qnli_sentence0000001068.wav,not_entailment
336,wav/low/speaker0005/qnli_question0000000820.wav,wav/low/speaker0005/qnli_sentence0000000820.wav,not_entailment
337,wav/low/speaker0005/qnli_question0000000000.wav,wav/low/speaker0005/qnli_sentence0000000000.wav,not_entailment
338,wav/low/speaker0003/question0000000327.wav,wav/low/speaker0003/sentence0000000327.wav,entailment
339,wav/low/speaker0004/qnli_question0000000709.wav,wav/low/speaker0004/qnli_sentence0000000709.wav,entailment
340,wav/low/speaker0004/qnli_question0000000283.wav,wav/low/speaker0004/qnli_sentence0000000283.wav,entailment
341,wav/low/speaker0002/qnli_question0000000482.wav,wav/low/speaker0002/qnli_sentence0000000482.wav,entailment
342,wav/low/speaker0002/qnli_question0000000572.wav,wav/low/speaker0002/qnli_sentence0000000572.wav,not_entailment
343,wav/low/speaker0003/question0000000810.wav,wav/low/speaker0003/sentence0000000810.wav,not_entailment
344,wav/low/speaker0001/qnli_question0000000499.wav,wav/low/speaker0001/qnli_sentence0000000499.wav,entailment
345,wav/low/speaker0005/qnli_question0000000762.wav,wav/low/speaker0005/qnli_sentence0000000762.wav,not_entailment
346,wav/low/speaker0005/qnli_question0000001043.wav,wav/low/speaker0005/qnli_sentence0000001043.wav,not_entailment
347,wav/low/speaker0005/qnli_question0000000122.wav,wav/low/speaker0005/qnli_sentence0000000122.wav,entailment
348,wav/low/speaker0004/qnli_question0000000902.wav,wav/low/speaker0004/qnli_sentence0000000902.wav,entailment
349,wav/low/speaker0002/qnli_question0000000745.wav,wav/low/speaker0002/qnli_sentence0000000745.wav,not_entailment
350,wav/low/speaker0005/qnli_question0000000749.wav,wav/low/speaker0005/qnli_sentence0000000749.wav,not_entailment
351,wav/low/speaker0003/question0000000078.wav,wav/low/speaker0003/sentence0000000078.wav,entailment
352,wav/low/speaker0003/question0000000019.wav,wav/low/speaker0003/sentence0000000019.wav,not_entailment
353,wav/low/speaker0003/question0000000875.wav,wav/low/speaker0003/sentence0000000875.wav,not_entailment
354,wav/low/speaker0005/qnli_question0000001071.wav,wav/low/speaker0005/qnli_sentence0000001071.wav,entailment
355,wav/low/speaker0002/qnli_question0000000588.wav,wav/low/speaker0002/qnli_sentence0000000588.wav,entailment
356,wav/low/speaker0003/question0000000618.wav,wav/low/speaker0003/sentence0000000618.wav,entailment
357,wav/low/speaker0003/question0000000390.wav,wav/low/speaker0003/sentence0000000390.wav,entailment
358,wav/low/speaker0002/qnli_question0000001205.wav,wav/low/speaker0002/qnli_sentence0000001205.wav,not_entailment
359,wav/low/speaker0004/qnli_question0000000762.wav,wav/low/speaker0004/qnli_sentence0000000762.wav,not_entailment
360,wav/low/speaker0005/qnli_question0000000234.wav,wav/low/speaker0005/qnli_sentence0000000234.wav,entailment
361,wav/low/speaker0002/qnli_question0000000443.wav,wav/low/speaker0002/qnli_sentence0000000443.wav,entailment
362,wav/low/speaker0004/qnli_question0000000044.wav,wav/low/speaker0004/qnli_sentence0000000044.wav,entailment
363,wav/low/speaker0005/qnli_question0000000390.wav,wav/low/speaker0005/qnli_sentence0000000390.wav,entailment
364,wav/low/speaker0005/qnli_question0000000212.wav,wav/low/speaker0005/qnli_sentence0000000212.wav,entailment
365,wav/low/speaker0005/qnli_question0000000059.wav,wav/low/speaker0005/qnli_sentence0000000059.wav,not_entailment
366,wav/low/speaker0002/qnli_question0000000327.wav,wav/low/speaker0002/qnli_sentence0000000327.wav,entailment
367,wav/low/speaker0002/qnli_question0000000202.wav,wav/low/speaker0002/qnli_sentence0000000202.wav,entailment
368,wav/low/speaker0002/qnli_question0000000390.wav,wav/low/speaker0002/qnli_sentence0000000390.wav,entailment
369,wav/low/speaker0004/qnli_question0000000867.wav,wav/low/speaker0004/qnli_sentence0000000867.wav,not_entailment
370,wav/low/speaker0004/qnli_question0000000832.wav,wav/low/speaker0004/qnli_sentence0000000832.wav,not_entailment
371,wav/low/speaker0003/question0000000610.wav,wav/low/speaker0003/sentence0000000610.wav,not_entailment
372,wav/low/speaker0002/qnli_question0000000212.wav,wav/low/speaker0002/qnli_sentence0000000212.wav,entailment
373,wav/low/speaker0004/qnli_question0000000742.wav,wav/low/speaker0004/qnli_sentence0000000742.wav,not_entailment
374,wav/low/speaker0004/qnli_question0000000820.wav,wav/low/speaker0004/qnli_sentence0000000820.wav,not_entailment
375,wav/low/speaker0004/qnli_question0000001205.wav,wav/low/speaker0004/qnli_sentence0000001205.wav,not_entailment
376,wav/low/speaker0004/qnli_question0000000415.wav,wav/low/speaker0004/qnli_sentence0000000415.wav,not_entailment
377,wav/low/speaker0002/qnli_question0000000985.wav,wav/low/speaker0002/qnli_sentence0000000985.wav,not_entailment
378,wav/low/speaker0001/qnli_question0000000525.wav,wav/low/speaker0001/qnli_sentence0000000525.wav,not_entailment
379,wav/low/speaker0001/qnli_question0000000262.wav,wav/low/speaker0001/qnli_sentence0000000262.wav,entailment
380,wav/low/speaker0002/qnli_question0000000078.wav,wav/low/speaker0002/qnli_sentence0000000078.wav,entailment
381,wav/low/speaker0003/question0000000696.wav,wav/low/speaker0003/sentence0000000696.wav,not_entailment
382,wav/low/speaker0005/qnli_question0000000610.wav,wav/low/speaker0005/qnli_sentence0000000610.wav,not_entailment
383,wav/low/speaker0003/question0000000719.wav,wav/low/speaker0003/sentence0000000719.wav,entailment
384,wav/low/speaker0003/question0000000146.wav,wav/low/speaker0003/sentence0000000146.wav,not_entailment
385,wav/low/speaker0005/qnli_question0000000497.wav,wav/low/speaker0005/qnli_sentence0000000497.wav,entailment
386,wav/low/speaker0002/qnli_question0000000758.wav,wav/low/speaker0002/qnli_sentence0000000758.wav,not_entailment
387,wav/low/speaker0004/qnli_question0000000848.wav,wav/low/speaker0004/qnli_sentence0000000848.wav,entailment
388,wav/low/speaker0002/qnli_question0000000719.wav,wav/low/speaker0002/qnli_sentence0000000719.wav,entailment
389,wav/low/speaker0002/qnli_question0000000593.wav,wav/low/speaker0002/qnli_sentence0000000593.wav,not_entailment
390,wav/low/speaker0003/question0000000482.wav,wav/low/speaker0003/sentence0000000482.wav,entailment
391,wav/low/speaker0005/qnli_question0000000985.wav,wav/low/speaker0005/qnli_sentence0000000985.wav,not_entailment
392,wav/low/speaker0004/qnli_question0000000234.wav,wav/low/speaker0004/qnli_sentence0000000234.wav,entailment
393,wav/low/speaker0004/qnli_question0000000445.wav,wav/low/speaker0004/qnli_sentence0000000445.wav,not_entailment
394,wav/low/speaker0004/qnli_question0000000093.wav,wav/low/speaker0004/qnli_sentence0000000093.wav,entailment
395,wav/low/speaker0002/qnli_question0000000895.wav,wav/low/speaker0002/qnli_sentence0000000895.wav,not_entailment
396,wav/low/speaker0004/qnli_question0000000341.wav,wav/low/speaker0004/qnli_sentence0000000341.wav,entailment
397,wav/low/speaker0003/question0000000820.wav,wav/low/speaker0003/sentence0000000820.wav,not_entailment
398,wav/low/speaker0005/qnli_question0000000997.wav,wav/low/speaker0005/qnli_sentence0000000997.wav,not_entailment
399,wav/low/speaker0005/qnli_question0000000146.wav,wav/low/speaker0005/qnli_sentence0000000146.wav,not_entailment
400,wav/low/speaker0001/qnli_question0000000064.wav,wav/low/speaker0001/qnli_sentence0000000064.wav,not_entailment
401,wav/low/speaker0001/qnli_question0000000168.wav,wav/low/speaker0001/qnli_sentence0000000168.wav,not_entailment
402,wav/low/speaker0003/question0000000122.wav,wav/low/speaker0003/sentence0000000122.wav,entailment
403,wav/low/speaker0003/question0000000597.wav,wav/low/speaker0003/sentence0000000597.wav,entailment
404,wav/low/speaker0001/qnli_question0000000448.wav,wav/low/speaker0001/qnli_sentence0000000448.wav,entailment
405,wav/low/speaker0005/qnli_question0000000185.wav,wav/low/speaker0005/qnli_sentence0000000185.wav,not_entailment
406,wav/low/speaker0001/qnli_question0000000835.wav,wav/low/speaker0001/qnli_sentence0000000835.wav,entailment
407,wav/low/speaker0004/qnli_question0000000985.wav,wav/low/speaker0004/qnli_sentence0000000985.wav,not_entailment
408,wav/low/speaker0002/qnli_question0000000091.wav,wav/low/speaker0002/qnli_sentence0000000091.wav,entailment
409,wav/low/speaker0004/qnli_question0000000499.wav,wav/low/speaker0004/qnli_sentence0000000499.wav,entailment
410,wav/low/speaker0004/qnli_question0000000593.wav,wav/low/speaker0004/qnli_sentence0000000593.wav,not_entailment
411,wav/low/speaker0002/qnli_question0000000180.wav,wav/low/speaker0002/qnli_sentence0000000180.wav,entailment
412,wav/low/speaker0003/question0000000202.wav,wav/low/speaker0003/sentence0000000202.wav,entailment
413,wav/low/speaker0003/question0000000791.wav,wav/low/speaker0003/sentence0000000791.wav,entailment
414,wav/low/speaker0002/qnli_question0000000867.wav,wav/low/speaker0002/qnli_sentence0000000867.wav,not_entailment
415,wav/low/speaker0001/qnli_question0000000490.wav,wav/low/speaker0001/qnli_sentence0000000490.wav,entailment
416,wav/low/speaker0004/qnli_question0000000835.wav,wav/low/speaker0004/qnli_sentence0000000835.wav,entailment
417,wav/low/speaker0001/qnli_question0000000442.wav,wav/low/speaker0001/qnli_sentence0000000442.wav,entailment
418,wav/low/speaker0005/qnli_question0000000562.wav,wav/low/speaker0005/qnli_sentence0000000562.wav,entailment
419,wav/low/speaker0005/qnli_question0000000669.wav,wav/low/speaker0005/qnli_sentence0000000669.wav,not_entailment
420,wav/low/speaker0003/question0000000059.wav,wav/low/speaker0003/sentence0000000059.wav,not_entailment
421,wav/low/speaker0005/qnli_question0000000306.wav,wav/low/speaker0005/qnli_sentence0000000306.wav,not_entailment
422,wav/low/speaker0004/qnli_question0000000040.wav,wav/low/speaker0004/qnli_sentence0000000040.wav,not_entailment
423,wav/low/speaker0004/qnli_question0000000517.wav,wav/low/speaker0004/qnli_sentence0000000517.wav,entailment
424,wav/low/speaker0002/qnli_question0000000448.wav,wav/low/speaker0002/qnli_sentence0000000448.wav,entailment
425,wav/low/speaker0003/question0000000571.wav,wav/low/speaker0003/sentence0000000571.wav,entailment
426,wav/low/speaker0002/qnli_question0000000669.wav,wav/low/speaker0002/qnli_sentence0000000669.wav,not_entailment
427,wav/low/speaker0005/qnli_question0000000210.wav,wav/low/speaker0005/qnli_sentence0000000210.wav,entailment
428,wav/low/speaker0001/qnli_question0000000000.wav,wav/low/speaker0001/qnli_sentence0000000000.wav,not_entailment
429,wav/low/speaker0002/qnli_question0000000044.wav,wav/low/speaker0002/qnli_sentence0000000044.wav,entailment
430,wav/low/speaker0001/qnli_question0000000791.wav,wav/low/speaker0001/qnli_sentence0000000791.wav,entailment
431,wav/low/speaker0001/qnli_question0000000867.wav,wav/low/speaker0001/qnli_sentence0000000867.wav,not_entailment
432,wav/low/speaker0004/qnli_question0000000059.wav,wav/low/speaker0004/qnli_sentence0000000059.wav,not_entailment
433,wav/low/speaker0005/qnli_question0000000848.wav,wav/low/speaker0005/qnli_sentence0000000848.wav,entailment
434,wav/low/speaker0001/qnli_question0000000093.wav,wav/low/speaker0001/qnli_sentence0000000093.wav,entailment
435,wav/low/speaker0001/qnli_question0000000808.wav,wav/low/speaker0001/qnli_sentence0000000808.wav,not_entailment
436,wav/low/speaker0002/qnli_question0000000703.wav,wav/low/speaker0002/qnli_sentence0000000703.wav,not_entailment
437,wav/low/speaker0003/question0000000626.wav,wav/low/speaker0003/sentence0000000626.wav,not_entailment
438,wav/low/speaker0004/qnli_question0000000965.wav,wav/low/speaker0004/qnli_sentence0000000965.wav,not_entailment
439,wav/low/speaker0003/question0000001068.wav,wav/low/speaker0003/sentence0000001068.wav,not_entailment
440,wav/low/speaker0005/qnli_question0000000496.wav,wav/low/speaker0005/qnli_sentence0000000496.wav,entailment
441,wav/low/speaker0002/qnli_question0000001027.wav,wav/low/speaker0002/qnli_sentence0000001027.wav,not_entailment
442,wav/low/speaker0005/qnli_question0000000448.wav,wav/low/speaker0005/qnli_sentence0000000448.wav,entailment
443,wav/low/speaker0001/qnli_question0000000040.wav,wav/low/speaker0001/qnli_sentence0000000040.wav,not_entailment
444,wav/low/speaker0002/qnli_question0000000618.wav,wav/low/speaker0002/qnli_sentence0000000618.wav,entailment
445,wav/low/speaker0003/question0000000496.wav,wav/low/speaker0003/sentence0000000496.wav,entailment
446,wav/low/speaker0003/question0000001203.wav,wav/low/speaker0003/sentence0000001203.wav,entailment
447,wav/low/speaker0005/qnli_question0000000808.wav,wav/low/speaker0005/qnli_sentence0000000808.wav,not_entailment
448,wav/low/speaker0001/qnli_question0000001111.wav,wav/low/speaker0001/qnli_sentence0000001111.wav,entailment
449,wav/low/speaker0002/qnli_question0000000000.wav,wav/low/speaker0002/qnli_sentence0000000000.wav,not_entailment
450,wav/low/speaker0004/qnli_question0000000018.wav,wav/low/speaker0004/qnli_sentence0000000018.wav,not_entailment
451,wav/low/speaker0001/qnli_question0000000696.wav,wav/low/speaker0001/qnli_sentence0000000696.wav,not_entailment
452,wav/low/speaker0002/qnli_question0000000280.wav,wav/low/speaker0002/qnli_sentence0000000280.wav,entailment
453,wav/low/speaker0003/question0000000280.wav,wav/low/speaker0003/sentence0000000280.wav,entailment
454,wav/low/speaker0002/qnli_question0000000064.wav,wav/low/speaker0002/qnli_sentence0000000064.wav,not_entailment
455,wav/low/speaker0001/qnli_question0000000573.wav,wav/low/speaker0001/qnli_sentence0000000573.wav,not_entailment
456,wav/low/speaker0001/qnli_question0000000820.wav,wav/low/speaker0001/qnli_sentence0000000820.wav,not_entailment
457,wav/low/speaker0001/qnli_question0000000034.wav,wav/low/speaker0001/qnli_sentence0000000034.wav,not_entailment
458,wav/low/speaker0003/question0000000799.wav,wav/low/speaker0003/sentence0000000799.wav,entailment
459,wav/low/speaker0003/question0000001064.wav,wav/low/speaker0003/sentence0000001064.wav,entailment
460,wav/low/speaker0005/qnli_question0000000778.wav,wav/low/speaker0005/qnli_sentence0000000778.wav,not_entailment
461,wav/low/speaker0005/qnli_question0000000897.wav,wav/low/speaker0005/qnli_sentence0000000897.wav,not_entailment
462,wav/low/speaker0002/qnli_question0000000835.wav,wav/low/speaker0002/qnli_sentence0000000835.wav,entailment
463,wav/low/speaker0004/qnli_question0000000912.wav,wav/low/speaker0004/qnli_sentence0000000912.wav,entailment
464,wav/low/speaker0002/qnli_question0000000731.wav,wav/low/speaker0002/qnli_sentence0000000731.wav,entailment
465,wav/low/speaker0003/question0000000217.wav,wav/low/speaker0003/sentence0000000217.wav,entailment
466,wav/low/speaker0002/qnli_question0000000374.wav,wav/low/speaker0002/qnli_sentence0000000374.wav,entailment
467,wav/low/speaker0005/qnli_question0000001202.wav,wav/low/speaker0005/qnli_sentence0000001202.wav,entailment
468,wav/low/speaker0004/qnli_question0000000339.wav,wav/low/speaker0004/qnli_sentence0000000339.wav,entailment
469,wav/low/speaker0002/qnli_question0000000431.wav,wav/low/speaker0002/qnli_sentence0000000431.wav,entailment
470,wav/low/speaker0004/qnli_question0000000897.wav,wav/low/speaker0004/qnli_sentence0000000897.wav,not_entailment
471,wav/low/speaker0001/qnli_question0000000481.wav,wav/low/speaker0001/qnli_sentence0000000481.wav,entailment
472,wav/low/speaker0003/question0000000150.wav,wav/low/speaker0003/sentence0000000150.wav,entailment
473,wav/low/speaker0002/qnli_question0000000579.wav,wav/low/speaker0002/qnli_sentence0000000579.wav,not_entailment
474,wav/low/speaker0002/qnli_question0000000273.wav,wav/low/speaker0002/qnli_sentence0000000273.wav,entailment
475,wav/low/speaker0003/question0000000415.wav,wav/low/speaker0003/sentence0000000415.wav,not_entailment
476,wav/low/speaker0002/qnli_question0000000528.wav,wav/low/speaker0002/qnli_sentence0000000528.wav,entailment
477,wav/low/speaker0001/qnli_question0000000014.wav,wav/low/speaker0001/qnli_sentence0000000014.wav,not_entailment
478,wav/low/speaker0002/qnli_question0000000626.wav,wav/low/speaker0002/qnli_sentence0000000626.wav,not_entailment
479,wav/low/speaker0004/qnli_question0000000496.wav,wav/low/speaker0004/qnli_sentence0000000496.wav,entailment
480,wav/low/speaker0005/qnli_question0000000345.wav,wav/low/speaker0005/qnli_sentence0000000345.wav,entailment
481,wav/low/speaker0003/question0000000339.wav,wav/low/speaker0003/sentence0000000339.wav,entailment
482,wav/low/speaker0005/qnli_question0000000112.wav,wav/low/speaker0005/qnli_sentence0000000112.wav,not_entailment
483,wav/low/speaker0001/qnli_question0000000185.wav,wav/low/speaker0001/qnli_sentence0000000185.wav,not_entailment
484,wav/low/speaker0002/qnli_question0000000274.wav,wav/low/speaker0002/qnli_sentence0000000274.wav,not_entailment
485,wav/low/speaker0003/question0000000357.wav,wav/low/speaker0003/sentence0000000357.wav,not_entailment
486,wav/low/speaker0004/qnli_question0000000737.wav,wav/low/speaker0004/qnli_sentence0000000737.wav,not_entailment
487,wav/low/speaker0004/qnli_question0000000745.wav,wav/low/speaker0004/qnli_sentence0000000745.wav,not_entailment
488,wav/low/speaker0002/qnli_question0000000762.wav,wav/low/speaker0002/qnli_sentence0000000762.wav,not_entailment
489,wav/low/speaker0001/qnli_question0000000028.wav,wav/low/speaker0001/qnli_sentence0000000028.wav,not_entailment
490,wav/low/speaker0002/qnli_question0000000573.wav,wav/low/speaker0002/qnli_sentence0000000573.wav,not_entailment
491,wav/low/speaker0005/qnli_question0000000273.wav,wav/low/speaker0005/qnli_sentence0000000273.wav,entailment
492,wav/low/speaker0005/qnli_question0000000443.wav,wav/low/speaker0005/qnli_sentence0000000443.wav,entailment
493,wav/low/speaker0002/qnli_question0000000193.wav,wav/low/speaker0002/qnli_sentence0000000193.wav,entailment
494,wav/low/speaker0001/qnli_question0000000341.wav,wav/low/speaker0001/qnli_sentence0000000341.wav,entailment
495,wav/low/speaker0005/qnli_question0000000357.wav,wav/low/speaker0005/qnli_sentence0000000357.wav,not_entailment
496,wav/low/speaker0003/question0000000737.wav,wav/low/speaker0003/sentence0000000737.wav,not_entailment
497,wav/low/speaker0004/qnli_question0000000150.wav,wav/low/speaker0004/qnli_sentence0000000150.wav,entailment
498,wav/low/speaker0005/qnli_question0000000490.wav,wav/low/speaker0005/qnli_sentence0000000490.wav,entailment
499,wav/low/speaker0005/qnli_question0000000745.wav,wav/low/speaker0005/qnli_sentence0000000745.wav,not_entailment
500,wav/low/speaker0004/qnli_question0000000195.wav,wav/low/speaker0004/qnli_sentence0000000195.wav,not_entailment
501,wav/low/speaker0005/qnli_question0000000751.wav,wav/low/speaker0005/qnli_sentence0000000751.wav,not_entailment
502,wav/low/speaker0002/qnli_question0000000965.wav,wav/low/speaker0002/qnli_sentence0000000965.wav,not_entailment
503,wav/low/speaker0003/question0000000431.wav,wav/low/speaker0003/sentence0000000431.wav,entailment
504,wav/low/speaker0002/qnli_question0000000007.wav,wav/low/speaker0002/qnli_sentence0000000007.wav,not_entailment
505,wav/low/speaker0002/qnli_question0000000571.wav,wav/low/speaker0002/qnli_sentence0000000571.wav,entailment
506,wav/low/speaker0002/qnli_question0000000234.wav,wav/low/speaker0002/qnli_sentence0000000234.wav,entailment
507,wav/low/speaker0002/qnli_question0000000850.wav,wav/low/speaker0002/qnli_sentence0000000850.wav,entailment
508,wav/low/speaker0002/qnli_question0000000331.wav,wav/low/speaker0002/qnli_sentence0000000331.wav,not_entailment
509,wav/low/speaker0005/qnli_question0000000742.wav,wav/low/speaker0005/qnli_sentence0000000742.wav,not_entailment
510,wav/low/speaker0001/qnli_question0000000203.wav,wav/low/speaker0001/qnli_sentence0000000203.wav,not_entailment
511,wav/low/speaker0001/qnli_question0000001064.wav,wav/low/speaker0001/qnli_sentence0000001064.wav,entailment
512,wav/low/speaker0005/qnli_question0000000229.wav,wav/low/speaker0005/qnli_sentence0000000229.wav,entailment
513,wav/low/speaker0001/qnli_question0000000778.wav,wav/low/speaker0001/qnli_sentence0000000778.wav,not_entailment
514,wav/low/speaker0005/qnli_question0000000867.wav,wav/low/speaker0005/qnli_sentence0000000867.wav,not_entailment
515,wav/low/speaker0004/qnli_question0000000191.wav,wav/low/speaker0004/qnli_sentence0000000191.wav,not_entailment
516,wav/low/speaker0002/qnli_question0000000355.wav,wav/low/speaker0002/qnli_sentence0000000355.wav,not_entailment
517,wav/low/speaker0002/qnli_question0000000499.wav,wav/low/speaker0002/qnli_sentence0000000499.wav,entailment
518,wav/low/speaker0003/question0000000234.wav,wav/low/speaker0003/sentence0000000234.wav,entailment
519,wav/low/speaker0001/qnli_question0000000234.wav,wav/low/speaker0001/qnli_sentence0000000234.wav,entailment
520,wav/low/speaker0004/qnli_question0000000442.wav,wav/low/speaker0004/qnli_sentence0000000442.wav,entailment
521,wav/low/speaker0005/qnli_question0000000150.wav,wav/low/speaker0005/qnli_sentence0000000150.wav,entailment
522,wav/low/speaker0001/qnli_question0000000588.wav,wav/low/speaker0001/qnli_sentence0000000588.wav,entailment
523,wav/low/speaker0004/qnli_question0000000553.wav,wav/low/speaker0004/qnli_sentence0000000553.wav,entailment
524,wav/low/speaker0004/qnli_question0000001043.wav,wav/low/speaker0004/qnli_sentence0000001043.wav,not_entailment
525,wav/low/speaker0004/qnli_question0000000579.wav,wav/low/speaker0004/qnli_sentence0000000579.wav,not_entailment
526,wav/low/speaker0001/qnli_question0000000150.wav,wav/low/speaker0001/qnli_sentence0000000150.wav,entailment
527,wav/low/speaker0003/question0000000731.wav,wav/low/speaker0003/sentence0000000731.wav,entailment
528,wav/low/speaker0001/qnli_question0000000958.wav,wav/low/speaker0001/qnli_sentence0000000958.wav,not_entailment
529,wav/low/speaker0002/qnli_question0000000185.wav,wav/low/speaker0002/qnli_sentence0000000185.wav,not_entailment
530,wav/low/speaker0005/qnli_question0000000191.wav,wav/low/speaker0005/qnli_sentence0000000191.wav,not_entailment
531,wav/low/speaker0003/question0000000031.wav,wav/low/speaker0003/sentence0000000031.wav,not_entailment
532,wav/low/speaker0005/qnli_question0000000719.wav,wav/low/speaker0005/qnli_sentence0000000719.wav,entailment
533,wav/low/speaker0001/qnli_question0000000390.wav,wav/low/speaker0001/qnli_sentence0000000390.wav,entailment
534,wav/low/speaker0001/qnli_question0000000331.wav,wav/low/speaker0001/qnli_sentence0000000331.wav,not_entailment
535,wav/low/speaker0001/qnli_question0000000969.wav,wav/low/speaker0001/qnli_sentence0000000969.wav,entailment
536,wav/low/speaker0001/qnli_question0000000193.wav,wav/low/speaker0001/qnli_sentence0000000193.wav,entailment
537,wav/low/speaker0005/qnli_question0000001027.wav,wav/low/speaker0005/qnli_sentence0000001027.wav,not_entailment
538,wav/low/speaker0002/qnli_question0000000897.wav,wav/low/speaker0002/qnli_sentence0000000897.wav,not_entailment
539,wav/low/speaker0001/qnli_question0000000443.wav,wav/low/speaker0001/qnli_sentence0000000443.wav,entailment
540,wav/low/speaker0004/qnli_question0000000703.wav,wav/low/speaker0004/qnli_sentence0000000703.wav,not_entailment
541,wav/low/speaker0002/qnli_question0000001068.wav,wav/low/speaker0002/qnli_sentence0000001068.wav,not_entailment
542,wav/low/speaker0001/qnli_question0000000210.wav,wav/low/speaker0001/qnli_sentence0000000210.wav,entailment
543,wav/low/speaker0003/question0000000997.wav,wav/low/speaker0003/sentence0000000997.wav,not_entailment
544,wav/low/speaker0001/qnli_question0000001205.wav,wav/low/speaker0001/qnli_sentence0000001205.wav,not_entailment
545,wav/low/speaker0002/qnli_question0000000464.wav,wav/low/speaker0002/qnli_sentence0000000464.wav,not_entailment
546,wav/low/speaker0005/qnli_question0000000193.wav,wav/low/speaker0005/qnli_sentence0000000193.wav,entailment
547,wav/low/speaker0005/qnli_question0000000031.wav,wav/low/speaker0005/qnli_sentence0000000031.wav,not_entailment
548,wav/low/speaker0001/qnli_question0000001068.wav,wav/low/speaker0001/qnli_sentence0000001068.wav,not_entailment
549,wav/low/speaker0004/qnli_question0000000719.wav,wav/low/speaker0004/qnli_sentence0000000719.wav,entailment
550,wav/low/speaker0003/question0000000835.wav,wav/low/speaker0003/sentence0000000835.wav,entailment
551,wav/low/speaker0002/qnli_question0000000376.wav,wav/low/speaker0002/qnli_sentence0000000376.wav,entailment
552,wav/low/speaker0004/qnli_question0000000280.wav,wav/low/speaker0004/qnli_sentence0000000280.wav,entailment
553,wav/low/speaker0004/qnli_question0000001027.wav,wav/low/speaker0004/qnli_sentence0000001027.wav,not_entailment
554,wav/low/speaker0004/qnli_question0000000464.wav,wav/low/speaker0004/qnli_sentence0000000464.wav,not_entailment
555,wav/low/speaker0005/qnli_question0000000571.wav,wav/low/speaker0005/qnli_sentence0000000571.wav,entailment
556,wav/low/speaker0003/question0000000958.wav,wav/low/speaker0003/sentence0000000958.wav,not_entailment
557,wav/low/speaker0001/qnli_question0000000751.wav,wav/low/speaker0001/qnli_sentence0000000751.wav,not_entailment
558,wav/low/speaker0003/question0000000738.wav,wav/low/speaker0003/sentence0000000738.wav,entailment
559,wav/low/speaker0003/question0000000193.wav,wav/low/speaker0003/sentence0000000193.wav,entailment
560,wav/low/speaker0002/qnli_question0000000525.wav,wav/low/speaker0002/qnli_sentence0000000525.wav,not_entailment
561,wav/low/speaker0002/qnli_question0000000019.wav,wav/low/speaker0002/qnli_sentence0000000019.wav,not_entailment
562,wav/low/speaker0004/qnli_question0000000373.wav,wav/low/speaker0004/qnli_sentence0000000373.wav,not_entailment
563,wav/low/speaker0005/qnli_question0000001111.wav,wav/low/speaker0005/qnli_sentence0000001111.wav,entailment
564,wav/low/speaker0002/qnli_question0000000481.wav,wav/low/speaker0002/qnli_sentence0000000481.wav,entailment
565,wav/low/speaker0005/qnli_question0000000028.wav,wav/low/speaker0005/qnli_sentence0000000028.wav,not_entailment
566,wav/low/speaker0005/qnli_question0000000525.wav,wav/low/speaker0005/qnli_sentence0000000525.wav,not_entailment
567,wav/low/speaker0004/qnli_question0000000274.wav,wav/low/speaker0004/qnli_sentence0000000274.wav,not_entailment
568,wav/low/speaker0001/qnli_question0000000810.wav,wav/low/speaker0001/qnli_sentence0000000810.wav,not_entailment
569,wav/low/speaker0004/qnli_question0000000805.wav,wav/low/speaker0004/qnli_sentence0000000805.wav,not_entailment
570,wav/low/speaker0003/question0000000090.wav,wav/low/speaker0003/sentence0000000090.wav,not_entailment
571,wav/low/speaker0003/question0000000050.wav,wav/low/speaker0003/sentence0000000050.wav,not_entailment
572,wav/low/speaker0001/qnli_question0000000280.wav,wav/low/speaker0001/qnli_sentence0000000280.wav,entailment
573,wav/low/speaker0001/qnli_question0000000059.wav,wav/low/speaker0001/qnli_sentence0000000059.wav,not_entailment
574,wav/low/speaker0004/qnli_question0000000146.wav,wav/low/speaker0004/qnli_sentence0000000146.wav,not_entailment
575,wav/low/speaker0001/qnli_question0000000373.wav,wav/low/speaker0001/qnli_sentence0000000373.wav,not_entailment
576,wav/low/speaker0004/qnli_question0000000872.wav,wav/low/speaker0004/qnli_sentence0000000872.wav,entailment
577,wav/low/speaker0003/question0000000443.wav,wav/low/speaker0003/sentence0000000443.wav,entailment
578,wav/low/speaker0005/qnli_question0000000832.wav,wav/low/speaker0005/qnli_sentence0000000832.wav,not_entailment
579,wav/low/speaker0003/question0000000915.wav,wav/low/speaker0003/sentence0000000915.wav,not_entailment
580,wav/low/speaker0005/qnli_question0000000872.wav,wav/low/speaker0005/qnli_sentence0000000872.wav,entailment
581,wav/low/speaker0001/qnli_question0000000850.wav,wav/low/speaker0001/qnli_sentence0000000850.wav,entailment
582,wav/low/speaker0005/qnli_question0000000034.wav,wav/low/speaker0005/qnli_sentence0000000034.wav,not_entailment
583,wav/low/speaker0002/qnli_question0000000306.wav,wav/low/speaker0002/qnli_sentence0000000306.wav,not_entailment
584,wav/low/speaker0003/question0000000593.wav,wav/low/speaker0003/sentence0000000593.wav,not_entailment
585,wav/low/speaker0003/question0000000808.wav,wav/low/speaker0003/sentence0000000808.wav,not_entailment
586,wav/low/speaker0001/qnli_question0000001071.wav,wav/low/speaker0001/qnli_sentence0000001071.wav,entailment
587,wav/low/speaker0001/qnli_question0000000122.wav,wav/low/speaker0001/qnli_sentence0000000122.wav,entailment
588,wav/low/speaker0002/qnli_question0000000018.wav,wav/low/speaker0002/qnli_sentence0000000018.wav,not_entailment
589,wav/low/speaker0003/question0000000212.wav,wav/low/speaker0003/sentence0000000212.wav,entailment
590,wav/low/speaker0002/qnli_question0000000158.wav,wav/low/speaker0002/qnli_sentence0000000158.wav,entailment
591,wav/low/speaker0001/qnli_question0000000610.wav,wav/low/speaker0001/qnli_sentence0000000610.wav,not_entailment
592,wav/low/speaker0001/qnli_question0000000593.wav,wav/low/speaker0001/qnli_sentence0000000593.wav,not_entailment
593,wav/low/speaker0003/question0000000026.wav,wav/low/speaker0003/sentence0000000026.wav,entailment
594,wav/low/speaker0002/qnli_question0000000262.wav,wav/low/speaker0002/qnli_sentence0000000262.wav,entailment
595,wav/low/speaker0002/qnli_question0000000229.wav,wav/low/speaker0002/qnli_sentence0000000229.wav,entailment
596,wav/low/speaker0003/question0000000273.wav,wav/low/speaker0003/sentence0000000273.wav,entailment
597,wav/low/speaker0004/qnli_question0000000731.wav,wav/low/speaker0004/qnli_sentence0000000731.wav,entailment
598,wav/low/speaker0005/qnli_question0000000607.wav,wav/low/speaker0005/qnli_sentence0000000607.wav,not_entailment
599,wav/low/speaker0004/qnli_question0000000481.wav,wav/low/speaker0004/qnli_sentence0000000481.wav,entailment
600,wav/low/speaker0005/qnli_question0000000579.wav,wav/low/speaker0005/qnli_sentence0000000579.wav,not_entailment
601,wav/low/speaker0003/question0000000573.wav,wav/low/speaker0003/sentence0000000573.wav,not_entailment
602,wav/low/speaker0004/qnli_question0000000958.wav,wav/low/speaker0004/qnli_sentence0000000958.wav,not_entailment
603,wav/low/speaker0005/qnli_question0000000535.wav,wav/low/speaker0005/qnli_sentence0000000535.wav,not_entailment
604,wav/low/speaker0003/question0000000195.wav,wav/low/speaker0003/sentence0000000195.wav,not_entailment
605,wav/low/speaker0002/qnli_question0000000496.wav,wav/low/speaker0002/qnli_sentence0000000496.wav,entailment
606,wav/low/speaker0002/qnli_question0000000502.wav,wav/low/speaker0002/qnli_sentence0000000502.wav,entailment
607,wav/low/speaker0004/qnli_question0000000597.wav,wav/low/speaker0004/qnli_sentence0000000597.wav,entailment
608,wav/low/speaker0005/qnli_question0000000327.wav,wav/low/speaker0005/qnli_sentence0000000327.wav,entailment
609,wav/low/speaker0001/qnli_question0000000306.wav,wav/low/speaker0001/qnli_sentence0000000306.wav,not_entailment
610,wav/low/speaker0001/qnli_question0000000374.wav,wav/low/speaker0001/qnli_sentence0000000374.wav,entailment
611,wav/low/speaker0002/qnli_question0000000191.wav,wav/low/speaker0002/qnli_sentence0000000191.wav,not_entailment
612,wav/low/speaker0005/qnli_question0000000618.wav,wav/low/speaker0005/qnli_sentence0000000618.wav,entailment
613,wav/low/speaker0005/qnli_question0000000045.wav,wav/low/speaker0005/qnli_sentence0000000045.wav,not_entailment
614,wav/low/speaker0002/qnli_question0000000737.wav,wav/low/speaker0002/qnli_sentence0000000737.wav,not_entailment
615,wav/low/speaker0003/question0000000448.wav,wav/low/speaker0003/sentence0000000448.wav,entailment
616,wav/low/speaker0001/qnli_question0000000415.wav,wav/low/speaker0001/qnli_sentence0000000415.wav,not_entailment
617,wav/low/speaker0003/question0000001071.wav,wav/low/speaker0003/sentence0000001071.wav,entailment
618,wav/low/speaker0001/qnli_question0000000427.wav,wav/low/speaker0001/qnli_sentence0000000427.wav,not_entailment
619,wav/low/speaker0002/qnli_question0000000387.wav,wav/low/speaker0002/qnli_sentence0000000387.wav,not_entailment
620,wav/low/speaker0002/qnli_question0000000168.wav,wav/low/speaker0002/qnli_sentence0000000168.wav,not_entailment
621,wav/low/speaker0002/qnli_question0000000915.wav,wav/low/speaker0002/qnli_sentence0000000915.wav,not_entailment
622,wav/low/speaker0003/question0000000478.wav,wav/low/speaker0003/sentence0000000478.wav,entailment
623,wav/low/speaker0004/qnli_question0000000669.wav,wav/low/speaker0004/qnli_sentence0000000669.wav,not_entailment
624,wav/low/speaker0002/qnli_question0000000166.wav,wav/low/speaker0002/qnli_sentence0000000166.wav,not_entailment
625,wav/low/speaker0001/qnli_question0000000912.wav,wav/low/speaker0001/qnli_sentence0000000912.wav,entailment
626,wav/low/speaker0004/qnli_question0000000969.wav,wav/low/speaker0004/qnli_sentence0000000969.wav,entailment
627,wav/low/speaker0005/qnli_question0000000875.wav,wav/low/speaker0005/qnli_sentence0000000875.wav,not_entailment
628,wav/low/speaker0004/qnli_question0000000573.wav,wav/low/speaker0004/qnli_sentence0000000573.wav,not_entailment
629,wav/low/speaker0003/question0000000262.wav,wav/low/speaker0003/sentence0000000262.wav,entailment
630,wav/low/speaker0005/qnli_question0000000528.wav,wav/low/speaker0005/qnli_sentence0000000528.wav,entailment
631,wav/low/speaker0003/question0000000056.wav,wav/low/speaker0003/sentence0000000056.wav,entailment
632,wav/low/speaker0003/question0000000902.wav,wav/low/speaker0003/sentence0000000902.wav,entailment
633,wav/low/speaker0003/question0000000832.wav,wav/low/speaker0003/sentence0000000832.wav,not_entailment
634,wav/low/speaker0001/qnli_question0000000597.wav,wav/low/speaker0001/qnli_sentence0000000597.wav,entailment
635,wav/low/speaker0003/question0000000732.wav,wav/low/speaker0003/sentence0000000732.wav,entailment
636,wav/low/speaker0004/qnli_question0000000203.wav,wav/low/speaker0004/qnli_sentence0000000203.wav,not_entailment
637,wav/low/speaker0004/qnli_question0000000562.wav,wav/low/speaker0004/qnli_sentence0000000562.wav,entailment
638,wav/low/speaker0001/qnli_question0000000146.wav,wav/low/speaker0001/qnli_sentence0000000146.wav,not_entailment
639,wav/low/speaker0005/qnli_question0000000387.wav,wav/low/speaker0005/qnli_sentence0000000387.wav,not_entailment
640,wav/low/speaker0004/qnli_question0000000482.wav,wav/low/speaker0004/qnli_sentence0000000482.wav,entailment
641,wav/low/speaker0003/question0000000014.wav,wav/low/speaker0003/sentence0000000014.wav,not_entailment
642,wav/low/speaker0001/qnli_question0000001202.wav,wav/low/speaker0001/qnli_sentence0000001202.wav,entailment
643,wav/low/speaker0004/qnli_question0000000850.wav,wav/low/speaker0004/qnli_sentence0000000850.wav,entailment
644,wav/low/speaker0002/qnli_question0000000535.wav,wav/low/speaker0002/qnli_sentence0000000535.wav,not_entailment
645,wav/low/speaker0004/qnli_question0000000000.wav,wav/low/speaker0004/qnli_sentence0000000000.wav,not_entailment
646,wav/low/speaker0001/qnli_question0000000749.wav,wav/low/speaker0001/qnli_sentence0000000749.wav,not_entailment
647,wav/low/speaker0003/question0000000472.wav,wav/low/speaker0003/sentence0000000472.wav,entailment
648,wav/low/speaker0004/qnli_question0000000572.wav,wav/low/speaker0004/qnli_sentence0000000572.wav,not_entailment
649,wav/low/speaker0005/qnli_question0000000280.wav,wav/low/speaker0005/qnli_sentence0000000280.wav,entailment
650,wav/low/speaker0004/qnli_question0000000166.wav,wav/low/speaker0004/qnli_sentence0000000166.wav,not_entailment
651,wav/low/speaker0001/qnli_question0000000532.wav,wav/low/speaker0001/qnli_sentence0000000532.wav,not_entailment
652,wav/low/speaker0005/qnli_question0000000732.wav,wav/low/speaker0005/qnli_sentence0000000732.wav,entailment
653,wav/low/speaker0003/question0000001043.wav,wav/low/speaker0003/sentence0000001043.wav,not_entailment
654,wav/low/speaker0003/question0000000028.wav,wav/low/speaker0003/sentence0000000028.wav,not_entailment
655,wav/low/speaker0002/qnli_question0000000751.wav,wav/low/speaker0002/qnli_sentence0000000751.wav,not_entailment
656,wav/low/speaker0001/qnli_question0000000497.wav,wav/low/speaker0001/qnli_sentence0000000497.wav,entailment
657,wav/low/speaker0001/qnli_question0000000897.wav,wav/low/speaker0001/qnli_sentence0000000897.wav,not_entailment
658,wav/low/speaker0004/qnli_question0000000901.wav,wav/low/speaker0004/qnli_sentence0000000901.wav,entailment
659,wav/low/speaker0002/qnli_question0000000607.wav,wav/low/speaker0002/qnli_sentence0000000607.wav,not_entailment
660,wav/low/speaker0004/qnli_question0000000808.wav,wav/low/speaker0004/qnli_sentence0000000808.wav,not_entailment
661,wav/low/speaker0005/qnli_question0000000339.wav,wav/low/speaker0005/qnli_sentence0000000339.wav,entailment
662,wav/low/speaker0004/qnli_question0000000050.wav,wav/low/speaker0004/qnli_sentence0000000050.wav,not_entailment
663,wav/low/speaker0001/qnli_question0000000283.wav,wav/low/speaker0001/qnli_sentence0000000283.wav,entailment
664,wav/low/speaker0003/question0000001202.wav,wav/low/speaker0003/sentence0000001202.wav,entailment
665,wav/low/speaker0002/qnli_question0000000799.wav,wav/low/speaker0002/qnli_sentence0000000799.wav,entailment
666,wav/low/speaker0001/qnli_question0000000902.wav,wav/low/speaker0001/qnli_sentence0000000902.wav,entailment
667,wav/low/speaker0003/question0000000528.wav,wav/low/speaker0003/sentence0000000528.wav,entailment
668,wav/low/speaker0001/qnli_question0000000431.wav,wav/low/speaker0001/qnli_sentence0000000431.wav,entailment
669,wav/low/speaker0005/qnli_question0000000044.wav,wav/low/speaker0005/qnli_sentence0000000044.wav,entailment
670,wav/low/speaker0001/qnli_question0000000472.wav,wav/low/speaker0001/qnli_sentence0000000472.wav,entailment
671,wav/low/speaker0005/qnli_question0000000902.wav,wav/low/speaker0005/qnli_sentence0000000902.wav,entailment
672,wav/low/speaker0001/qnli_question0000001027.wav,wav/low/speaker0001/qnli_sentence0000001027.wav,not_entailment
673,wav/low/speaker0002/qnli_question0000000341.wav,wav/low/speaker0002/qnli_sentence0000000341.wav,entailment
674,wav/low/speaker0003/question0000000331.wav,wav/low/speaker0003/sentence0000000331.wav,not_entailment
675,wav/low/speaker0004/qnli_question0000001102.wav,wav/low/speaker0004/qnli_sentence0000001102.wav,not_entailment
676,wav/low/speaker0004/qnli_question0000000431.wav,wav/low/speaker0004/qnli_sentence0000000431.wav,entailment
677,wav/low/speaker0002/qnli_question0000000146.wav,wav/low/speaker0002/qnli_sentence0000000146.wav,not_entailment
678,wav/low/speaker0001/qnli_question0000000762.wav,wav/low/speaker0001/qnli_sentence0000000762.wav,not_entailment
