,path,path2,label
0,wav/high/speaker0006/s10000061866.wav,wav/high/speaker0006/s20000061866.wav,1
1,wav/high/speaker0002/s10000144933.wav,wav/high/speaker0002/s20000144933.wav,1
2,wav/high/speaker0001/s10000160821.wav,wav/high/speaker0001/s20000160821.wav,1
3,wav/high/speaker0003/s10000046564.wav,wav/high/speaker0003/s20000046564.wav,0
4,wav/high/speaker0001/s10000137731.wav,wav/high/speaker0001/s20000137731.wav,0
5,wav/high/speaker0005/s10000139627.wav,wav/high/speaker0005/s20000139627.wav,1
6,wav/high/speaker0003/s10000073586.wav,wav/high/speaker0003/s20000073586.wav,0
7,wav/high/speaker0006/s10000343854.wav,wav/high/speaker0006/s20000343854.wav,0
8,wav/high/speaker0001/s10000352365.wav,wav/high/speaker0001/s20000352365.wav,1
9,wav/high/speaker0006/s10000326407.wav,wav/high/speaker0006/s20000326407.wav,1
10,wav/high/speaker0004/s10000312801.wav,wav/high/speaker0004/s20000312801.wav,1
11,wav/high/speaker0005/s10000137925.wav,wav/high/speaker0005/s20000137925.wav,1
12,wav/high/speaker0002/s10000343981.wav,wav/high/speaker0002/s20000343981.wav,0
13,wav/high/speaker0004/s10000322126.wav,wav/high/speaker0004/s20000322126.wav,0
14,wav/high/speaker0006/s10000155601.wav,wav/high/speaker0006/s20000155601.wav,0
15,wav/high/speaker0002/s10000352365.wav,wav/high/speaker0002/s20000352365.wav,1
16,wav/high/speaker0004/s10000335774.wav,wav/high/speaker0004/s20000335774.wav,0
17,wav/high/speaker0003/s10000310986.wav,wav/high/speaker0003/s20000310986.wav,1
18,wav/high/speaker0003/s10000139627.wav,wav/high/speaker0003/s20000139627.wav,1
19,wav/high/speaker0006/s10000206841.wav,wav/high/speaker0006/s20000206841.wav,1
20,wav/high/speaker0003/s10000137731.wav,wav/high/speaker0003/s20000137731.wav,0
21,wav/high/speaker0005/s10000046564.wav,wav/high/speaker0005/s20000046564.wav,0
22,wav/high/speaker0005/s10000128241.wav,wav/high/speaker0005/s20000128241.wav,0
23,wav/high/speaker0003/s10000315926.wav,wav/high/speaker0003/s20000315926.wav,0
24,wav/high/speaker0005/s10000388887.wav,wav/high/speaker0005/s20000388887.wav,1
25,wav/high/speaker0002/s10000375831.wav,wav/high/speaker0002/s20000375831.wav,0
26,wav/high/speaker0002/s10000059652.wav,wav/high/speaker0002/s20000059652.wav,0
27,wav/high/speaker0005/s10000080648.wav,wav/high/speaker0005/s20000080648.wav,1
28,wav/high/speaker0006/s10000160821.wav,wav/high/speaker0006/s20000160821.wav,1
29,wav/high/speaker0005/s10000310986.wav,wav/high/speaker0005/s20000310986.wav,1
30,wav/high/speaker0003/s10000312801.wav,wav/high/speaker0003/s20000312801.wav,1
31,wav/high/speaker0005/s10000007644.wav,wav/high/speaker0005/s20000007644.wav,1
32,wav/high/speaker0004/s10000128241.wav,wav/high/speaker0004/s20000128241.wav,0
33,wav/high/speaker0001/s10000245364.wav,wav/high/speaker0001/s20000245364.wav,0
34,wav/high/speaker0004/s10000299099.wav,wav/high/speaker0004/s20000299099.wav,0
35,wav/high/speaker0001/s10000193183.wav,wav/high/speaker0001/s20000193183.wav,0
36,wav/high/speaker0001/s10000055071.wav,wav/high/speaker0001/s20000055071.wav,0
37,wav/high/speaker0002/s10000193183.wav,wav/high/speaker0002/s20000193183.wav,0
38,wav/high/speaker0002/s10000128241.wav,wav/high/speaker0002/s20000128241.wav,0
39,wav/high/speaker0005/s10000326407.wav,wav/high/speaker0005/s20000326407.wav,1
40,wav/high/speaker0002/s10000280427.wav,wav/high/speaker0002/s20000280427.wav,1
41,wav/high/speaker0003/s10000343981.wav,wav/high/speaker0003/s20000343981.wav,0
42,wav/high/speaker0003/s10000388887.wav,wav/high/speaker0003/s20000388887.wav,1
43,wav/high/speaker0001/s10000255551.wav,wav/high/speaker0001/s20000255551.wav,0
44,wav/high/speaker0005/s10000251634.wav,wav/high/speaker0005/s20000251634.wav,1
45,wav/high/speaker0001/s10000179495.wav,wav/high/speaker0001/s20000179495.wav,1
46,wav/high/speaker0003/s10000032945.wav,wav/high/speaker0003/s20000032945.wav,0
47,wav/high/speaker0004/s10000212658.wav,wav/high/speaker0004/s20000212658.wav,0
48,wav/high/speaker0006/s10000028846.wav,wav/high/speaker0006/s20000028846.wav,0
49,wav/high/speaker0003/s10000210390.wav,wav/high/speaker0003/s20000210390.wav,1
50,wav/high/speaker0001/s10000078110.wav,wav/high/speaker0001/s20000078110.wav,0
51,wav/high/speaker0005/s10000376876.wav,wav/high/speaker0005/s20000376876.wav,0
52,wav/high/speaker0006/s10000251634.wav,wav/high/speaker0006/s20000251634.wav,1
53,wav/high/speaker0001/s10000116228.wav,wav/high/speaker0001/s20000116228.wav,1
54,wav/high/speaker0004/s10000375831.wav,wav/high/speaker0004/s20000375831.wav,0
55,wav/high/speaker0006/s10000101521.wav,wav/high/speaker0006/s20000101521.wav,1
56,wav/high/speaker0001/s10000206841.wav,wav/high/speaker0001/s20000206841.wav,1
57,wav/high/speaker0005/s10000312801.wav,wav/high/speaker0005/s20000312801.wav,1
58,wav/high/speaker0004/s10000174063.wav,wav/high/speaker0004/s20000174063.wav,0
59,wav/high/speaker0003/s10000299099.wav,wav/high/speaker0003/s20000299099.wav,0
60,wav/high/speaker0003/s10000222621.wav,wav/high/speaker0003/s20000222621.wav,1
61,wav/high/speaker0004/s10000055071.wav,wav/high/speaker0004/s20000055071.wav,0
62,wav/high/speaker0002/s10000269372.wav,wav/high/speaker0002/s20000269372.wav,0
63,wav/high/speaker0004/s10000005955.wav,wav/high/speaker0004/s20000005955.wav,0
64,wav/high/speaker0001/s10000174063.wav,wav/high/speaker0001/s20000174063.wav,0
65,wav/high/speaker0003/s10000331487.wav,wav/high/speaker0003/s20000331487.wav,1
66,wav/high/speaker0005/s10000024135.wav,wav/high/speaker0005/s20000024135.wav,0
67,wav/high/speaker0004/s10000032945.wav,wav/high/speaker0004/s20000032945.wav,0
68,wav/high/speaker0003/s10000282817.wav,wav/high/speaker0003/s20000282817.wav,0
69,wav/high/speaker0004/s10000176397.wav,wav/high/speaker0004/s20000176397.wav,0
70,wav/high/speaker0003/s10000128241.wav,wav/high/speaker0003/s20000128241.wav,0
71,wav/high/speaker0006/s10000098890.wav,wav/high/speaker0006/s20000098890.wav,0
72,wav/high/speaker0005/s10000212658.wav,wav/high/speaker0005/s20000212658.wav,0
73,wav/high/speaker0002/s10000335774.wav,wav/high/speaker0002/s20000335774.wav,0
74,wav/high/speaker0002/s10000282817.wav,wav/high/speaker0002/s20000282817.wav,0
75,wav/high/speaker0006/s10000352365.wav,wav/high/speaker0006/s20000352365.wav,1
76,wav/high/speaker0001/s10000343981.wav,wav/high/speaker0001/s20000343981.wav,0
77,wav/high/speaker0005/s10000155601.wav,wav/high/speaker0005/s20000155601.wav,0
78,wav/high/speaker0001/s10000059652.wav,wav/high/speaker0001/s20000059652.wav,0
79,wav/high/speaker0003/s10000352365.wav,wav/high/speaker0003/s20000352365.wav,1
80,wav/high/speaker0002/s10000174063.wav,wav/high/speaker0002/s20000174063.wav,0
81,wav/high/speaker0001/s10000368328.wav,wav/high/speaker0001/s20000368328.wav,0
82,wav/high/speaker0004/s10000280427.wav,wav/high/speaker0004/s20000280427.wav,1
83,wav/high/speaker0001/s10000312801.wav,wav/high/speaker0001/s20000312801.wav,1
84,wav/high/speaker0003/s10000005955.wav,wav/high/speaker0003/s20000005955.wav,0
85,wav/high/speaker0006/s10000138817.wav,wav/high/speaker0006/s20000138817.wav,0
86,wav/high/speaker0005/s10000144933.wav,wav/high/speaker0005/s20000144933.wav,1
87,wav/high/speaker0003/s10000007276.wav,wav/high/speaker0003/s20000007276.wav,0
88,wav/high/speaker0001/s10000315926.wav,wav/high/speaker0001/s20000315926.wav,0
89,wav/high/speaker0004/s10000193183.wav,wav/high/speaker0004/s20000193183.wav,0
90,wav/high/speaker0003/s10000249379.wav,wav/high/speaker0003/s20000249379.wav,1
91,wav/high/speaker0002/s10000251634.wav,wav/high/speaker0002/s20000251634.wav,1
92,wav/high/speaker0005/s10000322126.wav,wav/high/speaker0005/s20000322126.wav,0
93,wav/high/speaker0005/s10000101521.wav,wav/high/speaker0005/s20000101521.wav,1
94,wav/high/speaker0004/s10000160821.wav,wav/high/speaker0004/s20000160821.wav,1
95,wav/high/speaker0005/s10000174063.wav,wav/high/speaker0005/s20000174063.wav,0
96,wav/high/speaker0005/s10000059652.wav,wav/high/speaker0005/s20000059652.wav,0
97,wav/high/speaker0001/s10000343854.wav,wav/high/speaker0001/s20000343854.wav,0
98,wav/high/speaker0004/s10000388887.wav,wav/high/speaker0004/s20000388887.wav,1
99,wav/high/speaker0006/s10000270551.wav,wav/high/speaker0006/s20000270551.wav,0
100,wav/high/speaker0002/s10000116688.wav,wav/high/speaker0002/s20000116688.wav,0
101,wav/high/speaker0002/s10000116228.wav,wav/high/speaker0002/s20000116228.wav,1
102,wav/high/speaker0002/s10000137925.wav,wav/high/speaker0002/s20000137925.wav,1
103,wav/high/speaker0001/s10000137925.wav,wav/high/speaker0001/s20000137925.wav,1
104,wav/high/speaker0002/s10000080648.wav,wav/high/speaker0002/s20000080648.wav,1
105,wav/high/speaker0003/s10000357213.wav,wav/high/speaker0003/s20000357213.wav,1
106,wav/high/speaker0003/s10000137925.wav,wav/high/speaker0003/s20000137925.wav,1
107,wav/high/speaker0004/s10000331712.wav,wav/high/speaker0004/s20000331712.wav,0
108,wav/high/speaker0006/s10000357213.wav,wav/high/speaker0006/s20000357213.wav,1
109,wav/high/speaker0001/s10000270318.wav,wav/high/speaker0001/s20000270318.wav,1
110,wav/high/speaker0001/s10000028846.wav,wav/high/speaker0001/s20000028846.wav,0
111,wav/high/speaker0002/s10000078110.wav,wav/high/speaker0002/s20000078110.wav,0
112,wav/high/speaker0004/s10000028846.wav,wav/high/speaker0004/s20000028846.wav,0
113,wav/high/speaker0005/s10000116688.wav,wav/high/speaker0005/s20000116688.wav,0
114,wav/high/speaker0004/s10000210390.wav,wav/high/speaker0004/s20000210390.wav,1
115,wav/high/speaker0004/s10000376876.wav,wav/high/speaker0004/s20000376876.wav,0
116,wav/high/speaker0002/s10000176397.wav,wav/high/speaker0002/s20000176397.wav,0
117,wav/high/speaker0005/s10000160175.wav,wav/high/speaker0005/s20000160175.wav,1
118,wav/high/speaker0004/s10000024135.wav,wav/high/speaker0004/s20000024135.wav,0
119,wav/high/speaker0004/s10000357213.wav,wav/high/speaker0004/s20000357213.wav,1
120,wav/high/speaker0001/s10000363375.wav,wav/high/speaker0001/s20000363375.wav,1
121,wav/high/speaker0002/s10000101521.wav,wav/high/speaker0002/s20000101521.wav,1
122,wav/high/speaker0006/s10000322126.wav,wav/high/speaker0006/s20000322126.wav,0
123,wav/high/speaker0005/s10000378890.wav,wav/high/speaker0005/s20000378890.wav,1
124,wav/high/speaker0003/s10000255551.wav,wav/high/speaker0003/s20000255551.wav,0
125,wav/high/speaker0004/s10000258389.wav,wav/high/speaker0004/s20000258389.wav,0
126,wav/high/speaker0002/s10000299099.wav,wav/high/speaker0002/s20000299099.wav,0
127,wav/high/speaker0002/s10000011561.wav,wav/high/speaker0002/s20000011561.wav,0
128,wav/high/speaker0001/s10000032945.wav,wav/high/speaker0001/s20000032945.wav,0
129,wav/high/speaker0001/s10000155601.wav,wav/high/speaker0001/s20000155601.wav,0
130,wav/high/speaker0005/s10000299099.wav,wav/high/speaker0005/s20000299099.wav,0
131,wav/high/speaker0003/s10000321185.wav,wav/high/speaker0003/s20000321185.wav,1
132,wav/high/speaker0006/s10000210390.wav,wav/high/speaker0006/s20000210390.wav,1
133,wav/high/speaker0001/s10000326407.wav,wav/high/speaker0001/s20000326407.wav,1
134,wav/high/speaker0006/s10000116228.wav,wav/high/speaker0006/s20000116228.wav,1
135,wav/high/speaker0004/s10000245364.wav,wav/high/speaker0004/s20000245364.wav,0
136,wav/high/speaker0006/s10000354520.wav,wav/high/speaker0006/s20000354520.wav,0
137,wav/high/speaker0006/s10000388887.wav,wav/high/speaker0006/s20000388887.wav,1
138,wav/high/speaker0002/s10000073586.wav,wav/high/speaker0002/s20000073586.wav,0
139,wav/high/speaker0001/s10000331487.wav,wav/high/speaker0001/s20000331487.wav,1
140,wav/high/speaker0006/s10000073586.wav,wav/high/speaker0006/s20000073586.wav,0
141,wav/high/speaker0001/s10000346410.wav,wav/high/speaker0001/s20000346410.wav,1
142,wav/high/speaker0003/s10000245364.wav,wav/high/speaker0003/s20000245364.wav,0
143,wav/high/speaker0005/s10000331712.wav,wav/high/speaker0005/s20000331712.wav,0
144,wav/high/speaker0002/s10000160175.wav,wav/high/speaker0002/s20000160175.wav,1
145,wav/high/speaker0005/s10000028846.wav,wav/high/speaker0005/s20000028846.wav,0
146,wav/high/speaker0005/s10000176397.wav,wav/high/speaker0005/s20000176397.wav,0
147,wav/high/speaker0004/s10000354520.wav,wav/high/speaker0004/s20000354520.wav,0
148,wav/high/speaker0005/s10000075730.wav,wav/high/speaker0005/s20000075730.wav,1
149,wav/high/speaker0004/s10000343854.wav,wav/high/speaker0004/s20000343854.wav,0
150,wav/high/speaker0002/s10000138817.wav,wav/high/speaker0002/s20000138817.wav,0
151,wav/high/speaker0004/s10000116688.wav,wav/high/speaker0004/s20000116688.wav,0
152,wav/high/speaker0003/s10000078110.wav,wav/high/speaker0003/s20000078110.wav,0
153,wav/high/speaker0002/s10000258389.wav,wav/high/speaker0002/s20000258389.wav,0
154,wav/high/speaker0005/s10000116228.wav,wav/high/speaker0005/s20000116228.wav,1
155,wav/high/speaker0004/s10000366663.wav,wav/high/speaker0004/s20000366663.wav,1
156,wav/high/speaker0001/s10000357213.wav,wav/high/speaker0001/s20000357213.wav,1
157,wav/high/speaker0002/s10000137731.wav,wav/high/speaker0002/s20000137731.wav,0
158,wav/high/speaker0003/s10000176397.wav,wav/high/speaker0003/s20000176397.wav,0
159,wav/high/speaker0001/s10000270551.wav,wav/high/speaker0001/s20000270551.wav,0
160,wav/high/speaker0003/s10000343854.wav,wav/high/speaker0003/s20000343854.wav,0
161,wav/high/speaker0004/s10000078110.wav,wav/high/speaker0004/s20000078110.wav,0
162,wav/high/speaker0004/s10000059652.wav,wav/high/speaker0004/s20000059652.wav,0
163,wav/high/speaker0001/s10000366663.wav,wav/high/speaker0001/s20000366663.wav,1
164,wav/high/speaker0001/s10000331712.wav,wav/high/speaker0001/s20000331712.wav,0
165,wav/high/speaker0003/s10000160175.wav,wav/high/speaker0003/s20000160175.wav,1
166,wav/high/speaker0002/s10000378890.wav,wav/high/speaker0002/s20000378890.wav,1
167,wav/high/speaker0003/s10000346410.wav,wav/high/speaker0003/s20000346410.wav,1
168,wav/high/speaker0002/s10000368328.wav,wav/high/speaker0002/s20000368328.wav,0
169,wav/high/speaker0005/s10000206841.wav,wav/high/speaker0005/s20000206841.wav,1
170,wav/high/speaker0006/s10000280427.wav,wav/high/speaker0006/s20000280427.wav,1
171,wav/high/speaker0002/s10000055071.wav,wav/high/speaker0002/s20000055071.wav,0
172,wav/high/speaker0006/s10000116688.wav,wav/high/speaker0006/s20000116688.wav,0
173,wav/high/speaker0002/s10000222621.wav,wav/high/speaker0002/s20000222621.wav,1
174,wav/high/speaker0004/s10000206841.wav,wav/high/speaker0004/s20000206841.wav,1
175,wav/high/speaker0001/s10000007276.wav,wav/high/speaker0001/s20000007276.wav,0
176,wav/high/speaker0001/s10000354520.wav,wav/high/speaker0001/s20000354520.wav,0
177,wav/high/speaker0004/s10000007276.wav,wav/high/speaker0004/s20000007276.wav,0
178,wav/high/speaker0002/s10000322126.wav,wav/high/speaker0002/s20000322126.wav,0
179,wav/high/speaker0002/s10000032945.wav,wav/high/speaker0002/s20000032945.wav,0
180,wav/high/speaker0003/s10000116228.wav,wav/high/speaker0003/s20000116228.wav,1
181,wav/high/speaker0004/s10000101521.wav,wav/high/speaker0004/s20000101521.wav,1
182,wav/high/speaker0003/s10000193183.wav,wav/high/speaker0003/s20000193183.wav,0
183,wav/high/speaker0002/s10000274229.wav,wav/high/speaker0002/s20000274229.wav,0
184,wav/high/speaker0004/s10000075730.wav,wav/high/speaker0004/s20000075730.wav,1
185,wav/high/speaker0001/s10000098890.wav,wav/high/speaker0001/s20000098890.wav,0
186,wav/high/speaker0002/s10000270551.wav,wav/high/speaker0002/s20000270551.wav,0
187,wav/high/speaker0004/s10000249379.wav,wav/high/speaker0004/s20000249379.wav,1
188,wav/high/speaker0006/s10000179495.wav,wav/high/speaker0006/s20000179495.wav,1
189,wav/high/speaker0001/s10000139627.wav,wav/high/speaker0001/s20000139627.wav,1
190,wav/high/speaker0002/s10000028846.wav,wav/high/speaker0002/s20000028846.wav,0
191,wav/high/speaker0003/s10000061866.wav,wav/high/speaker0003/s20000061866.wav,1
192,wav/high/speaker0003/s10000098890.wav,wav/high/speaker0003/s20000098890.wav,0
193,wav/high/speaker0004/s10000270318.wav,wav/high/speaker0004/s20000270318.wav,1
194,wav/high/speaker0006/s10000144933.wav,wav/high/speaker0006/s20000144933.wav,1
195,wav/high/speaker0002/s10000155601.wav,wav/high/speaker0002/s20000155601.wav,0
196,wav/high/speaker0001/s10000222621.wav,wav/high/speaker0001/s20000222621.wav,1
197,wav/high/speaker0003/s10000206841.wav,wav/high/speaker0003/s20000206841.wav,1
198,wav/high/speaker0001/s10000144933.wav,wav/high/speaker0001/s20000144933.wav,1
199,wav/high/speaker0003/s10000270551.wav,wav/high/speaker0003/s20000270551.wav,0
200,wav/high/speaker0003/s10000363375.wav,wav/high/speaker0003/s20000363375.wav,1
201,wav/high/speaker0003/s10000116688.wav,wav/high/speaker0003/s20000116688.wav,0
202,wav/high/speaker0006/s10000270318.wav,wav/high/speaker0006/s20000270318.wav,1
203,wav/high/speaker0001/s10000011119.wav,wav/high/speaker0001/s20000011119.wav,0
204,wav/high/speaker0006/s10000024135.wav,wav/high/speaker0006/s20000024135.wav,0
205,wav/high/speaker0002/s10000363375.wav,wav/high/speaker0002/s20000363375.wav,1
206,wav/high/speaker0002/s10000024135.wav,wav/high/speaker0002/s20000024135.wav,0
207,wav/high/speaker0006/s10000011119.wav,wav/high/speaker0006/s20000011119.wav,0
208,wav/high/speaker0005/s10000073586.wav,wav/high/speaker0005/s20000073586.wav,0
209,wav/high/speaker0002/s10000210390.wav,wav/high/speaker0002/s20000210390.wav,1
210,wav/high/speaker0001/s10000269372.wav,wav/high/speaker0001/s20000269372.wav,0
211,wav/high/speaker0003/s10000251634.wav,wav/high/speaker0003/s20000251634.wav,1
212,wav/high/speaker0001/s10000005955.wav,wav/high/speaker0001/s20000005955.wav,0
213,wav/high/speaker0006/s10000314859.wav,wav/high/speaker0006/s20000314859.wav,1
214,wav/high/speaker0004/s10000061866.wav,wav/high/speaker0004/s20000061866.wav,1
215,wav/high/speaker0002/s10000046564.wav,wav/high/speaker0002/s20000046564.wav,0
216,wav/high/speaker0002/s10000331712.wav,wav/high/speaker0002/s20000331712.wav,0
217,wav/high/speaker0003/s10000080648.wav,wav/high/speaker0003/s20000080648.wav,1
218,wav/high/speaker0001/s10000007644.wav,wav/high/speaker0001/s20000007644.wav,1
219,wav/high/speaker0004/s10000251634.wav,wav/high/speaker0004/s20000251634.wav,1
220,wav/high/speaker0001/s10000299099.wav,wav/high/speaker0001/s20000299099.wav,0
221,wav/high/speaker0001/s10000075730.wav,wav/high/speaker0001/s20000075730.wav,1
222,wav/high/speaker0003/s10000326407.wav,wav/high/speaker0003/s20000326407.wav,1
223,wav/high/speaker0003/s10000322126.wav,wav/high/speaker0003/s20000322126.wav,0
224,wav/high/speaker0001/s10000101521.wav,wav/high/speaker0001/s20000101521.wav,1
225,wav/high/speaker0001/s10000310986.wav,wav/high/speaker0001/s20000310986.wav,1
226,wav/high/speaker0002/s10000179495.wav,wav/high/speaker0002/s20000179495.wav,1
227,wav/high/speaker0004/s10000255551.wav,wav/high/speaker0004/s20000255551.wav,0
228,wav/high/speaker0004/s10000282817.wav,wav/high/speaker0004/s20000282817.wav,0
229,wav/high/speaker0002/s10000160821.wav,wav/high/speaker0002/s20000160821.wav,1
230,wav/high/speaker0003/s10000055071.wav,wav/high/speaker0003/s20000055071.wav,0
231,wav/high/speaker0005/s10000363375.wav,wav/high/speaker0005/s20000363375.wav,1
232,wav/high/speaker0003/s10000011561.wav,wav/high/speaker0003/s20000011561.wav,0
233,wav/high/speaker0005/s10000061866.wav,wav/high/speaker0005/s20000061866.wav,1
234,wav/high/speaker0005/s10000346410.wav,wav/high/speaker0005/s20000346410.wav,1
235,wav/high/speaker0001/s10000138817.wav,wav/high/speaker0001/s20000138817.wav,0
236,wav/high/speaker0003/s10000138817.wav,wav/high/speaker0003/s20000138817.wav,0
237,wav/high/speaker0003/s10000378890.wav,wav/high/speaker0003/s20000378890.wav,1
238,wav/high/speaker0006/s10000011561.wav,wav/high/speaker0006/s20000011561.wav,0
239,wav/high/speaker0006/s10000350105.wav,wav/high/speaker0006/s20000350105.wav,0
240,wav/high/speaker0004/s10000269372.wav,wav/high/speaker0004/s20000269372.wav,0
241,wav/high/speaker0001/s10000128241.wav,wav/high/speaker0001/s20000128241.wav,0
242,wav/high/speaker0006/s10000269372.wav,wav/high/speaker0006/s20000269372.wav,0
243,wav/high/speaker0001/s10000024135.wav,wav/high/speaker0001/s20000024135.wav,0
244,wav/high/speaker0005/s10000357213.wav,wav/high/speaker0005/s20000357213.wav,1
245,wav/high/speaker0002/s10000007644.wav,wav/high/speaker0002/s20000007644.wav,1
246,wav/high/speaker0002/s10000321185.wav,wav/high/speaker0002/s20000321185.wav,1
247,wav/high/speaker0001/s10000080648.wav,wav/high/speaker0001/s20000080648.wav,1
248,wav/high/speaker0003/s10000274229.wav,wav/high/speaker0003/s20000274229.wav,0
249,wav/high/speaker0003/s10000108818.wav,wav/high/speaker0003/s20000108818.wav,0
250,wav/high/speaker0005/s10000350105.wav,wav/high/speaker0005/s20000350105.wav,0
251,wav/high/speaker0002/s10000310986.wav,wav/high/speaker0002/s20000310986.wav,1
252,wav/high/speaker0001/s10000160175.wav,wav/high/speaker0001/s20000160175.wav,1
253,wav/high/speaker0004/s10000326407.wav,wav/high/speaker0004/s20000326407.wav,1
254,wav/high/speaker0004/s10000073586.wav,wav/high/speaker0004/s20000073586.wav,0
255,wav/high/speaker0005/s10000315926.wav,wav/high/speaker0005/s20000315926.wav,0
256,wav/high/speaker0001/s10000376876.wav,wav/high/speaker0001/s20000376876.wav,0
257,wav/high/speaker0004/s10000007644.wav,wav/high/speaker0004/s20000007644.wav,1
258,wav/high/speaker0006/s10000059652.wav,wav/high/speaker0006/s20000059652.wav,0
259,wav/high/speaker0002/s10000206841.wav,wav/high/speaker0002/s20000206841.wav,1
260,wav/high/speaker0002/s10000350105.wav,wav/high/speaker0002/s20000350105.wav,0
261,wav/high/speaker0004/s10000321185.wav,wav/high/speaker0004/s20000321185.wav,1
262,wav/high/speaker0005/s10000255551.wav,wav/high/speaker0005/s20000255551.wav,0
263,wav/high/speaker0005/s10000222621.wav,wav/high/speaker0005/s20000222621.wav,1
264,wav/high/speaker0004/s10000350105.wav,wav/high/speaker0004/s20000350105.wav,0
265,wav/high/speaker0001/s10000378890.wav,wav/high/speaker0001/s20000378890.wav,1
266,wav/high/speaker0005/s10000005955.wav,wav/high/speaker0005/s20000005955.wav,0
267,wav/high/speaker0004/s10000139627.wav,wav/high/speaker0004/s20000139627.wav,1
268,wav/high/speaker0003/s10000160821.wav,wav/high/speaker0003/s20000160821.wav,1
269,wav/high/speaker0005/s10000321185.wav,wav/high/speaker0005/s20000321185.wav,1
270,wav/high/speaker0004/s10000314859.wav,wav/high/speaker0004/s20000314859.wav,1
271,wav/high/speaker0005/s10000098890.wav,wav/high/speaker0005/s20000098890.wav,0
272,wav/high/speaker0001/s10000388887.wav,wav/high/speaker0001/s20000388887.wav,1
273,wav/high/speaker0003/s10000331712.wav,wav/high/speaker0003/s20000331712.wav,0
274,wav/high/speaker0002/s10000212658.wav,wav/high/speaker0002/s20000212658.wav,0
275,wav/high/speaker0006/s10000139627.wav,wav/high/speaker0006/s20000139627.wav,1
276,wav/high/speaker0002/s10000139627.wav,wav/high/speaker0002/s20000139627.wav,1
277,wav/high/speaker0001/s10000046564.wav,wav/high/speaker0001/s20000046564.wav,0
278,wav/high/speaker0004/s10000222621.wav,wav/high/speaker0004/s20000222621.wav,1
279,wav/high/speaker0006/s10000363375.wav,wav/high/speaker0006/s20000363375.wav,1
280,wav/high/speaker0005/s10000245364.wav,wav/high/speaker0005/s20000245364.wav,0
281,wav/high/speaker0002/s10000314859.wav,wav/high/speaker0002/s20000314859.wav,1
282,wav/high/speaker0004/s10000343981.wav,wav/high/speaker0004/s20000343981.wav,0
283,wav/high/speaker0005/s10000108818.wav,wav/high/speaker0005/s20000108818.wav,0
284,wav/high/speaker0006/s10000378890.wav,wav/high/speaker0006/s20000378890.wav,1
285,wav/high/speaker0006/s10000078110.wav,wav/high/speaker0006/s20000078110.wav,0
286,wav/high/speaker0005/s10000343981.wav,wav/high/speaker0005/s20000343981.wav,0
287,wav/high/speaker0006/s10000258389.wav,wav/high/speaker0006/s20000258389.wav,0
288,wav/high/speaker0003/s10000280427.wav,wav/high/speaker0003/s20000280427.wav,1
289,wav/high/speaker0005/s10000160821.wav,wav/high/speaker0005/s20000160821.wav,1
290,wav/high/speaker0004/s10000315926.wav,wav/high/speaker0004/s20000315926.wav,0
291,wav/high/speaker0001/s10000375831.wav,wav/high/speaker0001/s20000375831.wav,0
292,wav/high/speaker0006/s10000245364.wav,wav/high/speaker0006/s20000245364.wav,0
293,wav/high/speaker0002/s10000249379.wav,wav/high/speaker0002/s20000249379.wav,1
294,wav/high/speaker0005/s10000269372.wav,wav/high/speaker0005/s20000269372.wav,0
295,wav/high/speaker0002/s10000270318.wav,wav/high/speaker0002/s20000270318.wav,1
296,wav/high/speaker0005/s10000032945.wav,wav/high/speaker0005/s20000032945.wav,0
297,wav/high/speaker0003/s10000024135.wav,wav/high/speaker0003/s20000024135.wav,0
298,wav/high/speaker0004/s10000378890.wav,wav/high/speaker0004/s20000378890.wav,1
299,wav/high/speaker0002/s10000343854.wav,wav/high/speaker0002/s20000343854.wav,0
300,wav/high/speaker0005/s10000179495.wav,wav/high/speaker0005/s20000179495.wav,1
301,wav/high/speaker0003/s10000155601.wav,wav/high/speaker0003/s20000155601.wav,0
302,wav/high/speaker0005/s10000011561.wav,wav/high/speaker0005/s20000011561.wav,0
303,wav/high/speaker0003/s10000258389.wav,wav/high/speaker0003/s20000258389.wav,0
304,wav/high/speaker0003/s10000354520.wav,wav/high/speaker0003/s20000354520.wav,0
305,wav/high/speaker0004/s10000331487.wav,wav/high/speaker0004/s20000331487.wav,1
306,wav/high/speaker0005/s10000343854.wav,wav/high/speaker0005/s20000343854.wav,0
307,wav/high/speaker0006/s10000046564.wav,wav/high/speaker0006/s20000046564.wav,0
308,wav/high/speaker0004/s10000274229.wav,wav/high/speaker0004/s20000274229.wav,0
309,wav/high/speaker0005/s10000366663.wav,wav/high/speaker0005/s20000366663.wav,1
310,wav/high/speaker0002/s10000388887.wav,wav/high/speaker0002/s20000388887.wav,1
311,wav/high/speaker0006/s10000212658.wav,wav/high/speaker0006/s20000212658.wav,0
312,wav/high/speaker0006/s10000176397.wav,wav/high/speaker0006/s20000176397.wav,0
313,wav/high/speaker0001/s10000073586.wav,wav/high/speaker0001/s20000073586.wav,0
314,wav/high/speaker0001/s10000011561.wav,wav/high/speaker0001/s20000011561.wav,0
315,wav/high/speaker0003/s10000366663.wav,wav/high/speaker0003/s20000366663.wav,1
316,wav/high/speaker0004/s10000368328.wav,wav/high/speaker0004/s20000368328.wav,0
317,wav/high/speaker0001/s10000251634.wav,wav/high/speaker0001/s20000251634.wav,1
318,wav/high/speaker0003/s10000179495.wav,wav/high/speaker0003/s20000179495.wav,1
319,wav/high/speaker0003/s10000376876.wav,wav/high/speaker0003/s20000376876.wav,0
320,wav/high/speaker0003/s10000375831.wav,wav/high/speaker0003/s20000375831.wav,0
321,wav/high/speaker0002/s10000245364.wav,wav/high/speaker0002/s20000245364.wav,0
322,wav/high/speaker0004/s10000080648.wav,wav/high/speaker0004/s20000080648.wav,1
323,wav/high/speaker0001/s10000314859.wav,wav/high/speaker0001/s20000314859.wav,1
324,wav/high/speaker0006/s10000005955.wav,wav/high/speaker0006/s20000005955.wav,0
325,wav/high/speaker0002/s10000357213.wav,wav/high/speaker0002/s20000357213.wav,1
326,wav/high/speaker0001/s10000274229.wav,wav/high/speaker0001/s20000274229.wav,0
327,wav/high/speaker0003/s10000028846.wav,wav/high/speaker0003/s20000028846.wav,0
328,wav/high/speaker0006/s10000335774.wav,wav/high/speaker0006/s20000335774.wav,0
329,wav/high/speaker0006/s10000331712.wav,wav/high/speaker0006/s20000331712.wav,0
330,wav/high/speaker0005/s10000368328.wav,wav/high/speaker0005/s20000368328.wav,0
331,wav/high/speaker0004/s10000137731.wav,wav/high/speaker0004/s20000137731.wav,0
332,wav/high/speaker0005/s10000331487.wav,wav/high/speaker0005/s20000331487.wav,1
333,wav/high/speaker0001/s10000249379.wav,wav/high/speaker0001/s20000249379.wav,1
334,wav/high/speaker0003/s10000174063.wav,wav/high/speaker0003/s20000174063.wav,0
335,wav/high/speaker0006/s10000160175.wav,wav/high/speaker0006/s20000160175.wav,1
336,wav/high/speaker0003/s10000368328.wav,wav/high/speaker0003/s20000368328.wav,0
337,wav/high/speaker0005/s10000314859.wav,wav/high/speaker0005/s20000314859.wav,1
338,wav/high/speaker0006/s10000310986.wav,wav/high/speaker0006/s20000310986.wav,1
339,wav/high/speaker0006/s10000007644.wav,wav/high/speaker0006/s20000007644.wav,1
340,wav/high/speaker0005/s10000138817.wav,wav/high/speaker0005/s20000138817.wav,0
341,wav/high/speaker0006/s10000376876.wav,wav/high/speaker0006/s20000376876.wav,0
342,wav/high/speaker0002/s10000108818.wav,wav/high/speaker0002/s20000108818.wav,0
343,wav/high/speaker0001/s10000322126.wav,wav/high/speaker0001/s20000322126.wav,0
344,wav/high/speaker0006/s10000137731.wav,wav/high/speaker0006/s20000137731.wav,0
345,wav/high/speaker0006/s10000222621.wav,wav/high/speaker0006/s20000222621.wav,1
346,wav/high/speaker0002/s10000312801.wav,wav/high/speaker0002/s20000312801.wav,1
347,wav/high/speaker0003/s10000269372.wav,wav/high/speaker0003/s20000269372.wav,0
348,wav/high/speaker0006/s10000193183.wav,wav/high/speaker0006/s20000193183.wav,0
349,wav/high/speaker0005/s10000282817.wav,wav/high/speaker0005/s20000282817.wav,0
350,wav/high/speaker0005/s10000055071.wav,wav/high/speaker0005/s20000055071.wav,0
351,wav/high/speaker0001/s10000210390.wav,wav/high/speaker0001/s20000210390.wav,1
352,wav/high/speaker0003/s10000270318.wav,wav/high/speaker0003/s20000270318.wav,1
353,wav/high/speaker0003/s10000059652.wav,wav/high/speaker0003/s20000059652.wav,0
354,wav/high/speaker0004/s10000144933.wav,wav/high/speaker0004/s20000144933.wav,1
355,wav/high/speaker0006/s10000080648.wav,wav/high/speaker0006/s20000080648.wav,1
356,wav/high/speaker0004/s10000310986.wav,wav/high/speaker0004/s20000310986.wav,1
357,wav/high/speaker0003/s10000101521.wav,wav/high/speaker0003/s20000101521.wav,1
358,wav/high/speaker0006/s10000366663.wav,wav/high/speaker0006/s20000366663.wav,1
359,wav/high/speaker0003/s10000011119.wav,wav/high/speaker0003/s20000011119.wav,0
360,wav/high/speaker0001/s10000176397.wav,wav/high/speaker0001/s20000176397.wav,0
361,wav/high/speaker0004/s10000137925.wav,wav/high/speaker0004/s20000137925.wav,1
362,wav/high/speaker0006/s10000108818.wav,wav/high/speaker0006/s20000108818.wav,0
363,wav/high/speaker0006/s10000249379.wav,wav/high/speaker0006/s20000249379.wav,1
364,wav/high/speaker0002/s10000331487.wav,wav/high/speaker0002/s20000331487.wav,1
365,wav/high/speaker0006/s10000343981.wav,wav/high/speaker0006/s20000343981.wav,0
366,wav/high/speaker0005/s10000007276.wav,wav/high/speaker0005/s20000007276.wav,0
367,wav/high/speaker0006/s10000299099.wav,wav/high/speaker0006/s20000299099.wav,0
368,wav/high/speaker0003/s10000007644.wav,wav/high/speaker0003/s20000007644.wav,1
369,wav/high/speaker0006/s10000255551.wav,wav/high/speaker0006/s20000255551.wav,0
370,wav/high/speaker0002/s10000315926.wav,wav/high/speaker0002/s20000315926.wav,0
371,wav/high/speaker0005/s10000280427.wav,wav/high/speaker0005/s20000280427.wav,1
372,wav/high/speaker0003/s10000314859.wav,wav/high/speaker0003/s20000314859.wav,1
373,wav/high/speaker0005/s10000270318.wav,wav/high/speaker0005/s20000270318.wav,1
374,wav/high/speaker0005/s10000193183.wav,wav/high/speaker0005/s20000193183.wav,0
375,wav/high/speaker0005/s10000137731.wav,wav/high/speaker0005/s20000137731.wav,0
376,wav/high/speaker0003/s10000212658.wav,wav/high/speaker0003/s20000212658.wav,0
377,wav/high/speaker0002/s10000007276.wav,wav/high/speaker0002/s20000007276.wav,0
378,wav/high/speaker0005/s10000270551.wav,wav/high/speaker0005/s20000270551.wav,0
379,wav/high/speaker0004/s10000046564.wav,wav/high/speaker0004/s20000046564.wav,0
380,wav/high/speaker0004/s10000011561.wav,wav/high/speaker0004/s20000011561.wav,0
381,wav/high/speaker0006/s10000128241.wav,wav/high/speaker0006/s20000128241.wav,0
382,wav/high/speaker0004/s10000179495.wav,wav/high/speaker0004/s20000179495.wav,1
383,wav/high/speaker0002/s10000075730.wav,wav/high/speaker0002/s20000075730.wav,1
384,wav/high/speaker0005/s10000011119.wav,wav/high/speaker0005/s20000011119.wav,0
385,wav/high/speaker0002/s10000098890.wav,wav/high/speaker0002/s20000098890.wav,0
386,wav/high/speaker0006/s10000282817.wav,wav/high/speaker0006/s20000282817.wav,0
387,wav/high/speaker0005/s10000352365.wav,wav/high/speaker0005/s20000352365.wav,1
388,wav/high/speaker0006/s10000315926.wav,wav/high/speaker0006/s20000315926.wav,0
389,wav/high/speaker0003/s10000350105.wav,wav/high/speaker0003/s20000350105.wav,0
390,wav/high/speaker0005/s10000210390.wav,wav/high/speaker0005/s20000210390.wav,1
391,wav/high/speaker0006/s10000346410.wav,wav/high/speaker0006/s20000346410.wav,1
392,wav/high/speaker0001/s10000321185.wav,wav/high/speaker0001/s20000321185.wav,1
393,wav/high/speaker0004/s10000363375.wav,wav/high/speaker0004/s20000363375.wav,1
394,wav/high/speaker0002/s10000061866.wav,wav/high/speaker0002/s20000061866.wav,1
395,wav/high/speaker0004/s10000116228.wav,wav/high/speaker0004/s20000116228.wav,1
396,wav/high/speaker0001/s10000335774.wav,wav/high/speaker0001/s20000335774.wav,0
397,wav/high/speaker0006/s10000321185.wav,wav/high/speaker0006/s20000321185.wav,1
398,wav/high/speaker0005/s10000078110.wav,wav/high/speaker0005/s20000078110.wav,0
399,wav/high/speaker0001/s10000280427.wav,wav/high/speaker0001/s20000280427.wav,1
400,wav/high/speaker0005/s10000335774.wav,wav/high/speaker0005/s20000335774.wav,0
401,wav/high/speaker0002/s10000354520.wav,wav/high/speaker0002/s20000354520.wav,0
402,wav/high/speaker0006/s10000368328.wav,wav/high/speaker0006/s20000368328.wav,0
403,wav/high/speaker0004/s10000155601.wav,wav/high/speaker0004/s20000155601.wav,0
404,wav/high/speaker0004/s10000138817.wav,wav/high/speaker0004/s20000138817.wav,0
405,wav/high/speaker0005/s10000249379.wav,wav/high/speaker0005/s20000249379.wav,1
406,wav/high/speaker0006/s10000032945.wav,wav/high/speaker0006/s20000032945.wav,0
407,wav/high/speaker0004/s10000352365.wav,wav/high/speaker0004/s20000352365.wav,1
408,wav/high/speaker0005/s10000375831.wav,wav/high/speaker0005/s20000375831.wav,0
409,wav/high/speaker0006/s10000075730.wav,wav/high/speaker0006/s20000075730.wav,1
410,wav/high/speaker0003/s10000144933.wav,wav/high/speaker0003/s20000144933.wav,1
411,wav/high/speaker0005/s10000274229.wav,wav/high/speaker0005/s20000274229.wav,0
412,wav/high/speaker0004/s10000098890.wav,wav/high/speaker0004/s20000098890.wav,0
413,wav/high/speaker0001/s10000282817.wav,wav/high/speaker0001/s20000282817.wav,0
414,wav/high/speaker0002/s10000255551.wav,wav/high/speaker0002/s20000255551.wav,0
415,wav/high/speaker0006/s10000375831.wav,wav/high/speaker0006/s20000375831.wav,0
416,wav/high/speaker0004/s10000108818.wav,wav/high/speaker0004/s20000108818.wav,0
417,wav/high/speaker0006/s10000137925.wav,wav/high/speaker0006/s20000137925.wav,1
418,wav/high/speaker0001/s10000350105.wav,wav/high/speaker0001/s20000350105.wav,0
419,wav/high/speaker0003/s10000075730.wav,wav/high/speaker0003/s20000075730.wav,1
420,wav/high/speaker0006/s10000055071.wav,wav/high/speaker0006/s20000055071.wav,0
421,wav/high/speaker0005/s10000258389.wav,wav/high/speaker0005/s20000258389.wav,0
422,wav/high/speaker0001/s10000212658.wav,wav/high/speaker0001/s20000212658.wav,0
423,wav/high/speaker0002/s10000011119.wav,wav/high/speaker0002/s20000011119.wav,0
424,wav/high/speaker0006/s10000331487.wav,wav/high/speaker0006/s20000331487.wav,1
425,wav/high/speaker0004/s10000346410.wav,wav/high/speaker0004/s20000346410.wav,1
426,wav/high/speaker0006/s10000174063.wav,wav/high/speaker0006/s20000174063.wav,0
427,wav/high/speaker0004/s10000011119.wav,wav/high/speaker0004/s20000011119.wav,0
428,wav/high/speaker0004/s10000270551.wav,wav/high/speaker0004/s20000270551.wav,0
429,wav/high/speaker0001/s10000108818.wav,wav/high/speaker0001/s20000108818.wav,0
430,wav/high/speaker0001/s10000116688.wav,wav/high/speaker0001/s20000116688.wav,0
431,wav/high/speaker0005/s10000354520.wav,wav/high/speaker0005/s20000354520.wav,0
432,wav/high/speaker0001/s10000258389.wav,wav/high/speaker0001/s20000258389.wav,0
433,wav/high/speaker0006/s10000007276.wav,wav/high/speaker0006/s20000007276.wav,0
434,wav/high/speaker0004/s10000160175.wav,wav/high/speaker0004/s20000160175.wav,1
435,wav/high/speaker0006/s10000274229.wav,wav/high/speaker0006/s20000274229.wav,0
436,wav/high/speaker0001/s10000061866.wav,wav/high/speaker0001/s20000061866.wav,1
437,wav/high/speaker0002/s10000366663.wav,wav/high/speaker0002/s20000366663.wav,1
438,wav/high/speaker0006/s10000312801.wav,wav/high/speaker0006/s20000312801.wav,1
439,wav/high/speaker0002/s10000376876.wav,wav/high/speaker0002/s20000376876.wav,0
440,wav/high/speaker0002/s10000346410.wav,wav/high/speaker0002/s20000346410.wav,1
441,wav/high/speaker0002/s10000005955.wav,wav/high/speaker0002/s20000005955.wav,0
442,wav/high/speaker0003/s10000335774.wav,wav/high/speaker0003/s20000335774.wav,0
443,wav/high/speaker0002/s10000326407.wav,wav/high/speaker0002/s20000326407.wav,1
