,path,path2,label
0,wav/medium/speaker0004/s10000000031.wav,wav/medium/speaker0004/s20000000031.wav,entailment
1,wav/medium/speaker0001/s10000000199.wav,wav/medium/speaker0001/s20000000199.wav,not_entailment
2,wav/medium/speaker0002/s10000000076.wav,wav/medium/speaker0002/s20000000076.wav,entailment
3,wav/medium/speaker0006/s10000000068.wav,wav/medium/speaker0006/s20000000068.wav,entailment
4,wav/medium/speaker0002/s10000000241.wav,wav/medium/speaker0002/s20000000241.wav,entailment
5,wav/medium/speaker0004/s10000000075.wav,wav/medium/speaker0004/s20000000075.wav,not_entailment
6,wav/medium/speaker0005/s10000000143.wav,wav/medium/speaker0005/s20000000143.wav,entailment
7,wav/medium/speaker0004/s10000000003.wav,wav/medium/speaker0004/s20000000003.wav,not_entailment
8,wav/medium/speaker0005/s10000000043.wav,wav/medium/speaker0005/s20000000043.wav,entailment
9,wav/medium/speaker0006/s10000000197.wav,wav/medium/speaker0006/s20000000197.wav,entailment
10,wav/medium/speaker0001/s10000000149.wav,wav/medium/speaker0001/s20000000149.wav,entailment
11,wav/medium/speaker0006/s10000000011.wav,wav/medium/speaker0006/s20000000011.wav,not_entailment
12,wav/medium/speaker0001/s10000000226.wav,wav/medium/speaker0001/s20000000226.wav,entailment
13,wav/medium/speaker0006/s10000000051.wav,wav/medium/speaker0006/s20000000051.wav,entailment
14,wav/medium/speaker0006/s10000000223.wav,wav/medium/speaker0006/s20000000223.wav,not_entailment
15,wav/medium/speaker0006/s10000000183.wav,wav/medium/speaker0006/s20000000183.wav,not_entailment
16,wav/medium/speaker0004/s10000000117.wav,wav/medium/speaker0004/s20000000117.wav,not_entailment
17,wav/medium/speaker0001/s10000000233.wav,wav/medium/speaker0001/s20000000233.wav,not_entailment
18,wav/medium/speaker0005/s10000000115.wav,wav/medium/speaker0005/s20000000115.wav,entailment
19,wav/medium/speaker0001/s10000000166.wav,wav/medium/speaker0001/s20000000166.wav,not_entailment
20,wav/medium/speaker0005/s10000000040.wav,wav/medium/speaker0005/s20000000040.wav,entailment
21,wav/medium/speaker0003/s10000000242.wav,wav/medium/speaker0003/s20000000242.wav,not_entailment
22,wav/medium/speaker0003/s10000000198.wav,wav/medium/speaker0003/s20000000198.wav,not_entailment
23,wav/medium/speaker0001/s10000000115.wav,wav/medium/speaker0001/s20000000115.wav,entailment
24,wav/medium/speaker0006/s10000000264.wav,wav/medium/speaker0006/s20000000264.wav,not_entailment
25,wav/medium/speaker0005/s10000000272.wav,wav/medium/speaker0005/s20000000272.wav,entailment
26,wav/medium/speaker0001/s10000000272.wav,wav/medium/speaker0001/s20000000272.wav,entailment
27,wav/medium/speaker0002/s10000000102.wav,wav/medium/speaker0002/s20000000102.wav,entailment
28,wav/medium/speaker0006/s10000000115.wav,wav/medium/speaker0006/s20000000115.wav,entailment
29,wav/medium/speaker0005/s10000000238.wav,wav/medium/speaker0005/s20000000238.wav,not_entailment
30,wav/medium/speaker0003/s10000000192.wav,wav/medium/speaker0003/s20000000192.wav,not_entailment
31,wav/medium/speaker0006/s10000000230.wav,wav/medium/speaker0006/s20000000230.wav,not_entailment
32,wav/medium/speaker0004/s10000000159.wav,wav/medium/speaker0004/s20000000159.wav,not_entailment
33,wav/medium/speaker0002/s10000000075.wav,wav/medium/speaker0002/s20000000075.wav,not_entailment
34,wav/medium/speaker0003/s10000000113.wav,wav/medium/speaker0003/s20000000113.wav,not_entailment
35,wav/medium/speaker0006/s10000000228.wav,wav/medium/speaker0006/s20000000228.wav,not_entailment
36,wav/medium/speaker0001/s10000000228.wav,wav/medium/speaker0001/s20000000228.wav,not_entailment
37,wav/medium/speaker0003/s10000000158.wav,wav/medium/speaker0003/s20000000158.wav,not_entailment
38,wav/medium/speaker0006/s10000000205.wav,wav/medium/speaker0006/s20000000205.wav,not_entailment
39,wav/medium/speaker0004/s10000000107.wav,wav/medium/speaker0004/s20000000107.wav,not_entailment
40,wav/medium/speaker0002/s10000000233.wav,wav/medium/speaker0002/s20000000233.wav,not_entailment
41,wav/medium/speaker0005/s10000000107.wav,wav/medium/speaker0005/s20000000107.wav,not_entailment
42,wav/medium/speaker0001/s10000000075.wav,wav/medium/speaker0001/s20000000075.wav,not_entailment
43,wav/medium/speaker0005/s10000000068.wav,wav/medium/speaker0005/s20000000068.wav,entailment
44,wav/medium/speaker0005/s10000000220.wav,wav/medium/speaker0005/s20000000220.wav,entailment
45,wav/medium/speaker0001/s10000000016.wav,wav/medium/speaker0001/s20000000016.wav,not_entailment
46,wav/medium/speaker0002/s10000000230.wav,wav/medium/speaker0002/s20000000230.wav,not_entailment
47,wav/medium/speaker0003/s10000000137.wav,wav/medium/speaker0003/s20000000137.wav,entailment
48,wav/medium/speaker0003/s10000000085.wav,wav/medium/speaker0003/s20000000085.wav,entailment
49,wav/medium/speaker0005/s10000000051.wav,wav/medium/speaker0005/s20000000051.wav,entailment
50,wav/medium/speaker0006/s10000000109.wav,wav/medium/speaker0006/s20000000109.wav,entailment
51,wav/medium/speaker0002/s10000000024.wav,wav/medium/speaker0002/s20000000024.wav,not_entailment
52,wav/medium/speaker0005/s10000000233.wav,wav/medium/speaker0005/s20000000233.wav,not_entailment
53,wav/medium/speaker0003/s10000000042.wav,wav/medium/speaker0003/s20000000042.wav,entailment
54,wav/medium/speaker0003/s10000000024.wav,wav/medium/speaker0003/s20000000024.wav,not_entailment
55,wav/medium/speaker0001/s10000000195.wav,wav/medium/speaker0001/s20000000195.wav,entailment
56,wav/medium/speaker0004/s10000000115.wav,wav/medium/speaker0004/s20000000115.wav,entailment
57,wav/medium/speaker0004/s10000000051.wav,wav/medium/speaker0004/s20000000051.wav,entailment
58,wav/medium/speaker0005/s10000000059.wav,wav/medium/speaker0005/s20000000059.wav,entailment
59,wav/medium/speaker0002/s10000000199.wav,wav/medium/speaker0002/s20000000199.wav,not_entailment
60,wav/medium/speaker0006/s10000000255.wav,wav/medium/speaker0006/s20000000255.wav,entailment
61,wav/medium/speaker0006/s10000000001.wav,wav/medium/speaker0006/s20000000001.wav,entailment
62,wav/medium/speaker0003/s10000000244.wav,wav/medium/speaker0003/s20000000244.wav,not_entailment
63,wav/medium/speaker0003/s10000000031.wav,wav/medium/speaker0003/s20000000031.wav,entailment
64,wav/medium/speaker0001/s10000000003.wav,wav/medium/speaker0001/s20000000003.wav,not_entailment
65,wav/medium/speaker0001/s10000000242.wav,wav/medium/speaker0001/s20000000242.wav,not_entailment
66,wav/medium/speaker0001/s10000000070.wav,wav/medium/speaker0001/s20000000070.wav,entailment
67,wav/medium/speaker0001/s10000000102.wav,wav/medium/speaker0001/s20000000102.wav,entailment
68,wav/medium/speaker0006/s10000000195.wav,wav/medium/speaker0006/s20000000195.wav,entailment
69,wav/medium/speaker0003/s10000000068.wav,wav/medium/speaker0003/s20000000068.wav,entailment
70,wav/medium/speaker0002/s10000000165.wav,wav/medium/speaker0002/s20000000165.wav,entailment
71,wav/medium/speaker0003/s10000000207.wav,wav/medium/speaker0003/s20000000207.wav,not_entailment
72,wav/medium/speaker0001/s10000000116.wav,wav/medium/speaker0001/s20000000116.wav,entailment
73,wav/medium/speaker0002/s10000000025.wav,wav/medium/speaker0002/s20000000025.wav,not_entailment
74,wav/medium/speaker0003/s10000000087.wav,wav/medium/speaker0003/s20000000087.wav,not_entailment
75,wav/medium/speaker0004/s10000000077.wav,wav/medium/speaker0004/s20000000077.wav,not_entailment
76,wav/medium/speaker0002/s10000000195.wav,wav/medium/speaker0002/s20000000195.wav,entailment
77,wav/medium/speaker0005/s10000000106.wav,wav/medium/speaker0005/s20000000106.wav,entailment
78,wav/medium/speaker0002/s10000000268.wav,wav/medium/speaker0002/s20000000268.wav,entailment
79,wav/medium/speaker0003/s10000000241.wav,wav/medium/speaker0003/s20000000241.wav,entailment
80,wav/medium/speaker0004/s10000000198.wav,wav/medium/speaker0004/s20000000198.wav,not_entailment
81,wav/medium/speaker0002/s10000000207.wav,wav/medium/speaker0002/s20000000207.wav,not_entailment
82,wav/medium/speaker0003/s10000000011.wav,wav/medium/speaker0003/s20000000011.wav,not_entailment
83,wav/medium/speaker0006/s10000000165.wav,wav/medium/speaker0006/s20000000165.wav,entailment
84,wav/medium/speaker0003/s10000000112.wav,wav/medium/speaker0003/s20000000112.wav,entailment
85,wav/medium/speaker0004/s10000000011.wav,wav/medium/speaker0004/s20000000011.wav,not_entailment
86,wav/medium/speaker0004/s10000000108.wav,wav/medium/speaker0004/s20000000108.wav,entailment
87,wav/medium/speaker0002/s10000000239.wav,wav/medium/speaker0002/s20000000239.wav,not_entailment
88,wav/medium/speaker0003/s10000000183.wav,wav/medium/speaker0003/s20000000183.wav,not_entailment
89,wav/medium/speaker0003/s10000000063.wav,wav/medium/speaker0003/s20000000063.wav,entailment
90,wav/medium/speaker0001/s10000000068.wav,wav/medium/speaker0001/s20000000068.wav,entailment
91,wav/medium/speaker0006/s10000000143.wav,wav/medium/speaker0006/s20000000143.wav,entailment
92,wav/medium/speaker0006/s10000000076.wav,wav/medium/speaker0006/s20000000076.wav,entailment
93,wav/medium/speaker0005/s10000000190.wav,wav/medium/speaker0005/s20000000190.wav,not_entailment
94,wav/medium/speaker0003/s10000000083.wav,wav/medium/speaker0003/s20000000083.wav,not_entailment
95,wav/medium/speaker0001/s10000000105.wav,wav/medium/speaker0001/s20000000105.wav,entailment
96,wav/medium/speaker0004/s10000000121.wav,wav/medium/speaker0004/s20000000121.wav,not_entailment
97,wav/medium/speaker0001/s10000000040.wav,wav/medium/speaker0001/s20000000040.wav,entailment
98,wav/medium/speaker0004/s10000000230.wav,wav/medium/speaker0004/s20000000230.wav,not_entailment
99,wav/medium/speaker0006/s10000000244.wav,wav/medium/speaker0006/s20000000244.wav,not_entailment
100,wav/medium/speaker0003/s10000000194.wav,wav/medium/speaker0003/s20000000194.wav,not_entailment
101,wav/medium/speaker0001/s10000000077.wav,wav/medium/speaker0001/s20000000077.wav,not_entailment
102,wav/medium/speaker0004/s10000000163.wav,wav/medium/speaker0004/s20000000163.wav,not_entailment
103,wav/medium/speaker0005/s10000000063.wav,wav/medium/speaker0005/s20000000063.wav,entailment
104,wav/medium/speaker0005/s10000000011.wav,wav/medium/speaker0005/s20000000011.wav,not_entailment
105,wav/medium/speaker0003/s10000000257.wav,wav/medium/speaker0003/s20000000257.wav,entailment
106,wav/medium/speaker0005/s10000000149.wav,wav/medium/speaker0005/s20000000149.wav,entailment
107,wav/medium/speaker0003/s10000000201.wav,wav/medium/speaker0003/s20000000201.wav,entailment
108,wav/medium/speaker0004/s10000000041.wav,wav/medium/speaker0004/s20000000041.wav,not_entailment
109,wav/medium/speaker0002/s10000000272.wav,wav/medium/speaker0002/s20000000272.wav,entailment
110,wav/medium/speaker0005/s10000000085.wav,wav/medium/speaker0005/s20000000085.wav,entailment
111,wav/medium/speaker0005/s10000000230.wav,wav/medium/speaker0005/s20000000230.wav,not_entailment
112,wav/medium/speaker0004/s10000000137.wav,wav/medium/speaker0004/s20000000137.wav,entailment
113,wav/medium/speaker0005/s10000000066.wav,wav/medium/speaker0005/s20000000066.wav,entailment
114,wav/medium/speaker0006/s10000000241.wav,wav/medium/speaker0006/s20000000241.wav,entailment
115,wav/medium/speaker0001/s10000000042.wav,wav/medium/speaker0001/s20000000042.wav,entailment
116,wav/medium/speaker0006/s10000000232.wav,wav/medium/speaker0006/s20000000232.wav,not_entailment
117,wav/medium/speaker0005/s10000000234.wav,wav/medium/speaker0005/s20000000234.wav,entailment
118,wav/medium/speaker0005/s10000000041.wav,wav/medium/speaker0005/s20000000041.wav,not_entailment
119,wav/medium/speaker0003/s10000000153.wav,wav/medium/speaker0003/s20000000153.wav,entailment
120,wav/medium/speaker0002/s10000000051.wav,wav/medium/speaker0002/s20000000051.wav,entailment
121,wav/medium/speaker0006/s10000000066.wav,wav/medium/speaker0006/s20000000066.wav,entailment
122,wav/medium/speaker0001/s10000000192.wav,wav/medium/speaker0001/s20000000192.wav,not_entailment
123,wav/medium/speaker0001/s10000000254.wav,wav/medium/speaker0001/s20000000254.wav,not_entailment
124,wav/medium/speaker0002/s10000000192.wav,wav/medium/speaker0002/s20000000192.wav,not_entailment
125,wav/medium/speaker0002/s10000000084.wav,wav/medium/speaker0002/s20000000084.wav,not_entailment
126,wav/medium/speaker0003/s10000000199.wav,wav/medium/speaker0003/s20000000199.wav,not_entailment
127,wav/medium/speaker0002/s10000000190.wav,wav/medium/speaker0002/s20000000190.wav,not_entailment
128,wav/medium/speaker0006/s10000000194.wav,wav/medium/speaker0006/s20000000194.wav,not_entailment
129,wav/medium/speaker0002/s10000000198.wav,wav/medium/speaker0002/s20000000198.wav,not_entailment
130,wav/medium/speaker0005/s10000000255.wav,wav/medium/speaker0005/s20000000255.wav,entailment
131,wav/medium/speaker0005/s10000000031.wav,wav/medium/speaker0005/s20000000031.wav,entailment
132,wav/medium/speaker0005/s10000000047.wav,wav/medium/speaker0005/s20000000047.wav,not_entailment
133,wav/medium/speaker0003/s10000000070.wav,wav/medium/speaker0003/s20000000070.wav,entailment
134,wav/medium/speaker0002/s10000000002.wav,wav/medium/speaker0002/s20000000002.wav,not_entailment
135,wav/medium/speaker0006/s10000000207.wav,wav/medium/speaker0006/s20000000207.wav,not_entailment
136,wav/medium/speaker0004/s10000000076.wav,wav/medium/speaker0004/s20000000076.wav,entailment
137,wav/medium/speaker0004/s10000000241.wav,wav/medium/speaker0004/s20000000241.wav,entailment
138,wav/medium/speaker0003/s10000000057.wav,wav/medium/speaker0003/s20000000057.wav,not_entailment
139,wav/medium/speaker0006/s10000000113.wav,wav/medium/speaker0006/s20000000113.wav,not_entailment
140,wav/medium/speaker0002/s10000000264.wav,wav/medium/speaker0002/s20000000264.wav,not_entailment
141,wav/medium/speaker0003/s10000000102.wav,wav/medium/speaker0003/s20000000102.wav,entailment
142,wav/medium/speaker0004/s10000000037.wav,wav/medium/speaker0004/s20000000037.wav,entailment
143,wav/medium/speaker0003/s10000000234.wav,wav/medium/speaker0003/s20000000234.wav,entailment
144,wav/medium/speaker0003/s10000000181.wav,wav/medium/speaker0003/s20000000181.wav,entailment
145,wav/medium/speaker0002/s10000000109.wav,wav/medium/speaker0002/s20000000109.wav,entailment
146,wav/medium/speaker0004/s10000000105.wav,wav/medium/speaker0004/s20000000105.wav,entailment
147,wav/medium/speaker0003/s10000000149.wav,wav/medium/speaker0003/s20000000149.wav,entailment
148,wav/medium/speaker0001/s10000000259.wav,wav/medium/speaker0001/s20000000259.wav,entailment
149,wav/medium/speaker0002/s10000000004.wav,wav/medium/speaker0002/s20000000004.wav,entailment
150,wav/medium/speaker0002/s10000000166.wav,wav/medium/speaker0002/s20000000166.wav,not_entailment
151,wav/medium/speaker0004/s10000000249.wav,wav/medium/speaker0004/s20000000249.wav,not_entailment
152,wav/medium/speaker0001/s10000000108.wav,wav/medium/speaker0001/s20000000108.wav,entailment
153,wav/medium/speaker0006/s10000000084.wav,wav/medium/speaker0006/s20000000084.wav,not_entailment
154,wav/medium/speaker0001/s10000000201.wav,wav/medium/speaker0001/s20000000201.wav,entailment
155,wav/medium/speaker0002/s10000000232.wav,wav/medium/speaker0002/s20000000232.wav,not_entailment
156,wav/medium/speaker0006/s10000000124.wav,wav/medium/speaker0006/s20000000124.wav,not_entailment
157,wav/medium/speaker0006/s10000000116.wav,wav/medium/speaker0006/s20000000116.wav,entailment
158,wav/medium/speaker0001/s10000000255.wav,wav/medium/speaker0001/s20000000255.wav,entailment
159,wav/medium/speaker0006/s10000000134.wav,wav/medium/speaker0006/s20000000134.wav,entailment
160,wav/medium/speaker0006/s10000000248.wav,wav/medium/speaker0006/s20000000248.wav,not_entailment
161,wav/medium/speaker0005/s10000000025.wav,wav/medium/speaker0005/s20000000025.wav,not_entailment
162,wav/medium/speaker0006/s10000000047.wav,wav/medium/speaker0006/s20000000047.wav,not_entailment
163,wav/medium/speaker0005/s10000000207.wav,wav/medium/speaker0005/s20000000207.wav,not_entailment
164,wav/medium/speaker0003/s10000000238.wav,wav/medium/speaker0003/s20000000238.wav,not_entailment
165,wav/medium/speaker0004/s10000000066.wav,wav/medium/speaker0004/s20000000066.wav,entailment
166,wav/medium/speaker0003/s10000000273.wav,wav/medium/speaker0003/s20000000273.wav,entailment
167,wav/medium/speaker0003/s10000000037.wav,wav/medium/speaker0003/s20000000037.wav,entailment
168,wav/medium/speaker0005/s10000000087.wav,wav/medium/speaker0005/s20000000087.wav,not_entailment
169,wav/medium/speaker0006/s10000000220.wav,wav/medium/speaker0006/s20000000220.wav,entailment
170,wav/medium/speaker0002/s10000000135.wav,wav/medium/speaker0002/s20000000135.wav,entailment
171,wav/medium/speaker0005/s10000000108.wav,wav/medium/speaker0005/s20000000108.wav,entailment
172,wav/medium/speaker0004/s10000000234.wav,wav/medium/speaker0004/s20000000234.wav,entailment
173,wav/medium/speaker0004/s10000000195.wav,wav/medium/speaker0004/s20000000195.wav,entailment
174,wav/medium/speaker0004/s10000000190.wav,wav/medium/speaker0004/s20000000190.wav,not_entailment
175,wav/medium/speaker0001/s10000000230.wav,wav/medium/speaker0001/s20000000230.wav,not_entailment
176,wav/medium/speaker0006/s10000000158.wav,wav/medium/speaker0006/s20000000158.wav,not_entailment
177,wav/medium/speaker0005/s10000000219.wav,wav/medium/speaker0005/s20000000219.wav,entailment
178,wav/medium/speaker0006/s10000000226.wav,wav/medium/speaker0006/s20000000226.wav,entailment
179,wav/medium/speaker0001/s10000000178.wav,wav/medium/speaker0001/s20000000178.wav,not_entailment
180,wav/medium/speaker0003/s10000000151.wav,wav/medium/speaker0003/s20000000151.wav,not_entailment
181,wav/medium/speaker0006/s10000000024.wav,wav/medium/speaker0006/s20000000024.wav,not_entailment
182,wav/medium/speaker0004/s10000000242.wav,wav/medium/speaker0004/s20000000242.wav,not_entailment
183,wav/medium/speaker0001/s10000000190.wav,wav/medium/speaker0001/s20000000190.wav,not_entailment
184,wav/medium/speaker0003/s10000000001.wav,wav/medium/speaker0003/s20000000001.wav,entailment
185,wav/medium/speaker0004/s10000000087.wav,wav/medium/speaker0004/s20000000087.wav,not_entailment
186,wav/medium/speaker0006/s10000000117.wav,wav/medium/speaker0006/s20000000117.wav,not_entailment
187,wav/medium/speaker0001/s10000000158.wav,wav/medium/speaker0001/s20000000158.wav,not_entailment
188,wav/medium/speaker0003/s10000000135.wav,wav/medium/speaker0003/s20000000135.wav,entailment
189,wav/medium/speaker0003/s10000000163.wav,wav/medium/speaker0003/s20000000163.wav,not_entailment
190,wav/medium/speaker0002/s10000000175.wav,wav/medium/speaker0002/s20000000175.wav,entailment
191,wav/medium/speaker0001/s10000000001.wav,wav/medium/speaker0001/s20000000001.wav,entailment
192,wav/medium/speaker0004/s10000000085.wav,wav/medium/speaker0004/s20000000085.wav,entailment
193,wav/medium/speaker0001/s10000000150.wav,wav/medium/speaker0001/s20000000150.wav,not_entailment
194,wav/medium/speaker0002/s10000000183.wav,wav/medium/speaker0002/s20000000183.wav,not_entailment
195,wav/medium/speaker0003/s10000000109.wav,wav/medium/speaker0003/s20000000109.wav,entailment
196,wav/medium/speaker0004/s10000000002.wav,wav/medium/speaker0004/s20000000002.wav,not_entailment
197,wav/medium/speaker0002/s10000000085.wav,wav/medium/speaker0002/s20000000085.wav,entailment
198,wav/medium/speaker0006/s10000000242.wav,wav/medium/speaker0006/s20000000242.wav,not_entailment
199,wav/medium/speaker0006/s10000000077.wav,wav/medium/speaker0006/s20000000077.wav,not_entailment
200,wav/medium/speaker0005/s10000000001.wav,wav/medium/speaker0005/s20000000001.wav,entailment
201,wav/medium/speaker0001/s10000000202.wav,wav/medium/speaker0001/s20000000202.wav,entailment
202,wav/medium/speaker0006/s10000000039.wav,wav/medium/speaker0006/s20000000039.wav,not_entailment
203,wav/medium/speaker0003/s10000000268.wav,wav/medium/speaker0003/s20000000268.wav,entailment
204,wav/medium/speaker0006/s10000000268.wav,wav/medium/speaker0006/s20000000268.wav,entailment
205,wav/medium/speaker0006/s10000000198.wav,wav/medium/speaker0006/s20000000198.wav,not_entailment
206,wav/medium/speaker0004/s10000000047.wav,wav/medium/speaker0004/s20000000047.wav,not_entailment
207,wav/medium/speaker0002/s10000000201.wav,wav/medium/speaker0002/s20000000201.wav,entailment
208,wav/medium/speaker0001/s10000000031.wav,wav/medium/speaker0001/s20000000031.wav,entailment
209,wav/medium/speaker0002/s10000000159.wav,wav/medium/speaker0002/s20000000159.wav,not_entailment
210,wav/medium/speaker0003/s10000000159.wav,wav/medium/speaker0003/s20000000159.wav,not_entailment
211,wav/medium/speaker0002/s10000000108.wav,wav/medium/speaker0002/s20000000108.wav,entailment
212,wav/medium/speaker0004/s10000000024.wav,wav/medium/speaker0004/s20000000024.wav,not_entailment
213,wav/medium/speaker0001/s10000000151.wav,wav/medium/speaker0001/s20000000151.wav,not_entailment
214,wav/medium/speaker0003/s10000000272.wav,wav/medium/speaker0003/s20000000272.wav,entailment
215,wav/medium/speaker0001/s10000000268.wav,wav/medium/speaker0001/s20000000268.wav,entailment
216,wav/medium/speaker0003/s10000000259.wav,wav/medium/speaker0003/s20000000259.wav,entailment
217,wav/medium/speaker0001/s10000000244.wav,wav/medium/speaker0001/s20000000244.wav,not_entailment
218,wav/medium/speaker0003/s10000000175.wav,wav/medium/speaker0003/s20000000175.wav,entailment
219,wav/medium/speaker0002/s10000000234.wav,wav/medium/speaker0002/s20000000234.wav,entailment
220,wav/medium/speaker0001/s10000000121.wav,wav/medium/speaker0001/s20000000121.wav,not_entailment
221,wav/medium/speaker0002/s10000000105.wav,wav/medium/speaker0002/s20000000105.wav,entailment
222,wav/medium/speaker0005/s10000000050.wav,wav/medium/speaker0005/s20000000050.wav,not_entailment
223,wav/medium/speaker0006/s10000000175.wav,wav/medium/speaker0006/s20000000175.wav,entailment
224,wav/medium/speaker0005/s10000000264.wav,wav/medium/speaker0005/s20000000264.wav,not_entailment
225,wav/medium/speaker0004/s10000000194.wav,wav/medium/speaker0004/s20000000194.wav,not_entailment
226,wav/medium/speaker0006/s10000000239.wav,wav/medium/speaker0006/s20000000239.wav,not_entailment
227,wav/medium/speaker0006/s10000000075.wav,wav/medium/speaker0006/s20000000075.wav,not_entailment
228,wav/medium/speaker0002/s10000000273.wav,wav/medium/speaker0002/s20000000273.wav,entailment
229,wav/medium/speaker0001/s10000000106.wav,wav/medium/speaker0001/s20000000106.wav,entailment
230,wav/medium/speaker0004/s10000000042.wav,wav/medium/speaker0004/s20000000042.wav,entailment
231,wav/medium/speaker0005/s10000000134.wav,wav/medium/speaker0005/s20000000134.wav,entailment
232,wav/medium/speaker0006/s10000000192.wav,wav/medium/speaker0006/s20000000192.wav,not_entailment
233,wav/medium/speaker0005/s10000000199.wav,wav/medium/speaker0005/s20000000199.wav,not_entailment
234,wav/medium/speaker0004/s10000000143.wav,wav/medium/speaker0004/s20000000143.wav,entailment
235,wav/medium/speaker0003/s10000000039.wav,wav/medium/speaker0003/s20000000039.wav,not_entailment
236,wav/medium/speaker0004/s10000000106.wav,wav/medium/speaker0004/s20000000106.wav,entailment
237,wav/medium/speaker0004/s10000000232.wav,wav/medium/speaker0004/s20000000232.wav,not_entailment
238,wav/medium/speaker0003/s10000000190.wav,wav/medium/speaker0003/s20000000190.wav,not_entailment
239,wav/medium/speaker0002/s10000000143.wav,wav/medium/speaker0002/s20000000143.wav,entailment
240,wav/medium/speaker0002/s10000000041.wav,wav/medium/speaker0002/s20000000041.wav,not_entailment
241,wav/medium/speaker0002/s10000000249.wav,wav/medium/speaker0002/s20000000249.wav,not_entailment
242,wav/medium/speaker0003/s10000000106.wav,wav/medium/speaker0003/s20000000106.wav,entailment
243,wav/medium/speaker0001/s10000000113.wav,wav/medium/speaker0001/s20000000113.wav,not_entailment
244,wav/medium/speaker0002/s10000000042.wav,wav/medium/speaker0002/s20000000042.wav,entailment
245,wav/medium/speaker0004/s10000000010.wav,wav/medium/speaker0004/s20000000010.wav,entailment
246,wav/medium/speaker0004/s10000000149.wav,wav/medium/speaker0004/s20000000149.wav,entailment
247,wav/medium/speaker0006/s10000000002.wav,wav/medium/speaker0006/s20000000002.wav,not_entailment
248,wav/medium/speaker0001/s10000000083.wav,wav/medium/speaker0001/s20000000083.wav,not_entailment
249,wav/medium/speaker0005/s10000000112.wav,wav/medium/speaker0005/s20000000112.wav,entailment
250,wav/medium/speaker0001/s10000000205.wav,wav/medium/speaker0001/s20000000205.wav,not_entailment
251,wav/medium/speaker0004/s10000000057.wav,wav/medium/speaker0004/s20000000057.wav,not_entailment
252,wav/medium/speaker0004/s10000000102.wav,wav/medium/speaker0004/s20000000102.wav,entailment
253,wav/medium/speaker0006/s10000000149.wav,wav/medium/speaker0006/s20000000149.wav,entailment
254,wav/medium/speaker0004/s10000000004.wav,wav/medium/speaker0004/s20000000004.wav,entailment
255,wav/medium/speaker0004/s10000000219.wav,wav/medium/speaker0004/s20000000219.wav,entailment
256,wav/medium/speaker0001/s10000000175.wav,wav/medium/speaker0001/s20000000175.wav,entailment
257,wav/medium/speaker0002/s10000000197.wav,wav/medium/speaker0002/s20000000197.wav,entailment
258,wav/medium/speaker0004/s10000000025.wav,wav/medium/speaker0004/s20000000025.wav,not_entailment
259,wav/medium/speaker0005/s10000000159.wav,wav/medium/speaker0005/s20000000159.wav,not_entailment
260,wav/medium/speaker0004/s10000000165.wav,wav/medium/speaker0004/s20000000165.wav,entailment
261,wav/medium/speaker0001/s10000000248.wav,wav/medium/speaker0001/s20000000248.wav,not_entailment
262,wav/medium/speaker0004/s10000000124.wav,wav/medium/speaker0004/s20000000124.wav,not_entailment
263,wav/medium/speaker0005/s10000000151.wav,wav/medium/speaker0005/s20000000151.wav,not_entailment
264,wav/medium/speaker0005/s10000000153.wav,wav/medium/speaker0005/s20000000153.wav,entailment
265,wav/medium/speaker0006/s10000000190.wav,wav/medium/speaker0006/s20000000190.wav,not_entailment
266,wav/medium/speaker0005/s10000000202.wav,wav/medium/speaker0005/s20000000202.wav,entailment
267,wav/medium/speaker0004/s10000000151.wav,wav/medium/speaker0004/s20000000151.wav,not_entailment
268,wav/medium/speaker0001/s10000000134.wav,wav/medium/speaker0001/s20000000134.wav,entailment
269,wav/medium/speaker0006/s10000000037.wav,wav/medium/speaker0006/s20000000037.wav,entailment
270,wav/medium/speaker0006/s10000000041.wav,wav/medium/speaker0006/s20000000041.wav,not_entailment
271,wav/medium/speaker0002/s10000000057.wav,wav/medium/speaker0002/s20000000057.wav,not_entailment
272,wav/medium/speaker0002/s10000000219.wav,wav/medium/speaker0002/s20000000219.wav,entailment
273,wav/medium/speaker0003/s10000000004.wav,wav/medium/speaker0003/s20000000004.wav,entailment
274,wav/medium/speaker0003/s10000000264.wav,wav/medium/speaker0003/s20000000264.wav,not_entailment
275,wav/medium/speaker0002/s10000000259.wav,wav/medium/speaker0002/s20000000259.wav,entailment
276,wav/medium/speaker0005/s10000000228.wav,wav/medium/speaker0005/s20000000228.wav,not_entailment
277,wav/medium/speaker0005/s10000000198.wav,wav/medium/speaker0005/s20000000198.wav,not_entailment
278,wav/medium/speaker0001/s10000000124.wav,wav/medium/speaker0001/s20000000124.wav,not_entailment
279,wav/medium/speaker0004/s10000000116.wav,wav/medium/speaker0004/s20000000116.wav,entailment
280,wav/medium/speaker0005/s10000000241.wav,wav/medium/speaker0005/s20000000241.wav,entailment
281,wav/medium/speaker0003/s10000000003.wav,wav/medium/speaker0003/s20000000003.wav,not_entailment
282,wav/medium/speaker0005/s10000000075.wav,wav/medium/speaker0005/s20000000075.wav,not_entailment
283,wav/medium/speaker0004/s10000000166.wav,wav/medium/speaker0004/s20000000166.wav,not_entailment
284,wav/medium/speaker0006/s10000000137.wav,wav/medium/speaker0006/s20000000137.wav,entailment
285,wav/medium/speaker0002/s10000000257.wav,wav/medium/speaker0002/s20000000257.wav,entailment
286,wav/medium/speaker0001/s10000000137.wav,wav/medium/speaker0001/s20000000137.wav,entailment
287,wav/medium/speaker0005/s10000000263.wav,wav/medium/speaker0005/s20000000263.wav,entailment
288,wav/medium/speaker0001/s10000000112.wav,wav/medium/speaker0001/s20000000112.wav,entailment
289,wav/medium/speaker0004/s10000000175.wav,wav/medium/speaker0004/s20000000175.wav,entailment
290,wav/medium/speaker0001/s10000000051.wav,wav/medium/speaker0001/s20000000051.wav,entailment
291,wav/medium/speaker0003/s10000000150.wav,wav/medium/speaker0003/s20000000150.wav,not_entailment
292,wav/medium/speaker0003/s10000000077.wav,wav/medium/speaker0003/s20000000077.wav,not_entailment
293,wav/medium/speaker0003/s10000000254.wav,wav/medium/speaker0003/s20000000254.wav,not_entailment
294,wav/medium/speaker0005/s10000000248.wav,wav/medium/speaker0005/s20000000248.wav,not_entailment
295,wav/medium/speaker0001/s10000000096.wav,wav/medium/speaker0001/s20000000096.wav,not_entailment
296,wav/medium/speaker0003/s10000000232.wav,wav/medium/speaker0003/s20000000232.wav,not_entailment
297,wav/medium/speaker0002/s10000000153.wav,wav/medium/speaker0002/s20000000153.wav,entailment
298,wav/medium/speaker0002/s10000000216.wav,wav/medium/speaker0002/s20000000216.wav,entailment
299,wav/medium/speaker0005/s10000000057.wav,wav/medium/speaker0005/s20000000057.wav,not_entailment
300,wav/medium/speaker0001/s10000000207.wav,wav/medium/speaker0001/s20000000207.wav,not_entailment
301,wav/medium/speaker0001/s10000000039.wav,wav/medium/speaker0001/s20000000039.wav,not_entailment
302,wav/medium/speaker0001/s10000000082.wav,wav/medium/speaker0001/s20000000082.wav,not_entailment
303,wav/medium/speaker0001/s10000000198.wav,wav/medium/speaker0001/s20000000198.wav,not_entailment
304,wav/medium/speaker0006/s10000000254.wav,wav/medium/speaker0006/s20000000254.wav,not_entailment
305,wav/medium/speaker0002/s10000000113.wav,wav/medium/speaker0002/s20000000113.wav,not_entailment
306,wav/medium/speaker0006/s10000000108.wav,wav/medium/speaker0006/s20000000108.wav,entailment
307,wav/medium/speaker0001/s10000000087.wav,wav/medium/speaker0001/s20000000087.wav,not_entailment
308,wav/medium/speaker0006/s10000000233.wav,wav/medium/speaker0006/s20000000233.wav,not_entailment
309,wav/medium/speaker0003/s10000000117.wav,wav/medium/speaker0003/s20000000117.wav,not_entailment
310,wav/medium/speaker0002/s10000000083.wav,wav/medium/speaker0002/s20000000083.wav,not_entailment
311,wav/medium/speaker0005/s10000000242.wav,wav/medium/speaker0005/s20000000242.wav,not_entailment
312,wav/medium/speaker0005/s10000000076.wav,wav/medium/speaker0005/s20000000076.wav,entailment
313,wav/medium/speaker0003/s10000000223.wav,wav/medium/speaker0003/s20000000223.wav,not_entailment
314,wav/medium/speaker0002/s10000000031.wav,wav/medium/speaker0002/s20000000031.wav,entailment
315,wav/medium/speaker0005/s10000000113.wav,wav/medium/speaker0005/s20000000113.wav,not_entailment
316,wav/medium/speaker0005/s10000000082.wav,wav/medium/speaker0005/s20000000082.wav,not_entailment
317,wav/medium/speaker0002/s10000000112.wav,wav/medium/speaker0002/s20000000112.wav,entailment
318,wav/medium/speaker0001/s10000000234.wav,wav/medium/speaker0001/s20000000234.wav,entailment
319,wav/medium/speaker0004/s10000000238.wav,wav/medium/speaker0004/s20000000238.wav,not_entailment
320,wav/medium/speaker0001/s10000000163.wav,wav/medium/speaker0001/s20000000163.wav,not_entailment
321,wav/medium/speaker0001/s10000000219.wav,wav/medium/speaker0001/s20000000219.wav,entailment
322,wav/medium/speaker0005/s10000000165.wav,wav/medium/speaker0005/s20000000165.wav,entailment
323,wav/medium/speaker0002/s10000000151.wav,wav/medium/speaker0002/s20000000151.wav,not_entailment
324,wav/medium/speaker0002/s10000000205.wav,wav/medium/speaker0002/s20000000205.wav,not_entailment
325,wav/medium/speaker0004/s10000000040.wav,wav/medium/speaker0004/s20000000040.wav,entailment
326,wav/medium/speaker0004/s10000000239.wav,wav/medium/speaker0004/s20000000239.wav,not_entailment
327,wav/medium/speaker0002/s10000000037.wav,wav/medium/speaker0002/s20000000037.wav,entailment
328,wav/medium/speaker0005/s10000000183.wav,wav/medium/speaker0005/s20000000183.wav,not_entailment
329,wav/medium/speaker0004/s10000000226.wav,wav/medium/speaker0004/s20000000226.wav,entailment
330,wav/medium/speaker0002/s10000000016.wav,wav/medium/speaker0002/s20000000016.wav,not_entailment
331,wav/medium/speaker0003/s10000000205.wav,wav/medium/speaker0003/s20000000205.wav,not_entailment
332,wav/medium/speaker0002/s10000000010.wav,wav/medium/speaker0002/s20000000010.wav,entailment
333,wav/medium/speaker0002/s10000000223.wav,wav/medium/speaker0002/s20000000223.wav,not_entailment
334,wav/medium/speaker0004/s10000000216.wav,wav/medium/speaker0004/s20000000216.wav,entailment
335,wav/medium/speaker0003/s10000000195.wav,wav/medium/speaker0003/s20000000195.wav,entailment
336,wav/medium/speaker0003/s10000000165.wav,wav/medium/speaker0003/s20000000165.wav,entailment
337,wav/medium/speaker0002/s10000000178.wav,wav/medium/speaker0002/s20000000178.wav,not_entailment
338,wav/medium/speaker0003/s10000000124.wav,wav/medium/speaker0003/s20000000124.wav,not_entailment
339,wav/medium/speaker0003/s10000000228.wav,wav/medium/speaker0003/s20000000228.wav,not_entailment
340,wav/medium/speaker0002/s10000000226.wav,wav/medium/speaker0002/s20000000226.wav,entailment
341,wav/medium/speaker0001/s10000000216.wav,wav/medium/speaker0001/s20000000216.wav,entailment
342,wav/medium/speaker0003/s10000000076.wav,wav/medium/speaker0003/s20000000076.wav,entailment
343,wav/medium/speaker0005/s10000000195.wav,wav/medium/speaker0005/s20000000195.wav,entailment
344,wav/medium/speaker0001/s10000000107.wav,wav/medium/speaker0001/s20000000107.wav,not_entailment
345,wav/medium/speaker0002/s10000000043.wav,wav/medium/speaker0002/s20000000043.wav,entailment
346,wav/medium/speaker0004/s10000000068.wav,wav/medium/speaker0004/s20000000068.wav,entailment
347,wav/medium/speaker0002/s10000000003.wav,wav/medium/speaker0002/s20000000003.wav,not_entailment
348,wav/medium/speaker0004/s10000000039.wav,wav/medium/speaker0004/s20000000039.wav,not_entailment
349,wav/medium/speaker0002/s10000000059.wav,wav/medium/speaker0002/s20000000059.wav,entailment
350,wav/medium/speaker0001/s10000000194.wav,wav/medium/speaker0001/s20000000194.wav,not_entailment
351,wav/medium/speaker0005/s10000000067.wav,wav/medium/speaker0005/s20000000067.wav,entailment
352,wav/medium/speaker0005/s10000000109.wav,wav/medium/speaker0005/s20000000109.wav,entailment
353,wav/medium/speaker0004/s10000000223.wav,wav/medium/speaker0004/s20000000223.wav,not_entailment
354,wav/medium/speaker0003/s10000000108.wav,wav/medium/speaker0003/s20000000108.wav,entailment
355,wav/medium/speaker0003/s10000000220.wav,wav/medium/speaker0003/s20000000220.wav,entailment
356,wav/medium/speaker0001/s10000000249.wav,wav/medium/speaker0001/s20000000249.wav,not_entailment
357,wav/medium/speaker0006/s10000000121.wav,wav/medium/speaker0006/s20000000121.wav,not_entailment
358,wav/medium/speaker0003/s10000000040.wav,wav/medium/speaker0003/s20000000040.wav,entailment
359,wav/medium/speaker0004/s10000000109.wav,wav/medium/speaker0004/s20000000109.wav,entailment
360,wav/medium/speaker0003/s10000000082.wav,wav/medium/speaker0003/s20000000082.wav,not_entailment
361,wav/medium/speaker0003/s10000000105.wav,wav/medium/speaker0003/s20000000105.wav,entailment
362,wav/medium/speaker0002/s10000000161.wav,wav/medium/speaker0002/s20000000161.wav,entailment
363,wav/medium/speaker0003/s10000000161.wav,wav/medium/speaker0003/s20000000161.wav,entailment
364,wav/medium/speaker0005/s10000000226.wav,wav/medium/speaker0005/s20000000226.wav,entailment
365,wav/medium/speaker0006/s10000000273.wav,wav/medium/speaker0006/s20000000273.wav,entailment
366,wav/medium/speaker0003/s10000000178.wav,wav/medium/speaker0003/s20000000178.wav,not_entailment
367,wav/medium/speaker0002/s10000000202.wav,wav/medium/speaker0002/s20000000202.wav,entailment
368,wav/medium/speaker0002/s10000000063.wav,wav/medium/speaker0002/s20000000063.wav,entailment
369,wav/medium/speaker0006/s10000000050.wav,wav/medium/speaker0006/s20000000050.wav,not_entailment
370,wav/medium/speaker0004/s10000000150.wav,wav/medium/speaker0004/s20000000150.wav,not_entailment
371,wav/medium/speaker0005/s10000000273.wav,wav/medium/speaker0005/s20000000273.wav,entailment
372,wav/medium/speaker0002/s10000000067.wav,wav/medium/speaker0002/s20000000067.wav,entailment
373,wav/medium/speaker0003/s10000000096.wav,wav/medium/speaker0003/s20000000096.wav,not_entailment
374,wav/medium/speaker0001/s10000000057.wav,wav/medium/speaker0001/s20000000057.wav,not_entailment
375,wav/medium/speaker0004/s10000000050.wav,wav/medium/speaker0004/s20000000050.wav,not_entailment
376,wav/medium/speaker0002/s10000000116.wav,wav/medium/speaker0002/s20000000116.wav,entailment
377,wav/medium/speaker0006/s10000000107.wav,wav/medium/speaker0006/s20000000107.wav,not_entailment
378,wav/medium/speaker0006/s10000000150.wav,wav/medium/speaker0006/s20000000150.wav,not_entailment
379,wav/medium/speaker0004/s10000000197.wav,wav/medium/speaker0004/s20000000197.wav,entailment
380,wav/medium/speaker0005/s10000000205.wav,wav/medium/speaker0005/s20000000205.wav,not_entailment
381,wav/medium/speaker0004/s10000000059.wav,wav/medium/speaker0004/s20000000059.wav,entailment
382,wav/medium/speaker0006/s10000000042.wav,wav/medium/speaker0006/s20000000042.wav,entailment
383,wav/medium/speaker0004/s10000000153.wav,wav/medium/speaker0004/s20000000153.wav,entailment
384,wav/medium/speaker0004/s10000000192.wav,wav/medium/speaker0004/s20000000192.wav,not_entailment
385,wav/medium/speaker0004/s10000000205.wav,wav/medium/speaker0004/s20000000205.wav,not_entailment
386,wav/medium/speaker0002/s10000000158.wav,wav/medium/speaker0002/s20000000158.wav,not_entailment
387,wav/medium/speaker0001/s10000000004.wav,wav/medium/speaker0001/s20000000004.wav,entailment
388,wav/medium/speaker0004/s10000000001.wav,wav/medium/speaker0004/s20000000001.wav,entailment
389,wav/medium/speaker0005/s10000000216.wav,wav/medium/speaker0005/s20000000216.wav,entailment
390,wav/medium/speaker0001/s10000000153.wav,wav/medium/speaker0001/s20000000153.wav,entailment
391,wav/medium/speaker0001/s10000000263.wav,wav/medium/speaker0001/s20000000263.wav,entailment
392,wav/medium/speaker0006/s10000000249.wav,wav/medium/speaker0006/s20000000249.wav,not_entailment
393,wav/medium/speaker0003/s10000000134.wav,wav/medium/speaker0003/s20000000134.wav,entailment
394,wav/medium/speaker0006/s10000000112.wav,wav/medium/speaker0006/s20000000112.wav,entailment
395,wav/medium/speaker0003/s10000000248.wav,wav/medium/speaker0003/s20000000248.wav,not_entailment
396,wav/medium/speaker0006/s10000000063.wav,wav/medium/speaker0006/s20000000063.wav,entailment
397,wav/medium/speaker0003/s10000000115.wav,wav/medium/speaker0003/s20000000115.wav,entailment
398,wav/medium/speaker0005/s10000000003.wav,wav/medium/speaker0005/s20000000003.wav,not_entailment
399,wav/medium/speaker0002/s10000000254.wav,wav/medium/speaker0002/s20000000254.wav,not_entailment
400,wav/medium/speaker0006/s10000000059.wav,wav/medium/speaker0006/s20000000059.wav,entailment
401,wav/medium/speaker0002/s10000000087.wav,wav/medium/speaker0002/s20000000087.wav,not_entailment
402,wav/medium/speaker0006/s10000000272.wav,wav/medium/speaker0006/s20000000272.wav,entailment
403,wav/medium/speaker0005/s10000000178.wav,wav/medium/speaker0005/s20000000178.wav,not_entailment
404,wav/medium/speaker0003/s10000000202.wav,wav/medium/speaker0003/s20000000202.wav,entailment
405,wav/medium/speaker0005/s10000000158.wav,wav/medium/speaker0005/s20000000158.wav,not_entailment
406,wav/medium/speaker0001/s10000000037.wav,wav/medium/speaker0001/s20000000037.wav,entailment
407,wav/medium/speaker0004/s10000000016.wav,wav/medium/speaker0004/s20000000016.wav,not_entailment
408,wav/medium/speaker0003/s10000000043.wav,wav/medium/speaker0003/s20000000043.wav,entailment
409,wav/medium/speaker0004/s10000000096.wav,wav/medium/speaker0004/s20000000096.wav,not_entailment
410,wav/medium/speaker0006/s10000000181.wav,wav/medium/speaker0006/s20000000181.wav,entailment
411,wav/medium/speaker0001/s10000000159.wav,wav/medium/speaker0001/s20000000159.wav,not_entailment
412,wav/medium/speaker0005/s10000000223.wav,wav/medium/speaker0005/s20000000223.wav,not_entailment
413,wav/medium/speaker0005/s10000000192.wav,wav/medium/speaker0005/s20000000192.wav,not_entailment
414,wav/medium/speaker0002/s10000000263.wav,wav/medium/speaker0002/s20000000263.wav,entailment
415,wav/medium/speaker0006/s10000000040.wav,wav/medium/speaker0006/s20000000040.wav,entailment
416,wav/medium/speaker0004/s10000000113.wav,wav/medium/speaker0004/s20000000113.wav,not_entailment
417,wav/medium/speaker0005/s10000000181.wav,wav/medium/speaker0005/s20000000181.wav,entailment
418,wav/medium/speaker0006/s10000000202.wav,wav/medium/speaker0006/s20000000202.wav,entailment
419,wav/medium/speaker0004/s10000000248.wav,wav/medium/speaker0004/s20000000248.wav,not_entailment
420,wav/medium/speaker0005/s10000000201.wav,wav/medium/speaker0005/s20000000201.wav,entailment
421,wav/medium/speaker0001/s10000000238.wav,wav/medium/speaker0001/s20000000238.wav,not_entailment
422,wav/medium/speaker0004/s10000000263.wav,wav/medium/speaker0004/s20000000263.wav,entailment
423,wav/medium/speaker0006/s10000000031.wav,wav/medium/speaker0006/s20000000031.wav,entailment
424,wav/medium/speaker0002/s10000000149.wav,wav/medium/speaker0002/s20000000149.wav,entailment
425,wav/medium/speaker0002/s10000000181.wav,wav/medium/speaker0002/s20000000181.wav,entailment
426,wav/medium/speaker0006/s10000000102.wav,wav/medium/speaker0006/s20000000102.wav,entailment
427,wav/medium/speaker0003/s10000000016.wav,wav/medium/speaker0003/s20000000016.wav,not_entailment
428,wav/medium/speaker0003/s10000000121.wav,wav/medium/speaker0003/s20000000121.wav,not_entailment
429,wav/medium/speaker0004/s10000000083.wav,wav/medium/speaker0004/s20000000083.wav,not_entailment
430,wav/medium/speaker0004/s10000000228.wav,wav/medium/speaker0004/s20000000228.wav,not_entailment
431,wav/medium/speaker0004/s10000000202.wav,wav/medium/speaker0004/s20000000202.wav,entailment
432,wav/medium/speaker0006/s10000000067.wav,wav/medium/speaker0006/s20000000067.wav,entailment
433,wav/medium/speaker0004/s10000000181.wav,wav/medium/speaker0004/s20000000181.wav,entailment
434,wav/medium/speaker0001/s10000000043.wav,wav/medium/speaker0001/s20000000043.wav,entailment
435,wav/medium/speaker0005/s10000000004.wav,wav/medium/speaker0005/s20000000004.wav,entailment
436,wav/medium/speaker0004/s10000000082.wav,wav/medium/speaker0004/s20000000082.wav,not_entailment
437,wav/medium/speaker0004/s10000000135.wav,wav/medium/speaker0004/s20000000135.wav,entailment
438,wav/medium/speaker0003/s10000000116.wav,wav/medium/speaker0003/s20000000116.wav,entailment
439,wav/medium/speaker0002/s10000000070.wav,wav/medium/speaker0002/s20000000070.wav,entailment
440,wav/medium/speaker0005/s10000000083.wav,wav/medium/speaker0005/s20000000083.wav,not_entailment
441,wav/medium/speaker0003/s10000000239.wav,wav/medium/speaker0003/s20000000239.wav,not_entailment
442,wav/medium/speaker0005/s10000000244.wav,wav/medium/speaker0005/s20000000244.wav,not_entailment
443,wav/medium/speaker0001/s10000000011.wav,wav/medium/speaker0001/s20000000011.wav,not_entailment
444,wav/medium/speaker0003/s10000000226.wav,wav/medium/speaker0003/s20000000226.wav,entailment
445,wav/medium/speaker0005/s10000000070.wav,wav/medium/speaker0005/s20000000070.wav,entailment
446,wav/medium/speaker0006/s10000000025.wav,wav/medium/speaker0006/s20000000025.wav,not_entailment
447,wav/medium/speaker0002/s10000000106.wav,wav/medium/speaker0002/s20000000106.wav,entailment
448,wav/medium/speaker0002/s10000000228.wav,wav/medium/speaker0002/s20000000228.wav,not_entailment
449,wav/medium/speaker0006/s10000000199.wav,wav/medium/speaker0006/s20000000199.wav,not_entailment
450,wav/medium/speaker0006/s10000000082.wav,wav/medium/speaker0006/s20000000082.wav,not_entailment
451,wav/medium/speaker0002/s10000000082.wav,wav/medium/speaker0002/s20000000082.wav,not_entailment
452,wav/medium/speaker0003/s10000000059.wav,wav/medium/speaker0003/s20000000059.wav,entailment
453,wav/medium/speaker0001/s10000000117.wav,wav/medium/speaker0001/s20000000117.wav,not_entailment
454,wav/medium/speaker0003/s10000000067.wav,wav/medium/speaker0003/s20000000067.wav,entailment
455,wav/medium/speaker0004/s10000000273.wav,wav/medium/speaker0004/s20000000273.wav,entailment
456,wav/medium/speaker0006/s10000000178.wav,wav/medium/speaker0006/s20000000178.wav,not_entailment
457,wav/medium/speaker0001/s10000000232.wav,wav/medium/speaker0001/s20000000232.wav,not_entailment
458,wav/medium/speaker0003/s10000000050.wav,wav/medium/speaker0003/s20000000050.wav,not_entailment
459,wav/medium/speaker0001/s10000000257.wav,wav/medium/speaker0001/s20000000257.wav,entailment
460,wav/medium/speaker0002/s10000000096.wav,wav/medium/speaker0002/s20000000096.wav,not_entailment
461,wav/medium/speaker0005/s10000000239.wav,wav/medium/speaker0005/s20000000239.wav,not_entailment
462,wav/medium/speaker0005/s10000000102.wav,wav/medium/speaker0005/s20000000102.wav,entailment
463,wav/medium/speaker0004/s10000000268.wav,wav/medium/speaker0004/s20000000268.wav,entailment
464,wav/medium/speaker0003/s10000000047.wav,wav/medium/speaker0003/s20000000047.wav,not_entailment
465,wav/medium/speaker0005/s10000000257.wav,wav/medium/speaker0005/s20000000257.wav,entailment
466,wav/medium/speaker0006/s10000000043.wav,wav/medium/speaker0006/s20000000043.wav,entailment
467,wav/medium/speaker0001/s10000000197.wav,wav/medium/speaker0001/s20000000197.wav,entailment
468,wav/medium/speaker0005/s10000000268.wav,wav/medium/speaker0005/s20000000268.wav,entailment
469,wav/medium/speaker0001/s10000000264.wav,wav/medium/speaker0001/s20000000264.wav,not_entailment
470,wav/medium/speaker0006/s10000000010.wav,wav/medium/speaker0006/s20000000010.wav,entailment
471,wav/medium/speaker0003/s10000000197.wav,wav/medium/speaker0003/s20000000197.wav,entailment
472,wav/medium/speaker0006/s10000000234.wav,wav/medium/speaker0006/s20000000234.wav,entailment
473,wav/medium/speaker0002/s10000000077.wav,wav/medium/speaker0002/s20000000077.wav,not_entailment
474,wav/medium/speaker0003/s10000000219.wav,wav/medium/speaker0003/s20000000219.wav,entailment
475,wav/medium/speaker0005/s10000000116.wav,wav/medium/speaker0005/s20000000116.wav,entailment
476,wav/medium/speaker0004/s10000000199.wav,wav/medium/speaker0004/s20000000199.wav,not_entailment
477,wav/medium/speaker0005/s10000000135.wav,wav/medium/speaker0005/s20000000135.wav,entailment
478,wav/medium/speaker0006/s10000000016.wav,wav/medium/speaker0006/s20000000016.wav,not_entailment
479,wav/medium/speaker0005/s10000000084.wav,wav/medium/speaker0005/s20000000084.wav,not_entailment
480,wav/medium/speaker0004/s10000000201.wav,wav/medium/speaker0004/s20000000201.wav,entailment
481,wav/medium/speaker0005/s10000000016.wav,wav/medium/speaker0005/s20000000016.wav,not_entailment
482,wav/medium/speaker0001/s10000000002.wav,wav/medium/speaker0001/s20000000002.wav,not_entailment
483,wav/medium/speaker0003/s10000000143.wav,wav/medium/speaker0003/s20000000143.wav,entailment
484,wav/medium/speaker0002/s10000000163.wav,wav/medium/speaker0002/s20000000163.wav,not_entailment
485,wav/medium/speaker0001/s10000000047.wav,wav/medium/speaker0001/s20000000047.wav,not_entailment
486,wav/medium/speaker0006/s10000000096.wav,wav/medium/speaker0006/s20000000096.wav,not_entailment
487,wav/medium/speaker0001/s10000000109.wav,wav/medium/speaker0001/s20000000109.wav,entailment
488,wav/medium/speaker0001/s10000000084.wav,wav/medium/speaker0001/s20000000084.wav,not_entailment
489,wav/medium/speaker0002/s10000000150.wav,wav/medium/speaker0002/s20000000150.wav,not_entailment
490,wav/medium/speaker0005/s10000000232.wav,wav/medium/speaker0005/s20000000232.wav,not_entailment
491,wav/medium/speaker0002/s10000000107.wav,wav/medium/speaker0002/s20000000107.wav,not_entailment
492,wav/medium/speaker0002/s10000000121.wav,wav/medium/speaker0002/s20000000121.wav,not_entailment
493,wav/medium/speaker0006/s10000000070.wav,wav/medium/speaker0006/s20000000070.wav,entailment
494,wav/medium/speaker0004/s10000000220.wav,wav/medium/speaker0004/s20000000220.wav,entailment
495,wav/medium/speaker0005/s10000000096.wav,wav/medium/speaker0005/s20000000096.wav,not_entailment
496,wav/medium/speaker0004/s10000000043.wav,wav/medium/speaker0004/s20000000043.wav,entailment
497,wav/medium/speaker0002/s10000000124.wav,wav/medium/speaker0002/s20000000124.wav,not_entailment
498,wav/medium/speaker0002/s10000000001.wav,wav/medium/speaker0002/s20000000001.wav,entailment
499,wav/medium/speaker0005/s10000000254.wav,wav/medium/speaker0005/s20000000254.wav,not_entailment
500,wav/medium/speaker0003/s10000000255.wav,wav/medium/speaker0003/s20000000255.wav,entailment
501,wav/medium/speaker0003/s10000000233.wav,wav/medium/speaker0003/s20000000233.wav,not_entailment
502,wav/medium/speaker0002/s10000000134.wav,wav/medium/speaker0002/s20000000134.wav,entailment
503,wav/medium/speaker0006/s10000000201.wav,wav/medium/speaker0006/s20000000201.wav,entailment
504,wav/medium/speaker0003/s10000000010.wav,wav/medium/speaker0003/s20000000010.wav,entailment
505,wav/medium/speaker0002/s10000000220.wav,wav/medium/speaker0002/s20000000220.wav,entailment
506,wav/medium/speaker0005/s10000000197.wav,wav/medium/speaker0005/s20000000197.wav,entailment
507,wav/medium/speaker0006/s10000000159.wav,wav/medium/speaker0006/s20000000159.wav,not_entailment
508,wav/medium/speaker0005/s10000000124.wav,wav/medium/speaker0005/s20000000124.wav,not_entailment
509,wav/medium/speaker0002/s10000000066.wav,wav/medium/speaker0002/s20000000066.wav,entailment
510,wav/medium/speaker0002/s10000000047.wav,wav/medium/speaker0002/s20000000047.wav,not_entailment
511,wav/medium/speaker0006/s10000000153.wav,wav/medium/speaker0006/s20000000153.wav,entailment
512,wav/medium/speaker0004/s10000000161.wav,wav/medium/speaker0004/s20000000161.wav,entailment
513,wav/medium/speaker0004/s10000000134.wav,wav/medium/speaker0004/s20000000134.wav,entailment
514,wav/medium/speaker0001/s10000000085.wav,wav/medium/speaker0001/s20000000085.wav,entailment
515,wav/medium/speaker0002/s10000000011.wav,wav/medium/speaker0002/s20000000011.wav,not_entailment
516,wav/medium/speaker0006/s10000000106.wav,wav/medium/speaker0006/s20000000106.wav,entailment
517,wav/medium/speaker0001/s10000000076.wav,wav/medium/speaker0001/s20000000076.wav,entailment
518,wav/medium/speaker0001/s10000000067.wav,wav/medium/speaker0001/s20000000067.wav,entailment
519,wav/medium/speaker0005/s10000000249.wav,wav/medium/speaker0005/s20000000249.wav,not_entailment
520,wav/medium/speaker0006/s10000000259.wav,wav/medium/speaker0006/s20000000259.wav,entailment
521,wav/medium/speaker0003/s10000000216.wav,wav/medium/speaker0003/s20000000216.wav,entailment
522,wav/medium/speaker0006/s10000000085.wav,wav/medium/speaker0006/s20000000085.wav,entailment
523,wav/medium/speaker0004/s10000000067.wav,wav/medium/speaker0004/s20000000067.wav,entailment
524,wav/medium/speaker0001/s10000000165.wav,wav/medium/speaker0001/s20000000165.wav,entailment
525,wav/medium/speaker0003/s10000000002.wav,wav/medium/speaker0003/s20000000002.wav,not_entailment
526,wav/medium/speaker0001/s10000000025.wav,wav/medium/speaker0001/s20000000025.wav,not_entailment
527,wav/medium/speaker0006/s10000000004.wav,wav/medium/speaker0006/s20000000004.wav,entailment
528,wav/medium/speaker0002/s10000000242.wav,wav/medium/speaker0002/s20000000242.wav,not_entailment
529,wav/medium/speaker0001/s10000000161.wav,wav/medium/speaker0001/s20000000161.wav,entailment
530,wav/medium/speaker0003/s10000000051.wav,wav/medium/speaker0003/s20000000051.wav,entailment
531,wav/medium/speaker0006/s10000000166.wav,wav/medium/speaker0006/s20000000166.wav,not_entailment
532,wav/medium/speaker0005/s10000000259.wav,wav/medium/speaker0005/s20000000259.wav,entailment
533,wav/medium/speaker0001/s10000000241.wav,wav/medium/speaker0001/s20000000241.wav,entailment
534,wav/medium/speaker0002/s10000000255.wav,wav/medium/speaker0002/s20000000255.wav,entailment
535,wav/medium/speaker0003/s10000000066.wav,wav/medium/speaker0003/s20000000066.wav,entailment
536,wav/medium/speaker0006/s10000000219.wav,wav/medium/speaker0006/s20000000219.wav,entailment
537,wav/medium/speaker0006/s10000000263.wav,wav/medium/speaker0006/s20000000263.wav,entailment
538,wav/medium/speaker0005/s10000000037.wav,wav/medium/speaker0005/s20000000037.wav,entailment
539,wav/medium/speaker0004/s10000000063.wav,wav/medium/speaker0004/s20000000063.wav,entailment
540,wav/medium/speaker0006/s10000000238.wav,wav/medium/speaker0006/s20000000238.wav,not_entailment
541,wav/medium/speaker0001/s10000000220.wav,wav/medium/speaker0001/s20000000220.wav,entailment
542,wav/medium/speaker0001/s10000000066.wav,wav/medium/speaker0001/s20000000066.wav,entailment
543,wav/medium/speaker0004/s10000000233.wav,wav/medium/speaker0004/s20000000233.wav,not_entailment
544,wav/medium/speaker0006/s10000000105.wav,wav/medium/speaker0006/s20000000105.wav,entailment
545,wav/medium/speaker0005/s10000000121.wav,wav/medium/speaker0005/s20000000121.wav,not_entailment
546,wav/medium/speaker0001/s10000000024.wav,wav/medium/speaker0001/s20000000024.wav,not_entailment
547,wav/medium/speaker0005/s10000000137.wav,wav/medium/speaker0005/s20000000137.wav,entailment
548,wav/medium/speaker0006/s10000000216.wav,wav/medium/speaker0006/s20000000216.wav,entailment
549,wav/medium/speaker0006/s10000000087.wav,wav/medium/speaker0006/s20000000087.wav,not_entailment
550,wav/medium/speaker0004/s10000000183.wav,wav/medium/speaker0004/s20000000183.wav,not_entailment
551,wav/medium/speaker0006/s10000000257.wav,wav/medium/speaker0006/s20000000257.wav,entailment
552,wav/medium/speaker0006/s10000000163.wav,wav/medium/speaker0006/s20000000163.wav,not_entailment
553,wav/medium/speaker0005/s10000000194.wav,wav/medium/speaker0005/s20000000194.wav,not_entailment
554,wav/medium/speaker0001/s10000000223.wav,wav/medium/speaker0001/s20000000223.wav,not_entailment
555,wav/medium/speaker0006/s10000000057.wav,wav/medium/speaker0006/s20000000057.wav,not_entailment
556,wav/medium/speaker0003/s10000000263.wav,wav/medium/speaker0003/s20000000263.wav,entailment
557,wav/medium/speaker0002/s10000000040.wav,wav/medium/speaker0002/s20000000040.wav,entailment
558,wav/medium/speaker0003/s10000000025.wav,wav/medium/speaker0003/s20000000025.wav,not_entailment
559,wav/medium/speaker0005/s10000000150.wav,wav/medium/speaker0005/s20000000150.wav,not_entailment
560,wav/medium/speaker0005/s10000000105.wav,wav/medium/speaker0005/s20000000105.wav,entailment
561,wav/medium/speaker0001/s10000000143.wav,wav/medium/speaker0001/s20000000143.wav,entailment
562,wav/medium/speaker0002/s10000000194.wav,wav/medium/speaker0002/s20000000194.wav,not_entailment
563,wav/medium/speaker0002/s10000000115.wav,wav/medium/speaker0002/s20000000115.wav,entailment
564,wav/medium/speaker0005/s10000000175.wav,wav/medium/speaker0005/s20000000175.wav,entailment
565,wav/medium/speaker0002/s10000000117.wav,wav/medium/speaker0002/s20000000117.wav,not_entailment
566,wav/medium/speaker0004/s10000000207.wav,wav/medium/speaker0004/s20000000207.wav,not_entailment
567,wav/medium/speaker0004/s10000000254.wav,wav/medium/speaker0004/s20000000254.wav,not_entailment
568,wav/medium/speaker0004/s10000000178.wav,wav/medium/speaker0004/s20000000178.wav,not_entailment
569,wav/medium/speaker0002/s10000000244.wav,wav/medium/speaker0002/s20000000244.wav,not_entailment
570,wav/medium/speaker0001/s10000000059.wav,wav/medium/speaker0001/s20000000059.wav,entailment
571,wav/medium/speaker0006/s10000000135.wav,wav/medium/speaker0006/s20000000135.wav,entailment
572,wav/medium/speaker0003/s10000000041.wav,wav/medium/speaker0003/s20000000041.wav,not_entailment
573,wav/medium/speaker0001/s10000000183.wav,wav/medium/speaker0001/s20000000183.wav,not_entailment
574,wav/medium/speaker0005/s10000000024.wav,wav/medium/speaker0005/s20000000024.wav,not_entailment
575,wav/medium/speaker0002/s10000000050.wav,wav/medium/speaker0002/s20000000050.wav,not_entailment
576,wav/medium/speaker0004/s10000000255.wav,wav/medium/speaker0004/s20000000255.wav,entailment
577,wav/medium/speaker0003/s10000000084.wav,wav/medium/speaker0003/s20000000084.wav,not_entailment
578,wav/medium/speaker0006/s10000000083.wav,wav/medium/speaker0006/s20000000083.wav,not_entailment
579,wav/medium/speaker0001/s10000000010.wav,wav/medium/speaker0001/s20000000010.wav,entailment
580,wav/medium/speaker0005/s10000000166.wav,wav/medium/speaker0005/s20000000166.wav,not_entailment
581,wav/medium/speaker0005/s10000000117.wav,wav/medium/speaker0005/s20000000117.wav,not_entailment
582,wav/medium/speaker0006/s10000000003.wav,wav/medium/speaker0006/s20000000003.wav,not_entailment
583,wav/medium/speaker0004/s10000000259.wav,wav/medium/speaker0004/s20000000259.wav,entailment
584,wav/medium/speaker0003/s10000000249.wav,wav/medium/speaker0003/s20000000249.wav,not_entailment
585,wav/medium/speaker0001/s10000000239.wav,wav/medium/speaker0001/s20000000239.wav,not_entailment
586,wav/medium/speaker0005/s10000000163.wav,wav/medium/speaker0005/s20000000163.wav,not_entailment
587,wav/medium/speaker0001/s10000000135.wav,wav/medium/speaker0001/s20000000135.wav,entailment
588,wav/medium/speaker0004/s10000000264.wav,wav/medium/speaker0004/s20000000264.wav,not_entailment
589,wav/medium/speaker0005/s10000000002.wav,wav/medium/speaker0005/s20000000002.wav,not_entailment
590,wav/medium/speaker0003/s10000000075.wav,wav/medium/speaker0003/s20000000075.wav,not_entailment
591,wav/medium/speaker0005/s10000000161.wav,wav/medium/speaker0005/s20000000161.wav,entailment
592,wav/medium/speaker0004/s10000000244.wav,wav/medium/speaker0004/s20000000244.wav,not_entailment
593,wav/medium/speaker0002/s10000000068.wav,wav/medium/speaker0002/s20000000068.wav,entailment
594,wav/medium/speaker0004/s10000000257.wav,wav/medium/speaker0004/s20000000257.wav,entailment
595,wav/medium/speaker0001/s10000000041.wav,wav/medium/speaker0001/s20000000041.wav,not_entailment
596,wav/medium/speaker0001/s10000000181.wav,wav/medium/speaker0001/s20000000181.wav,entailment
597,wav/medium/speaker0003/s10000000107.wav,wav/medium/speaker0003/s20000000107.wav,not_entailment
598,wav/medium/speaker0005/s10000000010.wav,wav/medium/speaker0005/s20000000010.wav,entailment
599,wav/medium/speaker0004/s10000000272.wav,wav/medium/speaker0004/s20000000272.wav,entailment
600,wav/medium/speaker0002/s10000000137.wav,wav/medium/speaker0002/s20000000137.wav,entailment
601,wav/medium/speaker0001/s10000000063.wav,wav/medium/speaker0001/s20000000063.wav,entailment
602,wav/medium/speaker0004/s10000000158.wav,wav/medium/speaker0004/s20000000158.wav,not_entailment
603,wav/medium/speaker0006/s10000000151.wav,wav/medium/speaker0006/s20000000151.wav,not_entailment
604,wav/medium/speaker0004/s10000000112.wav,wav/medium/speaker0004/s20000000112.wav,entailment
605,wav/medium/speaker0001/s10000000273.wav,wav/medium/speaker0001/s20000000273.wav,entailment
606,wav/medium/speaker0005/s10000000042.wav,wav/medium/speaker0005/s20000000042.wav,entailment
607,wav/medium/speaker0004/s10000000070.wav,wav/medium/speaker0004/s20000000070.wav,entailment
608,wav/medium/speaker0002/s10000000039.wav,wav/medium/speaker0002/s20000000039.wav,not_entailment
609,wav/medium/speaker0004/s10000000084.wav,wav/medium/speaker0004/s20000000084.wav,not_entailment
610,wav/medium/speaker0006/s10000000161.wav,wav/medium/speaker0006/s20000000161.wav,entailment
611,wav/medium/speaker0001/s10000000050.wav,wav/medium/speaker0001/s20000000050.wav,not_entailment
612,wav/medium/speaker0002/s10000000238.wav,wav/medium/speaker0002/s20000000238.wav,not_entailment
613,wav/medium/speaker0005/s10000000077.wav,wav/medium/speaker0005/s20000000077.wav,not_entailment
614,wav/medium/speaker0003/s10000000230.wav,wav/medium/speaker0003/s20000000230.wav,not_entailment
615,wav/medium/speaker0005/s10000000039.wav,wav/medium/speaker0005/s20000000039.wav,not_entailment
616,wav/medium/speaker0003/s10000000166.wav,wav/medium/speaker0003/s20000000166.wav,not_entailment
617,wav/medium/speaker0002/s10000000248.wav,wav/medium/speaker0002/s20000000248.wav,not_entailment
