,path,path2,label
0,wav/medium/speaker0002/s10000000401.wav,wav/medium/speaker0002/s20000000401.wav,entails
1,wav/medium/speaker0006/s10000000464.wav,wav/medium/speaker0006/s20000000464.wav,entails
2,wav/medium/speaker0004/s10000000236.wav,wav/medium/speaker0004/s20000000236.wav,entails
3,wav/medium/speaker0002/s10000000316.wav,wav/medium/speaker0002/s20000000316.wav,entails
4,wav/medium/speaker0005/s10000000283.wav,wav/medium/speaker0005/s20000000283.wav,neutral
5,wav/medium/speaker0003/s10000000022.wav,wav/medium/speaker0003/s20000000022.wav,entails
6,wav/medium/speaker0002/s10000000303.wav,wav/medium/speaker0002/s20000000303.wav,neutral
7,wav/medium/speaker0005/s10000000083.wav,wav/medium/speaker0005/s20000000083.wav,entails
8,wav/medium/speaker0002/s10000000120.wav,wav/medium/speaker0002/s20000000120.wav,neutral
9,wav/medium/speaker0006/s10000000214.wav,wav/medium/speaker0006/s20000000214.wav,neutral
10,wav/medium/speaker0003/s10000000017.wav,wav/medium/speaker0003/s20000000017.wav,entails
11,wav/medium/speaker0003/s10000000279.wav,wav/medium/speaker0003/s20000000279.wav,entails
12,wav/medium/speaker0004/s10000000219.wav,wav/medium/speaker0004/s20000000219.wav,neutral
13,wav/medium/speaker0004/s10000000401.wav,wav/medium/speaker0004/s20000000401.wav,entails
14,wav/medium/speaker0001/s10000000173.wav,wav/medium/speaker0001/s20000000173.wav,neutral
15,wav/medium/speaker0001/s10000000471.wav,wav/medium/speaker0001/s20000000471.wav,neutral
16,wav/medium/speaker0003/s10000000168.wav,wav/medium/speaker0003/s20000000168.wav,neutral
17,wav/medium/speaker0002/s10000000076.wav,wav/medium/speaker0002/s20000000076.wav,neutral
18,wav/medium/speaker0001/s10000000454.wav,wav/medium/speaker0001/s20000000454.wav,neutral
19,wav/medium/speaker0002/s10000000037.wav,wav/medium/speaker0002/s20000000037.wav,entails
20,wav/medium/speaker0005/s10000000256.wav,wav/medium/speaker0005/s20000000256.wav,entails
21,wav/medium/speaker0006/s10000000204.wav,wav/medium/speaker0006/s20000000204.wav,neutral
22,wav/medium/speaker0006/s10000000475.wav,wav/medium/speaker0006/s20000000475.wav,neutral
23,wav/medium/speaker0002/s10000000147.wav,wav/medium/speaker0002/s20000000147.wav,neutral
24,wav/medium/speaker0004/s10000000299.wav,wav/medium/speaker0004/s20000000299.wav,neutral
25,wav/medium/speaker0003/s10000000245.wav,wav/medium/speaker0003/s20000000245.wav,neutral
26,wav/medium/speaker0005/s10000000242.wav,wav/medium/speaker0005/s20000000242.wav,neutral
27,wav/medium/speaker0004/s10000000107.wav,wav/medium/speaker0004/s20000000107.wav,entails
28,wav/medium/speaker0004/s10000000392.wav,wav/medium/speaker0004/s20000000392.wav,neutral
29,wav/medium/speaker0002/s10000000041.wav,wav/medium/speaker0002/s20000000041.wav,neutral
30,wav/medium/speaker0005/s10000000151.wav,wav/medium/speaker0005/s20000000151.wav,entails
31,wav/medium/speaker0002/s10000000007.wav,wav/medium/speaker0002/s20000000007.wav,entails
32,wav/medium/speaker0006/s10000000402.wav,wav/medium/speaker0006/s20000000402.wav,entails
33,wav/medium/speaker0002/s10000000366.wav,wav/medium/speaker0002/s20000000366.wav,neutral
34,wav/medium/speaker0006/s10000000383.wav,wav/medium/speaker0006/s20000000383.wav,neutral
35,wav/medium/speaker0003/s10000000214.wav,wav/medium/speaker0003/s20000000214.wav,neutral
36,wav/medium/speaker0005/s10000000136.wav,wav/medium/speaker0005/s20000000136.wav,neutral
37,wav/medium/speaker0004/s10000000312.wav,wav/medium/speaker0004/s20000000312.wav,neutral
38,wav/medium/speaker0006/s10000000439.wav,wav/medium/speaker0006/s20000000439.wav,neutral
39,wav/medium/speaker0002/s10000000391.wav,wav/medium/speaker0002/s20000000391.wav,entails
40,wav/medium/speaker0001/s10000000350.wav,wav/medium/speaker0001/s20000000350.wav,neutral
41,wav/medium/speaker0002/s10000000383.wav,wav/medium/speaker0002/s20000000383.wav,neutral
42,wav/medium/speaker0002/s10000000174.wav,wav/medium/speaker0002/s20000000174.wav,neutral
43,wav/medium/speaker0003/s10000000387.wav,wav/medium/speaker0003/s20000000387.wav,neutral
44,wav/medium/speaker0001/s10000000431.wav,wav/medium/speaker0001/s20000000431.wav,neutral
45,wav/medium/speaker0003/s10000000405.wav,wav/medium/speaker0003/s20000000405.wav,neutral
46,wav/medium/speaker0006/s10000000393.wav,wav/medium/speaker0006/s20000000393.wav,neutral
47,wav/medium/speaker0001/s10000000387.wav,wav/medium/speaker0001/s20000000387.wav,neutral
48,wav/medium/speaker0006/s10000000365.wav,wav/medium/speaker0006/s20000000365.wav,neutral
49,wav/medium/speaker0004/s10000000232.wav,wav/medium/speaker0004/s20000000232.wav,neutral
50,wav/medium/speaker0006/s10000000133.wav,wav/medium/speaker0006/s20000000133.wav,neutral
51,wav/medium/speaker0005/s10000000021.wav,wav/medium/speaker0005/s20000000021.wav,neutral
52,wav/medium/speaker0006/s10000000382.wav,wav/medium/speaker0006/s20000000382.wav,neutral
53,wav/medium/speaker0003/s10000000439.wav,wav/medium/speaker0003/s20000000439.wav,neutral
54,wav/medium/speaker0001/s10000000021.wav,wav/medium/speaker0001/s20000000021.wav,neutral
55,wav/medium/speaker0006/s10000000187.wav,wav/medium/speaker0006/s20000000187.wav,neutral
56,wav/medium/speaker0003/s10000000198.wav,wav/medium/speaker0003/s20000000198.wav,neutral
57,wav/medium/speaker0002/s10000000083.wav,wav/medium/speaker0002/s20000000083.wav,entails
58,wav/medium/speaker0006/s10000000336.wav,wav/medium/speaker0006/s20000000336.wav,neutral
59,wav/medium/speaker0006/s10000000224.wav,wav/medium/speaker0006/s20000000224.wav,neutral
60,wav/medium/speaker0006/s10000000294.wav,wav/medium/speaker0006/s20000000294.wav,neutral
61,wav/medium/speaker0005/s10000000118.wav,wav/medium/speaker0005/s20000000118.wav,entails
62,wav/medium/speaker0005/s10000000045.wav,wav/medium/speaker0005/s20000000045.wav,neutral
63,wav/medium/speaker0002/s10000000207.wav,wav/medium/speaker0002/s20000000207.wav,entails
64,wav/medium/speaker0001/s10000000235.wav,wav/medium/speaker0001/s20000000235.wav,entails
65,wav/medium/speaker0002/s10000000235.wav,wav/medium/speaker0002/s20000000235.wav,entails
66,wav/medium/speaker0001/s10000000071.wav,wav/medium/speaker0001/s20000000071.wav,neutral
67,wav/medium/speaker0003/s10000000086.wav,wav/medium/speaker0003/s20000000086.wav,neutral
68,wav/medium/speaker0003/s10000000392.wav,wav/medium/speaker0003/s20000000392.wav,neutral
69,wav/medium/speaker0006/s10000000375.wav,wav/medium/speaker0006/s20000000375.wav,neutral
70,wav/medium/speaker0002/s10000000431.wav,wav/medium/speaker0002/s20000000431.wav,neutral
71,wav/medium/speaker0001/s10000000393.wav,wav/medium/speaker0001/s20000000393.wav,neutral
72,wav/medium/speaker0004/s10000000037.wav,wav/medium/speaker0004/s20000000037.wav,entails
73,wav/medium/speaker0004/s10000000464.wav,wav/medium/speaker0004/s20000000464.wav,entails
74,wav/medium/speaker0001/s10000000299.wav,wav/medium/speaker0001/s20000000299.wav,neutral
75,wav/medium/speaker0002/s10000000457.wav,wav/medium/speaker0002/s20000000457.wav,entails
76,wav/medium/speaker0002/s10000000086.wav,wav/medium/speaker0002/s20000000086.wav,neutral
77,wav/medium/speaker0005/s10000000459.wav,wav/medium/speaker0005/s20000000459.wav,neutral
78,wav/medium/speaker0005/s10000000174.wav,wav/medium/speaker0005/s20000000174.wav,neutral
79,wav/medium/speaker0001/s10000000147.wav,wav/medium/speaker0001/s20000000147.wav,neutral
80,wav/medium/speaker0003/s10000000106.wav,wav/medium/speaker0003/s20000000106.wav,neutral
81,wav/medium/speaker0003/s10000000096.wav,wav/medium/speaker0003/s20000000096.wav,entails
82,wav/medium/speaker0006/s10000000016.wav,wav/medium/speaker0006/s20000000016.wav,neutral
83,wav/medium/speaker0005/s10000000218.wav,wav/medium/speaker0005/s20000000218.wav,neutral
84,wav/medium/speaker0005/s10000000225.wav,wav/medium/speaker0005/s20000000225.wav,neutral
85,wav/medium/speaker0001/s10000000125.wav,wav/medium/speaker0001/s20000000125.wav,neutral
86,wav/medium/speaker0005/s10000000119.wav,wav/medium/speaker0005/s20000000119.wav,neutral
87,wav/medium/speaker0005/s10000000219.wav,wav/medium/speaker0005/s20000000219.wav,neutral
88,wav/medium/speaker0006/s10000000419.wav,wav/medium/speaker0006/s20000000419.wav,entails
89,wav/medium/speaker0001/s10000000020.wav,wav/medium/speaker0001/s20000000020.wav,neutral
90,wav/medium/speaker0001/s10000000475.wav,wav/medium/speaker0001/s20000000475.wav,neutral
91,wav/medium/speaker0004/s10000000316.wav,wav/medium/speaker0004/s20000000316.wav,entails
92,wav/medium/speaker0005/s10000000402.wav,wav/medium/speaker0005/s20000000402.wav,entails
93,wav/medium/speaker0002/s10000000118.wav,wav/medium/speaker0002/s20000000118.wav,entails
94,wav/medium/speaker0001/s10000000232.wav,wav/medium/speaker0001/s20000000232.wav,neutral
95,wav/medium/speaker0004/s10000000016.wav,wav/medium/speaker0004/s20000000016.wav,neutral
96,wav/medium/speaker0003/s10000000461.wav,wav/medium/speaker0003/s20000000461.wav,entails
97,wav/medium/speaker0001/s10000000256.wav,wav/medium/speaker0001/s20000000256.wav,entails
98,wav/medium/speaker0006/s10000000206.wav,wav/medium/speaker0006/s20000000206.wav,entails
99,wav/medium/speaker0001/s10000000099.wav,wav/medium/speaker0001/s20000000099.wav,neutral
100,wav/medium/speaker0006/s10000000260.wav,wav/medium/speaker0006/s20000000260.wav,entails
101,wav/medium/speaker0004/s10000000017.wav,wav/medium/speaker0004/s20000000017.wav,entails
102,wav/medium/speaker0004/s10000000245.wav,wav/medium/speaker0004/s20000000245.wav,neutral
103,wav/medium/speaker0004/s10000000218.wav,wav/medium/speaker0004/s20000000218.wav,neutral
104,wav/medium/speaker0003/s10000000299.wav,wav/medium/speaker0003/s20000000299.wav,neutral
105,wav/medium/speaker0006/s10000000175.wav,wav/medium/speaker0006/s20000000175.wav,entails
106,wav/medium/speaker0001/s10000000126.wav,wav/medium/speaker0001/s20000000126.wav,neutral
107,wav/medium/speaker0004/s10000000463.wav,wav/medium/speaker0004/s20000000463.wav,neutral
108,wav/medium/speaker0005/s10000000383.wav,wav/medium/speaker0005/s20000000383.wav,neutral
109,wav/medium/speaker0002/s10000000224.wav,wav/medium/speaker0002/s20000000224.wav,neutral
110,wav/medium/speaker0006/s10000000405.wav,wav/medium/speaker0006/s20000000405.wav,neutral
111,wav/medium/speaker0004/s10000000366.wav,wav/medium/speaker0004/s20000000366.wav,neutral
112,wav/medium/speaker0004/s10000000393.wav,wav/medium/speaker0004/s20000000393.wav,neutral
113,wav/medium/speaker0002/s10000000192.wav,wav/medium/speaker0002/s20000000192.wav,neutral
114,wav/medium/speaker0001/s10000000168.wav,wav/medium/speaker0001/s20000000168.wav,neutral
115,wav/medium/speaker0002/s10000000033.wav,wav/medium/speaker0002/s20000000033.wav,entails
116,wav/medium/speaker0002/s10000000372.wav,wav/medium/speaker0002/s20000000372.wav,entails
117,wav/medium/speaker0003/s10000000294.wav,wav/medium/speaker0003/s20000000294.wav,neutral
118,wav/medium/speaker0001/s10000000138.wav,wav/medium/speaker0001/s20000000138.wav,entails
119,wav/medium/speaker0005/s10000000147.wav,wav/medium/speaker0005/s20000000147.wav,neutral
120,wav/medium/speaker0004/s10000000362.wav,wav/medium/speaker0004/s20000000362.wav,entails
121,wav/medium/speaker0003/s10000000471.wav,wav/medium/speaker0003/s20000000471.wav,neutral
122,wav/medium/speaker0005/s10000000228.wav,wav/medium/speaker0005/s20000000228.wav,entails
123,wav/medium/speaker0003/s10000000236.wav,wav/medium/speaker0003/s20000000236.wav,entails
124,wav/medium/speaker0005/s10000000198.wav,wav/medium/speaker0005/s20000000198.wav,neutral
125,wav/medium/speaker0003/s10000000339.wav,wav/medium/speaker0003/s20000000339.wav,neutral
126,wav/medium/speaker0001/s10000000175.wav,wav/medium/speaker0001/s20000000175.wav,entails
127,wav/medium/speaker0001/s10000000267.wav,wav/medium/speaker0001/s20000000267.wav,entails
128,wav/medium/speaker0004/s10000000395.wav,wav/medium/speaker0004/s20000000395.wav,entails
129,wav/medium/speaker0005/s10000000353.wav,wav/medium/speaker0005/s20000000353.wav,neutral
130,wav/medium/speaker0003/s10000000080.wav,wav/medium/speaker0003/s20000000080.wav,neutral
131,wav/medium/speaker0004/s10000000387.wav,wav/medium/speaker0004/s20000000387.wav,neutral
132,wav/medium/speaker0001/s10000000419.wav,wav/medium/speaker0001/s20000000419.wav,entails
133,wav/medium/speaker0004/s10000000175.wav,wav/medium/speaker0004/s20000000175.wav,entails
134,wav/medium/speaker0001/s10000000027.wav,wav/medium/speaker0001/s20000000027.wav,entails
135,wav/medium/speaker0006/s10000000225.wav,wav/medium/speaker0006/s20000000225.wav,neutral
136,wav/medium/speaker0004/s10000000339.wav,wav/medium/speaker0004/s20000000339.wav,neutral
137,wav/medium/speaker0002/s10000000336.wav,wav/medium/speaker0002/s20000000336.wav,neutral
138,wav/medium/speaker0003/s10000000147.wav,wav/medium/speaker0003/s20000000147.wav,neutral
139,wav/medium/speaker0005/s10000000361.wav,wav/medium/speaker0005/s20000000361.wav,neutral
140,wav/medium/speaker0005/s10000000145.wav,wav/medium/speaker0005/s20000000145.wav,neutral
141,wav/medium/speaker0003/s10000000083.wav,wav/medium/speaker0003/s20000000083.wav,entails
142,wav/medium/speaker0003/s10000000282.wav,wav/medium/speaker0003/s20000000282.wav,entails
143,wav/medium/speaker0006/s10000000256.wav,wav/medium/speaker0006/s20000000256.wav,entails
144,wav/medium/speaker0001/s10000000243.wav,wav/medium/speaker0001/s20000000243.wav,neutral
145,wav/medium/speaker0003/s10000000457.wav,wav/medium/speaker0003/s20000000457.wav,entails
146,wav/medium/speaker0001/s10000000110.wav,wav/medium/speaker0001/s20000000110.wav,neutral
147,wav/medium/speaker0004/s10000000294.wav,wav/medium/speaker0004/s20000000294.wav,neutral
148,wav/medium/speaker0002/s10000000071.wav,wav/medium/speaker0002/s20000000071.wav,neutral
149,wav/medium/speaker0003/s10000000256.wav,wav/medium/speaker0003/s20000000256.wav,entails
150,wav/medium/speaker0002/s10000000151.wav,wav/medium/speaker0002/s20000000151.wav,entails
151,wav/medium/speaker0002/s10000000469.wav,wav/medium/speaker0002/s20000000469.wav,entails
152,wav/medium/speaker0003/s10000000172.wav,wav/medium/speaker0003/s20000000172.wav,neutral
153,wav/medium/speaker0002/s10000000199.wav,wav/medium/speaker0002/s20000000199.wav,neutral
154,wav/medium/speaker0005/s10000000120.wav,wav/medium/speaker0005/s20000000120.wav,neutral
155,wav/medium/speaker0002/s10000000198.wav,wav/medium/speaker0002/s20000000198.wav,neutral
156,wav/medium/speaker0004/s10000000405.wav,wav/medium/speaker0004/s20000000405.wav,neutral
157,wav/medium/speaker0001/s10000000463.wav,wav/medium/speaker0001/s20000000463.wav,neutral
158,wav/medium/speaker0003/s10000000126.wav,wav/medium/speaker0003/s20000000126.wav,neutral
159,wav/medium/speaker0006/s10000000293.wav,wav/medium/speaker0006/s20000000293.wav,neutral
160,wav/medium/speaker0003/s10000000041.wav,wav/medium/speaker0003/s20000000041.wav,neutral
161,wav/medium/speaker0004/s10000000402.wav,wav/medium/speaker0004/s20000000402.wav,entails
162,wav/medium/speaker0005/s10000000469.wav,wav/medium/speaker0005/s20000000469.wav,entails
163,wav/medium/speaker0005/s10000000315.wav,wav/medium/speaker0005/s20000000315.wav,entails
164,wav/medium/speaker0004/s10000000420.wav,wav/medium/speaker0004/s20000000420.wav,neutral
165,wav/medium/speaker0003/s10000000199.wav,wav/medium/speaker0003/s20000000199.wav,neutral
166,wav/medium/speaker0004/s10000000076.wav,wav/medium/speaker0004/s20000000076.wav,neutral
167,wav/medium/speaker0003/s10000000138.wav,wav/medium/speaker0003/s20000000138.wav,entails
168,wav/medium/speaker0002/s10000000232.wav,wav/medium/speaker0002/s20000000232.wav,neutral
169,wav/medium/speaker0002/s10000000390.wav,wav/medium/speaker0002/s20000000390.wav,neutral
170,wav/medium/speaker0006/s10000000236.wav,wav/medium/speaker0006/s20000000236.wav,entails
171,wav/medium/speaker0003/s10000000361.wav,wav/medium/speaker0003/s20000000361.wav,neutral
172,wav/medium/speaker0004/s10000000071.wav,wav/medium/speaker0004/s20000000071.wav,neutral
173,wav/medium/speaker0004/s10000000419.wav,wav/medium/speaker0004/s20000000419.wav,entails
174,wav/medium/speaker0002/s10000000125.wav,wav/medium/speaker0002/s20000000125.wav,neutral
175,wav/medium/speaker0006/s10000000138.wav,wav/medium/speaker0006/s20000000138.wav,entails
176,wav/medium/speaker0006/s10000000242.wav,wav/medium/speaker0006/s20000000242.wav,neutral
177,wav/medium/speaker0001/s10000000366.wav,wav/medium/speaker0001/s20000000366.wav,neutral
178,wav/medium/speaker0005/s10000000362.wav,wav/medium/speaker0005/s20000000362.wav,entails
179,wav/medium/speaker0001/s10000000390.wav,wav/medium/speaker0001/s20000000390.wav,neutral
180,wav/medium/speaker0001/s10000000312.wav,wav/medium/speaker0001/s20000000312.wav,neutral
181,wav/medium/speaker0001/s10000000187.wav,wav/medium/speaker0001/s20000000187.wav,neutral
182,wav/medium/speaker0004/s10000000110.wav,wav/medium/speaker0004/s20000000110.wav,neutral
183,wav/medium/speaker0002/s10000000251.wav,wav/medium/speaker0002/s20000000251.wav,entails
184,wav/medium/speaker0005/s10000000080.wav,wav/medium/speaker0005/s20000000080.wav,neutral
185,wav/medium/speaker0002/s10000000395.wav,wav/medium/speaker0002/s20000000395.wav,entails
186,wav/medium/speaker0003/s10000000395.wav,wav/medium/speaker0003/s20000000395.wav,entails
187,wav/medium/speaker0003/s10000000402.wav,wav/medium/speaker0003/s20000000402.wav,entails
188,wav/medium/speaker0003/s10000000267.wav,wav/medium/speaker0003/s20000000267.wav,entails
189,wav/medium/speaker0003/s10000000204.wav,wav/medium/speaker0003/s20000000204.wav,neutral
190,wav/medium/speaker0004/s10000000201.wav,wav/medium/speaker0004/s20000000201.wav,neutral
191,wav/medium/speaker0002/s10000000459.wav,wav/medium/speaker0002/s20000000459.wav,neutral
192,wav/medium/speaker0004/s10000000214.wav,wav/medium/speaker0004/s20000000214.wav,neutral
193,wav/medium/speaker0003/s10000000366.wav,wav/medium/speaker0003/s20000000366.wav,neutral
194,wav/medium/speaker0006/s10000000425.wav,wav/medium/speaker0006/s20000000425.wav,neutral
195,wav/medium/speaker0003/s10000000033.wav,wav/medium/speaker0003/s20000000033.wav,entails
196,wav/medium/speaker0001/s10000000224.wav,wav/medium/speaker0001/s20000000224.wav,neutral
197,wav/medium/speaker0004/s10000000454.wav,wav/medium/speaker0004/s20000000454.wav,neutral
198,wav/medium/speaker0001/s10000000372.wav,wav/medium/speaker0001/s20000000372.wav,entails
199,wav/medium/speaker0003/s10000000379.wav,wav/medium/speaker0003/s20000000379.wav,neutral
200,wav/medium/speaker0005/s10000000007.wav,wav/medium/speaker0005/s20000000007.wav,entails
201,wav/medium/speaker0005/s10000000173.wav,wav/medium/speaker0005/s20000000173.wav,neutral
202,wav/medium/speaker0006/s10000000459.wav,wav/medium/speaker0006/s20000000459.wav,neutral
203,wav/medium/speaker0003/s10000000440.wav,wav/medium/speaker0003/s20000000440.wav,entails
204,wav/medium/speaker0002/s10000000347.wav,wav/medium/speaker0002/s20000000347.wav,neutral
205,wav/medium/speaker0006/s10000000401.wav,wav/medium/speaker0006/s20000000401.wav,entails
206,wav/medium/speaker0001/s10000000204.wav,wav/medium/speaker0001/s20000000204.wav,neutral
207,wav/medium/speaker0003/s10000000317.wav,wav/medium/speaker0003/s20000000317.wav,neutral
208,wav/medium/speaker0001/s10000000375.wav,wav/medium/speaker0001/s20000000375.wav,neutral
209,wav/medium/speaker0001/s10000000041.wav,wav/medium/speaker0001/s20000000041.wav,neutral
210,wav/medium/speaker0004/s10000000156.wav,wav/medium/speaker0004/s20000000156.wav,neutral
211,wav/medium/speaker0005/s10000000071.wav,wav/medium/speaker0005/s20000000071.wav,neutral
212,wav/medium/speaker0005/s10000000207.wav,wav/medium/speaker0005/s20000000207.wav,entails
213,wav/medium/speaker0002/s10000000471.wav,wav/medium/speaker0002/s20000000471.wav,neutral
214,wav/medium/speaker0001/s10000000447.wav,wav/medium/speaker0001/s20000000447.wav,neutral
215,wav/medium/speaker0001/s10000000107.wav,wav/medium/speaker0001/s20000000107.wav,entails
216,wav/medium/speaker0002/s10000000399.wav,wav/medium/speaker0002/s20000000399.wav,neutral
217,wav/medium/speaker0002/s10000000409.wav,wav/medium/speaker0002/s20000000409.wav,neutral
218,wav/medium/speaker0003/s10000000469.wav,wav/medium/speaker0003/s20000000469.wav,entails
219,wav/medium/speaker0005/s10000000194.wav,wav/medium/speaker0005/s20000000194.wav,neutral
220,wav/medium/speaker0005/s10000000330.wav,wav/medium/speaker0005/s20000000330.wav,entails
221,wav/medium/speaker0004/s10000000187.wav,wav/medium/speaker0004/s20000000187.wav,neutral
222,wav/medium/speaker0006/s10000000147.wav,wav/medium/speaker0006/s20000000147.wav,neutral
223,wav/medium/speaker0003/s10000000016.wav,wav/medium/speaker0003/s20000000016.wav,neutral
224,wav/medium/speaker0005/s10000000393.wav,wav/medium/speaker0005/s20000000393.wav,neutral
225,wav/medium/speaker0003/s10000000118.wav,wav/medium/speaker0003/s20000000118.wav,entails
226,wav/medium/speaker0006/s10000000463.wav,wav/medium/speaker0006/s20000000463.wav,neutral
227,wav/medium/speaker0004/s10000000336.wav,wav/medium/speaker0004/s20000000336.wav,neutral
228,wav/medium/speaker0001/s10000000037.wav,wav/medium/speaker0001/s20000000037.wav,entails
229,wav/medium/speaker0003/s10000000296.wav,wav/medium/speaker0003/s20000000296.wav,neutral
230,wav/medium/speaker0004/s10000000086.wav,wav/medium/speaker0004/s20000000086.wav,neutral
231,wav/medium/speaker0001/s10000000145.wav,wav/medium/speaker0001/s20000000145.wav,neutral
232,wav/medium/speaker0003/s10000000303.wav,wav/medium/speaker0003/s20000000303.wav,neutral
233,wav/medium/speaker0005/s10000000172.wav,wav/medium/speaker0005/s20000000172.wav,neutral
234,wav/medium/speaker0004/s10000000228.wav,wav/medium/speaker0004/s20000000228.wav,entails
235,wav/medium/speaker0003/s10000000431.wav,wav/medium/speaker0003/s20000000431.wav,neutral
236,wav/medium/speaker0005/s10000000223.wav,wav/medium/speaker0005/s20000000223.wav,neutral
237,wav/medium/speaker0004/s10000000225.wav,wav/medium/speaker0004/s20000000225.wav,neutral
238,wav/medium/speaker0004/s10000000434.wav,wav/medium/speaker0004/s20000000434.wav,neutral
239,wav/medium/speaker0005/s10000000293.wav,wav/medium/speaker0005/s20000000293.wav,neutral
240,wav/medium/speaker0005/s10000000086.wav,wav/medium/speaker0005/s20000000086.wav,neutral
241,wav/medium/speaker0002/s10000000112.wav,wav/medium/speaker0002/s20000000112.wav,entails
242,wav/medium/speaker0002/s10000000362.wav,wav/medium/speaker0002/s20000000362.wav,entails
243,wav/medium/speaker0006/s10000000392.wav,wav/medium/speaker0006/s20000000392.wav,neutral
244,wav/medium/speaker0003/s10000000399.wav,wav/medium/speaker0003/s20000000399.wav,neutral
245,wav/medium/speaker0001/s10000000392.wav,wav/medium/speaker0001/s20000000392.wav,neutral
246,wav/medium/speaker0004/s10000000365.wav,wav/medium/speaker0004/s20000000365.wav,neutral
247,wav/medium/speaker0006/s10000000245.wav,wav/medium/speaker0006/s20000000245.wav,neutral
248,wav/medium/speaker0005/s10000000204.wav,wav/medium/speaker0005/s20000000204.wav,neutral
249,wav/medium/speaker0006/s10000000312.wav,wav/medium/speaker0006/s20000000312.wav,neutral
250,wav/medium/speaker0002/s10000000440.wav,wav/medium/speaker0002/s20000000440.wav,entails
251,wav/medium/speaker0003/s10000000235.wav,wav/medium/speaker0003/s20000000235.wav,entails
252,wav/medium/speaker0006/s10000000228.wav,wav/medium/speaker0006/s20000000228.wav,entails
253,wav/medium/speaker0003/s10000000459.wav,wav/medium/speaker0003/s20000000459.wav,neutral
254,wav/medium/speaker0001/s10000000119.wav,wav/medium/speaker0001/s20000000119.wav,neutral
255,wav/medium/speaker0006/s10000000271.wav,wav/medium/speaker0006/s20000000271.wav,neutral
256,wav/medium/speaker0002/s10000000242.wav,wav/medium/speaker0002/s20000000242.wav,neutral
257,wav/medium/speaker0006/s10000000020.wav,wav/medium/speaker0006/s20000000020.wav,neutral
258,wav/medium/speaker0004/s10000000475.wav,wav/medium/speaker0004/s20000000475.wav,neutral
259,wav/medium/speaker0001/s10000000142.wav,wav/medium/speaker0001/s20000000142.wav,entails
260,wav/medium/speaker0004/s10000000282.wav,wav/medium/speaker0004/s20000000282.wav,entails
261,wav/medium/speaker0002/s10000000350.wav,wav/medium/speaker0002/s20000000350.wav,neutral
262,wav/medium/speaker0002/s10000000365.wav,wav/medium/speaker0002/s20000000365.wav,neutral
263,wav/medium/speaker0006/s10000000389.wav,wav/medium/speaker0006/s20000000389.wav,entails
264,wav/medium/speaker0002/s10000000119.wav,wav/medium/speaker0002/s20000000119.wav,neutral
265,wav/medium/speaker0001/s10000000218.wav,wav/medium/speaker0001/s20000000218.wav,neutral
266,wav/medium/speaker0006/s10000000083.wav,wav/medium/speaker0006/s20000000083.wav,entails
267,wav/medium/speaker0005/s10000000299.wav,wav/medium/speaker0005/s20000000299.wav,neutral
268,wav/medium/speaker0006/s10000000379.wav,wav/medium/speaker0006/s20000000379.wav,neutral
269,wav/medium/speaker0005/s10000000447.wav,wav/medium/speaker0005/s20000000447.wav,neutral
270,wav/medium/speaker0002/s10000000361.wav,wav/medium/speaker0002/s20000000361.wav,neutral
271,wav/medium/speaker0004/s10000000080.wav,wav/medium/speaker0004/s20000000080.wav,neutral
272,wav/medium/speaker0001/s10000000382.wav,wav/medium/speaker0001/s20000000382.wav,neutral
273,wav/medium/speaker0003/s10000000219.wav,wav/medium/speaker0003/s20000000219.wav,neutral
274,wav/medium/speaker0005/s10000000126.wav,wav/medium/speaker0005/s20000000126.wav,neutral
275,wav/medium/speaker0002/s10000000434.wav,wav/medium/speaker0002/s20000000434.wav,neutral
276,wav/medium/speaker0002/s10000000035.wav,wav/medium/speaker0002/s20000000035.wav,entails
277,wav/medium/speaker0005/s10000000156.wav,wav/medium/speaker0005/s20000000156.wav,neutral
278,wav/medium/speaker0003/s10000000119.wav,wav/medium/speaker0003/s20000000119.wav,neutral
279,wav/medium/speaker0002/s10000000243.wav,wav/medium/speaker0002/s20000000243.wav,neutral
280,wav/medium/speaker0004/s10000000033.wav,wav/medium/speaker0004/s20000000033.wav,entails
281,wav/medium/speaker0006/s10000000362.wav,wav/medium/speaker0006/s20000000362.wav,entails
282,wav/medium/speaker0006/s10000000440.wav,wav/medium/speaker0006/s20000000440.wav,entails
283,wav/medium/speaker0005/s10000000387.wav,wav/medium/speaker0005/s20000000387.wav,neutral
284,wav/medium/speaker0005/s10000000027.wav,wav/medium/speaker0005/s20000000027.wav,entails
285,wav/medium/speaker0003/s10000000393.wav,wav/medium/speaker0003/s20000000393.wav,neutral
286,wav/medium/speaker0006/s10000000174.wav,wav/medium/speaker0006/s20000000174.wav,neutral
287,wav/medium/speaker0006/s10000000283.wav,wav/medium/speaker0006/s20000000283.wav,neutral
288,wav/medium/speaker0002/s10000000068.wav,wav/medium/speaker0002/s20000000068.wav,entails
289,wav/medium/speaker0004/s10000000133.wav,wav/medium/speaker0004/s20000000133.wav,neutral
290,wav/medium/speaker0005/s10000000133.wav,wav/medium/speaker0005/s20000000133.wav,neutral
291,wav/medium/speaker0004/s10000000389.wav,wav/medium/speaker0004/s20000000389.wav,entails
292,wav/medium/speaker0006/s10000000457.wav,wav/medium/speaker0006/s20000000457.wav,entails
293,wav/medium/speaker0001/s10000000279.wav,wav/medium/speaker0001/s20000000279.wav,entails
294,wav/medium/speaker0001/s10000000236.wav,wav/medium/speaker0001/s20000000236.wav,entails
295,wav/medium/speaker0005/s10000000471.wav,wav/medium/speaker0005/s20000000471.wav,neutral
296,wav/medium/speaker0005/s10000000409.wav,wav/medium/speaker0005/s20000000409.wav,neutral
297,wav/medium/speaker0005/s10000000336.wav,wav/medium/speaker0005/s20000000336.wav,neutral
298,wav/medium/speaker0004/s10000000409.wav,wav/medium/speaker0004/s20000000409.wav,neutral
299,wav/medium/speaker0001/s10000000134.wav,wav/medium/speaker0001/s20000000134.wav,entails
300,wav/medium/speaker0005/s10000000405.wav,wav/medium/speaker0005/s20000000405.wav,neutral
301,wav/medium/speaker0005/s10000000439.wav,wav/medium/speaker0005/s20000000439.wav,neutral
302,wav/medium/speaker0005/s10000000390.wav,wav/medium/speaker0005/s20000000390.wav,neutral
303,wav/medium/speaker0006/s10000000099.wav,wav/medium/speaker0006/s20000000099.wav,neutral
304,wav/medium/speaker0004/s10000000399.wav,wav/medium/speaker0004/s20000000399.wav,neutral
305,wav/medium/speaker0002/s10000000330.wav,wav/medium/speaker0002/s20000000330.wav,entails
306,wav/medium/speaker0004/s10000000151.wav,wav/medium/speaker0004/s20000000151.wav,entails
307,wav/medium/speaker0005/s10000000192.wav,wav/medium/speaker0005/s20000000192.wav,neutral
308,wav/medium/speaker0005/s10000000303.wav,wav/medium/speaker0005/s20000000303.wav,neutral
309,wav/medium/speaker0006/s10000000469.wav,wav/medium/speaker0006/s20000000469.wav,entails
310,wav/medium/speaker0003/s10000000316.wav,wav/medium/speaker0003/s20000000316.wav,entails
311,wav/medium/speaker0003/s10000000445.wav,wav/medium/speaker0003/s20000000445.wav,neutral
312,wav/medium/speaker0003/s10000000434.wav,wav/medium/speaker0003/s20000000434.wav,neutral
313,wav/medium/speaker0005/s10000000224.wav,wav/medium/speaker0005/s20000000224.wav,neutral
314,wav/medium/speaker0001/s10000000192.wav,wav/medium/speaker0001/s20000000192.wav,neutral
315,wav/medium/speaker0006/s10000000317.wav,wav/medium/speaker0006/s20000000317.wav,neutral
316,wav/medium/speaker0003/s10000000020.wav,wav/medium/speaker0003/s20000000020.wav,neutral
317,wav/medium/speaker0006/s10000000022.wav,wav/medium/speaker0006/s20000000022.wav,entails
318,wav/medium/speaker0003/s10000000283.wav,wav/medium/speaker0003/s20000000283.wav,neutral
319,wav/medium/speaker0002/s10000000228.wav,wav/medium/speaker0002/s20000000228.wav,entails
320,wav/medium/speaker0003/s10000000251.wav,wav/medium/speaker0003/s20000000251.wav,entails
321,wav/medium/speaker0005/s10000000251.wav,wav/medium/speaker0005/s20000000251.wav,entails
322,wav/medium/speaker0002/s10000000138.wav,wav/medium/speaker0002/s20000000138.wav,entails
323,wav/medium/speaker0002/s10000000425.wav,wav/medium/speaker0002/s20000000425.wav,neutral
324,wav/medium/speaker0005/s10000000401.wav,wav/medium/speaker0005/s20000000401.wav,entails
325,wav/medium/speaker0001/s10000000120.wav,wav/medium/speaker0001/s20000000120.wav,neutral
326,wav/medium/speaker0003/s10000000242.wav,wav/medium/speaker0003/s20000000242.wav,neutral
327,wav/medium/speaker0003/s10000000223.wav,wav/medium/speaker0003/s20000000223.wav,neutral
328,wav/medium/speaker0002/s10000000260.wav,wav/medium/speaker0002/s20000000260.wav,entails
329,wav/medium/speaker0003/s10000000201.wav,wav/medium/speaker0003/s20000000201.wav,neutral
330,wav/medium/speaker0004/s10000000112.wav,wav/medium/speaker0004/s20000000112.wav,entails
331,wav/medium/speaker0001/s10000000379.wav,wav/medium/speaker0001/s20000000379.wav,neutral
332,wav/medium/speaker0003/s10000000353.wav,wav/medium/speaker0003/s20000000353.wav,neutral
333,wav/medium/speaker0005/s10000000347.wav,wav/medium/speaker0005/s20000000347.wav,neutral
334,wav/medium/speaker0002/s10000000099.wav,wav/medium/speaker0002/s20000000099.wav,neutral
335,wav/medium/speaker0004/s10000000279.wav,wav/medium/speaker0004/s20000000279.wav,entails
336,wav/medium/speaker0005/s10000000199.wav,wav/medium/speaker0005/s20000000199.wav,neutral
337,wav/medium/speaker0006/s10000000068.wav,wav/medium/speaker0006/s20000000068.wav,entails
338,wav/medium/speaker0006/s10000000316.wav,wav/medium/speaker0006/s20000000316.wav,entails
339,wav/medium/speaker0004/s10000000125.wav,wav/medium/speaker0004/s20000000125.wav,neutral
340,wav/medium/speaker0002/s10000000021.wav,wav/medium/speaker0002/s20000000021.wav,neutral
341,wav/medium/speaker0005/s10000000201.wav,wav/medium/speaker0005/s20000000201.wav,neutral
342,wav/medium/speaker0004/s10000000439.wav,wav/medium/speaker0004/s20000000439.wav,neutral
343,wav/medium/speaker0006/s10000000151.wav,wav/medium/speaker0006/s20000000151.wav,entails
344,wav/medium/speaker0003/s10000000389.wav,wav/medium/speaker0003/s20000000389.wav,entails
345,wav/medium/speaker0006/s10000000072.wav,wav/medium/speaker0006/s20000000072.wav,entails
346,wav/medium/speaker0005/s10000000287.wav,wav/medium/speaker0005/s20000000287.wav,entails
347,wav/medium/speaker0005/s10000000099.wav,wav/medium/speaker0005/s20000000099.wav,neutral
348,wav/medium/speaker0002/s10000000271.wav,wav/medium/speaker0002/s20000000271.wav,neutral
349,wav/medium/speaker0002/s10000000107.wav,wav/medium/speaker0002/s20000000107.wav,entails
350,wav/medium/speaker0003/s10000000094.wav,wav/medium/speaker0003/s20000000094.wav,entails
351,wav/medium/speaker0004/s10000000375.wav,wav/medium/speaker0004/s20000000375.wav,neutral
352,wav/medium/speaker0002/s10000000353.wav,wav/medium/speaker0002/s20000000353.wav,neutral
353,wav/medium/speaker0001/s10000000033.wav,wav/medium/speaker0001/s20000000033.wav,entails
354,wav/medium/speaker0001/s10000000199.wav,wav/medium/speaker0001/s20000000199.wav,neutral
355,wav/medium/speaker0002/s10000000439.wav,wav/medium/speaker0002/s20000000439.wav,neutral
356,wav/medium/speaker0002/s10000000312.wav,wav/medium/speaker0002/s20000000312.wav,neutral
357,wav/medium/speaker0004/s10000000382.wav,wav/medium/speaker0004/s20000000382.wav,neutral
358,wav/medium/speaker0003/s10000000112.wav,wav/medium/speaker0003/s20000000112.wav,entails
359,wav/medium/speaker0003/s10000000175.wav,wav/medium/speaker0003/s20000000175.wav,entails
360,wav/medium/speaker0001/s10000000383.wav,wav/medium/speaker0001/s20000000383.wav,neutral
361,wav/medium/speaker0006/s10000000086.wav,wav/medium/speaker0006/s20000000086.wav,neutral
362,wav/medium/speaker0003/s10000000173.wav,wav/medium/speaker0003/s20000000173.wav,neutral
363,wav/medium/speaker0004/s10000000007.wav,wav/medium/speaker0004/s20000000007.wav,entails
364,wav/medium/speaker0001/s10000000330.wav,wav/medium/speaker0001/s20000000330.wav,entails
365,wav/medium/speaker0001/s10000000017.wav,wav/medium/speaker0001/s20000000017.wav,entails
366,wav/medium/speaker0006/s10000000126.wav,wav/medium/speaker0006/s20000000126.wav,neutral
367,wav/medium/speaker0003/s10000000401.wav,wav/medium/speaker0003/s20000000401.wav,entails
368,wav/medium/speaker0002/s10000000016.wav,wav/medium/speaker0002/s20000000016.wav,neutral
369,wav/medium/speaker0005/s10000000235.wav,wav/medium/speaker0005/s20000000235.wav,entails
370,wav/medium/speaker0006/s10000000017.wav,wav/medium/speaker0006/s20000000017.wav,entails
371,wav/medium/speaker0004/s10000000119.wav,wav/medium/speaker0004/s20000000119.wav,neutral
372,wav/medium/speaker0001/s10000000347.wav,wav/medium/speaker0001/s20000000347.wav,neutral
373,wav/medium/speaker0006/s10000000267.wav,wav/medium/speaker0006/s20000000267.wav,entails
374,wav/medium/speaker0006/s10000000110.wav,wav/medium/speaker0006/s20000000110.wav,neutral
375,wav/medium/speaker0002/s10000000245.wav,wav/medium/speaker0002/s20000000245.wav,neutral
376,wav/medium/speaker0001/s10000000096.wav,wav/medium/speaker0001/s20000000096.wav,entails
377,wav/medium/speaker0003/s10000000369.wav,wav/medium/speaker0003/s20000000369.wav,neutral
378,wav/medium/speaker0006/s10000000391.wav,wav/medium/speaker0006/s20000000391.wav,entails
379,wav/medium/speaker0004/s10000000173.wav,wav/medium/speaker0004/s20000000173.wav,neutral
380,wav/medium/speaker0003/s10000000037.wav,wav/medium/speaker0003/s20000000037.wav,entails
381,wav/medium/speaker0002/s10000000294.wav,wav/medium/speaker0002/s20000000294.wav,neutral
382,wav/medium/speaker0006/s10000000118.wav,wav/medium/speaker0006/s20000000118.wav,entails
383,wav/medium/speaker0005/s10000000096.wav,wav/medium/speaker0005/s20000000096.wav,entails
384,wav/medium/speaker0001/s10000000214.wav,wav/medium/speaker0001/s20000000214.wav,neutral
385,wav/medium/speaker0005/s10000000379.wav,wav/medium/speaker0005/s20000000379.wav,neutral
386,wav/medium/speaker0006/s10000000080.wav,wav/medium/speaker0006/s20000000080.wav,neutral
387,wav/medium/speaker0003/s10000000145.wav,wav/medium/speaker0003/s20000000145.wav,neutral
388,wav/medium/speaker0005/s10000000017.wav,wav/medium/speaker0005/s20000000017.wav,entails
389,wav/medium/speaker0005/s10000000072.wav,wav/medium/speaker0005/s20000000072.wav,entails
390,wav/medium/speaker0003/s10000000287.wav,wav/medium/speaker0003/s20000000287.wav,entails
391,wav/medium/speaker0004/s10000000094.wav,wav/medium/speaker0004/s20000000094.wav,entails
392,wav/medium/speaker0006/s10000000173.wav,wav/medium/speaker0006/s20000000173.wav,neutral
393,wav/medium/speaker0004/s10000000207.wav,wav/medium/speaker0004/s20000000207.wav,entails
394,wav/medium/speaker0005/s10000000035.wav,wav/medium/speaker0005/s20000000035.wav,entails
395,wav/medium/speaker0006/s10000000218.wav,wav/medium/speaker0006/s20000000218.wav,neutral
396,wav/medium/speaker0003/s10000000409.wav,wav/medium/speaker0003/s20000000409.wav,neutral
397,wav/medium/speaker0006/s10000000409.wav,wav/medium/speaker0006/s20000000409.wav,neutral
398,wav/medium/speaker0002/s10000000369.wav,wav/medium/speaker0002/s20000000369.wav,neutral
399,wav/medium/speaker0005/s10000000454.wav,wav/medium/speaker0005/s20000000454.wav,neutral
400,wav/medium/speaker0001/s10000000459.wav,wav/medium/speaker0001/s20000000459.wav,neutral
401,wav/medium/speaker0004/s10000000027.wav,wav/medium/speaker0004/s20000000027.wav,entails
402,wav/medium/speaker0003/s10000000187.wav,wav/medium/speaker0003/s20000000187.wav,neutral
403,wav/medium/speaker0006/s10000000347.wav,wav/medium/speaker0006/s20000000347.wav,neutral
404,wav/medium/speaker0004/s10000000260.wav,wav/medium/speaker0004/s20000000260.wav,entails
405,wav/medium/speaker0006/s10000000201.wav,wav/medium/speaker0006/s20000000201.wav,neutral
406,wav/medium/speaker0005/s10000000391.wav,wav/medium/speaker0005/s20000000391.wav,entails
407,wav/medium/speaker0001/s10000000369.wav,wav/medium/speaker0001/s20000000369.wav,neutral
408,wav/medium/speaker0004/s10000000099.wav,wav/medium/speaker0004/s20000000099.wav,neutral
409,wav/medium/speaker0001/s10000000409.wav,wav/medium/speaker0001/s20000000409.wav,neutral
410,wav/medium/speaker0004/s10000000136.wav,wav/medium/speaker0004/s20000000136.wav,neutral
411,wav/medium/speaker0001/s10000000283.wav,wav/medium/speaker0001/s20000000283.wav,neutral
412,wav/medium/speaker0006/s10000000168.wav,wav/medium/speaker0006/s20000000168.wav,neutral
413,wav/medium/speaker0001/s10000000228.wav,wav/medium/speaker0001/s20000000228.wav,entails
414,wav/medium/speaker0005/s10000000389.wav,wav/medium/speaker0005/s20000000389.wav,entails
415,wav/medium/speaker0004/s10000000425.wav,wav/medium/speaker0004/s20000000425.wav,neutral
416,wav/medium/speaker0002/s10000000279.wav,wav/medium/speaker0002/s20000000279.wav,entails
417,wav/medium/speaker0006/s10000000145.wav,wav/medium/speaker0006/s20000000145.wav,neutral
418,wav/medium/speaker0001/s10000000022.wav,wav/medium/speaker0001/s20000000022.wav,entails
419,wav/medium/speaker0004/s10000000317.wav,wav/medium/speaker0004/s20000000317.wav,neutral
420,wav/medium/speaker0006/s10000000232.wav,wav/medium/speaker0006/s20000000232.wav,neutral
421,wav/medium/speaker0004/s10000000447.wav,wav/medium/speaker0004/s20000000447.wav,neutral
422,wav/medium/speaker0001/s10000000156.wav,wav/medium/speaker0001/s20000000156.wav,neutral
423,wav/medium/speaker0004/s10000000308.wav,wav/medium/speaker0004/s20000000308.wav,entails
424,wav/medium/speaker0004/s10000000457.wav,wav/medium/speaker0004/s20000000457.wav,entails
425,wav/medium/speaker0006/s10000000445.wav,wav/medium/speaker0006/s20000000445.wav,neutral
426,wav/medium/speaker0006/s10000000315.wav,wav/medium/speaker0006/s20000000315.wav,entails
427,wav/medium/speaker0003/s10000000404.wav,wav/medium/speaker0003/s20000000404.wav,neutral
428,wav/medium/speaker0001/s10000000242.wav,wav/medium/speaker0001/s20000000242.wav,neutral
429,wav/medium/speaker0006/s10000000471.wav,wav/medium/speaker0006/s20000000471.wav,neutral
430,wav/medium/speaker0004/s10000000296.wav,wav/medium/speaker0004/s20000000296.wav,neutral
431,wav/medium/speaker0001/s10000000457.wav,wav/medium/speaker0001/s20000000457.wav,entails
432,wav/medium/speaker0005/s10000000107.wav,wav/medium/speaker0005/s20000000107.wav,entails
433,wav/medium/speaker0002/s10000000204.wav,wav/medium/speaker0002/s20000000204.wav,neutral
434,wav/medium/speaker0003/s10000000156.wav,wav/medium/speaker0003/s20000000156.wav,neutral
435,wav/medium/speaker0005/s10000000461.wav,wav/medium/speaker0005/s20000000461.wav,entails
436,wav/medium/speaker0001/s10000000219.wav,wav/medium/speaker0001/s20000000219.wav,neutral
437,wav/medium/speaker0001/s10000000172.wav,wav/medium/speaker0001/s20000000172.wav,neutral
438,wav/medium/speaker0003/s10000000045.wav,wav/medium/speaker0003/s20000000045.wav,neutral
439,wav/medium/speaker0005/s10000000134.wav,wav/medium/speaker0005/s20000000134.wav,entails
440,wav/medium/speaker0005/s10000000463.wav,wav/medium/speaker0005/s20000000463.wav,neutral
441,wav/medium/speaker0004/s10000000223.wav,wav/medium/speaker0004/s20000000223.wav,neutral
442,wav/medium/speaker0004/s10000000192.wav,wav/medium/speaker0004/s20000000192.wav,neutral
443,wav/medium/speaker0004/s10000000390.wav,wav/medium/speaker0004/s20000000390.wav,neutral
444,wav/medium/speaker0005/s10000000392.wav,wav/medium/speaker0005/s20000000392.wav,neutral
445,wav/medium/speaker0001/s10000000440.wav,wav/medium/speaker0001/s20000000440.wav,entails
446,wav/medium/speaker0002/s10000000110.wav,wav/medium/speaker0002/s20000000110.wav,neutral
447,wav/medium/speaker0002/s10000000094.wav,wav/medium/speaker0002/s20000000094.wav,entails
448,wav/medium/speaker0002/s10000000225.wav,wav/medium/speaker0002/s20000000225.wav,neutral
449,wav/medium/speaker0006/s10000000125.wav,wav/medium/speaker0006/s20000000125.wav,neutral
450,wav/medium/speaker0003/s10000000419.wav,wav/medium/speaker0003/s20000000419.wav,entails
451,wav/medium/speaker0005/s10000000125.wav,wav/medium/speaker0005/s20000000125.wav,neutral
452,wav/medium/speaker0005/s10000000245.wav,wav/medium/speaker0005/s20000000245.wav,neutral
453,wav/medium/speaker0004/s10000000174.wav,wav/medium/speaker0004/s20000000174.wav,neutral
454,wav/medium/speaker0001/s10000000293.wav,wav/medium/speaker0001/s20000000293.wav,neutral
455,wav/medium/speaker0004/s10000000072.wav,wav/medium/speaker0004/s20000000072.wav,entails
456,wav/medium/speaker0003/s10000000425.wav,wav/medium/speaker0003/s20000000425.wav,neutral
457,wav/medium/speaker0005/s10000000369.wav,wav/medium/speaker0005/s20000000369.wav,neutral
458,wav/medium/speaker0005/s10000000033.wav,wav/medium/speaker0005/s20000000033.wav,entails
459,wav/medium/speaker0006/s10000000172.wav,wav/medium/speaker0006/s20000000172.wav,neutral
460,wav/medium/speaker0006/s10000000119.wav,wav/medium/speaker0006/s20000000119.wav,neutral
461,wav/medium/speaker0003/s10000000447.wav,wav/medium/speaker0003/s20000000447.wav,neutral
462,wav/medium/speaker0001/s10000000404.wav,wav/medium/speaker0001/s20000000404.wav,neutral
463,wav/medium/speaker0004/s10000000369.wav,wav/medium/speaker0004/s20000000369.wav,neutral
464,wav/medium/speaker0001/s10000000118.wav,wav/medium/speaker0001/s20000000118.wav,entails
465,wav/medium/speaker0005/s10000000022.wav,wav/medium/speaker0005/s20000000022.wav,entails
466,wav/medium/speaker0003/s10000000027.wav,wav/medium/speaker0003/s20000000027.wav,entails
467,wav/medium/speaker0003/s10000000035.wav,wav/medium/speaker0003/s20000000035.wav,entails
468,wav/medium/speaker0006/s10000000112.wav,wav/medium/speaker0006/s20000000112.wav,entails
469,wav/medium/speaker0002/s10000000419.wav,wav/medium/speaker0002/s20000000419.wav,entails
470,wav/medium/speaker0006/s10000000219.wav,wav/medium/speaker0006/s20000000219.wav,neutral
471,wav/medium/speaker0005/s10000000068.wav,wav/medium/speaker0005/s20000000068.wav,entails
472,wav/medium/speaker0005/s10000000168.wav,wav/medium/speaker0005/s20000000168.wav,neutral
473,wav/medium/speaker0002/s10000000223.wav,wav/medium/speaker0002/s20000000223.wav,neutral
474,wav/medium/speaker0006/s10000000235.wav,wav/medium/speaker0006/s20000000235.wav,entails
475,wav/medium/speaker0003/s10000000390.wav,wav/medium/speaker0003/s20000000390.wav,neutral
476,wav/medium/speaker0006/s10000000027.wav,wav/medium/speaker0006/s20000000027.wav,entails
477,wav/medium/speaker0002/s10000000022.wav,wav/medium/speaker0002/s20000000022.wav,entails
478,wav/medium/speaker0004/s10000000204.wav,wav/medium/speaker0004/s20000000204.wav,neutral
479,wav/medium/speaker0006/s10000000339.wav,wav/medium/speaker0006/s20000000339.wav,neutral
480,wav/medium/speaker0003/s10000000099.wav,wav/medium/speaker0003/s20000000099.wav,neutral
481,wav/medium/speaker0005/s10000000365.wav,wav/medium/speaker0005/s20000000365.wav,neutral
482,wav/medium/speaker0001/s10000000303.wav,wav/medium/speaker0001/s20000000303.wav,neutral
483,wav/medium/speaker0004/s10000000431.wav,wav/medium/speaker0004/s20000000431.wav,neutral
484,wav/medium/speaker0005/s10000000110.wav,wav/medium/speaker0005/s20000000110.wav,neutral
485,wav/medium/speaker0004/s10000000194.wav,wav/medium/speaker0004/s20000000194.wav,neutral
486,wav/medium/speaker0006/s10000000454.wav,wav/medium/speaker0006/s20000000454.wav,neutral
487,wav/medium/speaker0006/s10000000303.wav,wav/medium/speaker0006/s20000000303.wav,neutral
488,wav/medium/speaker0002/s10000000296.wav,wav/medium/speaker0002/s20000000296.wav,neutral
489,wav/medium/speaker0001/s10000000072.wav,wav/medium/speaker0001/s20000000072.wav,entails
490,wav/medium/speaker0004/s10000000147.wav,wav/medium/speaker0004/s20000000147.wav,neutral
491,wav/medium/speaker0002/s10000000454.wav,wav/medium/speaker0002/s20000000454.wav,neutral
492,wav/medium/speaker0003/s10000000107.wav,wav/medium/speaker0003/s20000000107.wav,entails
493,wav/medium/speaker0005/s10000000232.wav,wav/medium/speaker0005/s20000000232.wav,neutral
494,wav/medium/speaker0004/s10000000350.wav,wav/medium/speaker0004/s20000000350.wav,neutral
495,wav/medium/speaker0003/s10000000134.wav,wav/medium/speaker0003/s20000000134.wav,entails
496,wav/medium/speaker0003/s10000000293.wav,wav/medium/speaker0003/s20000000293.wav,neutral
497,wav/medium/speaker0002/s10000000106.wav,wav/medium/speaker0002/s20000000106.wav,neutral
498,wav/medium/speaker0005/s10000000339.wav,wav/medium/speaker0005/s20000000339.wav,neutral
499,wav/medium/speaker0006/s10000000094.wav,wav/medium/speaker0006/s20000000094.wav,entails
500,wav/medium/speaker0002/s10000000194.wav,wav/medium/speaker0002/s20000000194.wav,neutral
501,wav/medium/speaker0003/s10000000372.wav,wav/medium/speaker0003/s20000000372.wav,entails
502,wav/medium/speaker0004/s10000000271.wav,wav/medium/speaker0004/s20000000271.wav,neutral
503,wav/medium/speaker0001/s10000000083.wav,wav/medium/speaker0001/s20000000083.wav,entails
504,wav/medium/speaker0006/s10000000035.wav,wav/medium/speaker0006/s20000000035.wav,entails
505,wav/medium/speaker0005/s10000000076.wav,wav/medium/speaker0005/s20000000076.wav,neutral
506,wav/medium/speaker0006/s10000000021.wav,wav/medium/speaker0006/s20000000021.wav,neutral
507,wav/medium/speaker0002/s10000000134.wav,wav/medium/speaker0002/s20000000134.wav,entails
508,wav/medium/speaker0004/s10000000440.wav,wav/medium/speaker0004/s20000000440.wav,entails
509,wav/medium/speaker0001/s10000000362.wav,wav/medium/speaker0001/s20000000362.wav,entails
510,wav/medium/speaker0003/s10000000382.wav,wav/medium/speaker0003/s20000000382.wav,neutral
511,wav/medium/speaker0001/s10000000016.wav,wav/medium/speaker0001/s20000000016.wav,neutral
512,wav/medium/speaker0003/s10000000243.wav,wav/medium/speaker0003/s20000000243.wav,neutral
513,wav/medium/speaker0003/s10000000142.wav,wav/medium/speaker0003/s20000000142.wav,entails
514,wav/medium/speaker0002/s10000000464.wav,wav/medium/speaker0002/s20000000464.wav,entails
515,wav/medium/speaker0002/s10000000368.wav,wav/medium/speaker0002/s20000000368.wav,neutral
516,wav/medium/speaker0001/s10000000225.wav,wav/medium/speaker0001/s20000000225.wav,neutral
517,wav/medium/speaker0006/s10000000243.wav,wav/medium/speaker0006/s20000000243.wav,neutral
518,wav/medium/speaker0006/s10000000033.wav,wav/medium/speaker0006/s20000000033.wav,entails
519,wav/medium/speaker0002/s10000000175.wav,wav/medium/speaker0002/s20000000175.wav,entails
520,wav/medium/speaker0006/s10000000071.wav,wav/medium/speaker0006/s20000000071.wav,neutral
521,wav/medium/speaker0001/s10000000076.wav,wav/medium/speaker0001/s20000000076.wav,neutral
522,wav/medium/speaker0005/s10000000260.wav,wav/medium/speaker0005/s20000000260.wav,entails
523,wav/medium/speaker0003/s10000000330.wav,wav/medium/speaker0003/s20000000330.wav,entails
524,wav/medium/speaker0001/s10000000112.wav,wav/medium/speaker0001/s20000000112.wav,entails
525,wav/medium/speaker0002/s10000000299.wav,wav/medium/speaker0002/s20000000299.wav,neutral
526,wav/medium/speaker0005/s10000000175.wav,wav/medium/speaker0005/s20000000175.wav,entails
527,wav/medium/speaker0005/s10000000142.wav,wav/medium/speaker0005/s20000000142.wav,entails
528,wav/medium/speaker0004/s10000000287.wav,wav/medium/speaker0004/s20000000287.wav,entails
529,wav/medium/speaker0001/s10000000201.wav,wav/medium/speaker0001/s20000000201.wav,neutral
530,wav/medium/speaker0001/s10000000399.wav,wav/medium/speaker0001/s20000000399.wav,neutral
531,wav/medium/speaker0006/s10000000361.wav,wav/medium/speaker0006/s20000000361.wav,neutral
532,wav/medium/speaker0003/s10000000207.wav,wav/medium/speaker0003/s20000000207.wav,entails
533,wav/medium/speaker0002/s10000000017.wav,wav/medium/speaker0002/s20000000017.wav,entails
534,wav/medium/speaker0001/s10000000094.wav,wav/medium/speaker0001/s20000000094.wav,entails
535,wav/medium/speaker0004/s10000000459.wav,wav/medium/speaker0004/s20000000459.wav,neutral
536,wav/medium/speaker0003/s10000000225.wav,wav/medium/speaker0003/s20000000225.wav,neutral
537,wav/medium/speaker0004/s10000000224.wav,wav/medium/speaker0004/s20000000224.wav,neutral
538,wav/medium/speaker0002/s10000000463.wav,wav/medium/speaker0002/s20000000463.wav,neutral
539,wav/medium/speaker0002/s10000000218.wav,wav/medium/speaker0002/s20000000218.wav,neutral
540,wav/medium/speaker0002/s10000000420.wav,wav/medium/speaker0002/s20000000420.wav,neutral
541,wav/medium/speaker0004/s10000000368.wav,wav/medium/speaker0004/s20000000368.wav,neutral
542,wav/medium/speaker0001/s10000000439.wav,wav/medium/speaker0001/s20000000439.wav,neutral
543,wav/medium/speaker0005/s10000000016.wav,wav/medium/speaker0005/s20000000016.wav,neutral
544,wav/medium/speaker0003/s10000000174.wav,wav/medium/speaker0003/s20000000174.wav,neutral
545,wav/medium/speaker0002/s10000000045.wav,wav/medium/speaker0002/s20000000045.wav,neutral
546,wav/medium/speaker0002/s10000000096.wav,wav/medium/speaker0002/s20000000096.wav,entails
547,wav/medium/speaker0003/s10000000072.wav,wav/medium/speaker0003/s20000000072.wav,entails
548,wav/medium/speaker0001/s10000000401.wav,wav/medium/speaker0001/s20000000401.wav,entails
549,wav/medium/speaker0001/s10000000368.wav,wav/medium/speaker0001/s20000000368.wav,neutral
550,wav/medium/speaker0003/s10000000365.wav,wav/medium/speaker0003/s20000000365.wav,neutral
551,wav/medium/speaker0006/s10000000395.wav,wav/medium/speaker0006/s20000000395.wav,entails
552,wav/medium/speaker0001/s10000000133.wav,wav/medium/speaker0001/s20000000133.wav,neutral
553,wav/medium/speaker0003/s10000000206.wav,wav/medium/speaker0003/s20000000206.wav,entails
554,wav/medium/speaker0002/s10000000136.wav,wav/medium/speaker0002/s20000000136.wav,neutral
555,wav/medium/speaker0006/s10000000461.wav,wav/medium/speaker0006/s20000000461.wav,entails
556,wav/medium/speaker0003/s10000000271.wav,wav/medium/speaker0003/s20000000271.wav,neutral
557,wav/medium/speaker0003/s10000000375.wav,wav/medium/speaker0003/s20000000375.wav,neutral
558,wav/medium/speaker0001/s10000000317.wav,wav/medium/speaker0001/s20000000317.wav,neutral
559,wav/medium/speaker0002/s10000000282.wav,wav/medium/speaker0002/s20000000282.wav,entails
560,wav/medium/speaker0002/s10000000382.wav,wav/medium/speaker0002/s20000000382.wav,neutral
561,wav/medium/speaker0001/s10000000282.wav,wav/medium/speaker0001/s20000000282.wav,entails
562,wav/medium/speaker0003/s10000000071.wav,wav/medium/speaker0003/s20000000071.wav,neutral
563,wav/medium/speaker0002/s10000000315.wav,wav/medium/speaker0002/s20000000315.wav,entails
564,wav/medium/speaker0004/s10000000251.wav,wav/medium/speaker0004/s20000000251.wav,entails
565,wav/medium/speaker0006/s10000000037.wav,wav/medium/speaker0006/s20000000037.wav,entails
566,wav/medium/speaker0006/s10000000387.wav,wav/medium/speaker0006/s20000000387.wav,neutral
567,wav/medium/speaker0002/s10000000389.wav,wav/medium/speaker0002/s20000000389.wav,entails
568,wav/medium/speaker0001/s10000000068.wav,wav/medium/speaker0001/s20000000068.wav,entails
569,wav/medium/speaker0002/s10000000244.wav,wav/medium/speaker0002/s20000000244.wav,neutral
570,wav/medium/speaker0003/s10000000244.wav,wav/medium/speaker0003/s20000000244.wav,neutral
571,wav/medium/speaker0003/s10000000260.wav,wav/medium/speaker0003/s20000000260.wav,entails
572,wav/medium/speaker0003/s10000000308.wav,wav/medium/speaker0003/s20000000308.wav,entails
573,wav/medium/speaker0004/s10000000303.wav,wav/medium/speaker0004/s20000000303.wav,neutral
574,wav/medium/speaker0004/s10000000199.wav,wav/medium/speaker0004/s20000000199.wav,neutral
575,wav/medium/speaker0005/s10000000425.wav,wav/medium/speaker0005/s20000000425.wav,neutral
576,wav/medium/speaker0004/s10000000198.wav,wav/medium/speaker0004/s20000000198.wav,neutral
577,wav/medium/speaker0002/s10000000387.wav,wav/medium/speaker0002/s20000000387.wav,neutral
578,wav/medium/speaker0001/s10000000223.wav,wav/medium/speaker0001/s20000000223.wav,neutral
579,wav/medium/speaker0005/s10000000282.wav,wav/medium/speaker0005/s20000000282.wav,entails
580,wav/medium/speaker0006/s10000000207.wav,wav/medium/speaker0006/s20000000207.wav,entails
581,wav/medium/speaker0001/s10000000151.wav,wav/medium/speaker0001/s20000000151.wav,entails
582,wav/medium/speaker0005/s10000000294.wav,wav/medium/speaker0005/s20000000294.wav,neutral
583,wav/medium/speaker0003/s10000000228.wav,wav/medium/speaker0003/s20000000228.wav,entails
584,wav/medium/speaker0004/s10000000256.wav,wav/medium/speaker0004/s20000000256.wav,entails
585,wav/medium/speaker0005/s10000000366.wav,wav/medium/speaker0005/s20000000366.wav,neutral
586,wav/medium/speaker0005/s10000000020.wav,wav/medium/speaker0005/s20000000020.wav,neutral
587,wav/medium/speaker0002/s10000000267.wav,wav/medium/speaker0002/s20000000267.wav,entails
588,wav/medium/speaker0004/s10000000404.wav,wav/medium/speaker0004/s20000000404.wav,neutral
589,wav/medium/speaker0006/s10000000420.wav,wav/medium/speaker0006/s20000000420.wav,neutral
590,wav/medium/speaker0005/s10000000368.wav,wav/medium/speaker0005/s20000000368.wav,neutral
591,wav/medium/speaker0001/s10000000405.wav,wav/medium/speaker0001/s20000000405.wav,neutral
592,wav/medium/speaker0002/s10000000206.wav,wav/medium/speaker0002/s20000000206.wav,entails
593,wav/medium/speaker0002/s10000000020.wav,wav/medium/speaker0002/s20000000020.wav,neutral
594,wav/medium/speaker0006/s10000000447.wav,wav/medium/speaker0006/s20000000447.wav,neutral
595,wav/medium/speaker0004/s10000000469.wav,wav/medium/speaker0004/s20000000469.wav,entails
596,wav/medium/speaker0004/s10000000120.wav,wav/medium/speaker0004/s20000000120.wav,neutral
597,wav/medium/speaker0003/s10000000391.wav,wav/medium/speaker0003/s20000000391.wav,entails
598,wav/medium/speaker0003/s10000000151.wav,wav/medium/speaker0003/s20000000151.wav,entails
599,wav/medium/speaker0005/s10000000271.wav,wav/medium/speaker0005/s20000000271.wav,neutral
600,wav/medium/speaker0005/s10000000419.wav,wav/medium/speaker0005/s20000000419.wav,entails
601,wav/medium/speaker0005/s10000000267.wav,wav/medium/speaker0005/s20000000267.wav,entails
602,wav/medium/speaker0004/s10000000068.wav,wav/medium/speaker0004/s20000000068.wav,entails
603,wav/medium/speaker0003/s10000000136.wav,wav/medium/speaker0003/s20000000136.wav,neutral
604,wav/medium/speaker0006/s10000000353.wav,wav/medium/speaker0006/s20000000353.wav,neutral
605,wav/medium/speaker0001/s10000000245.wav,wav/medium/speaker0001/s20000000245.wav,neutral
606,wav/medium/speaker0002/s10000000308.wav,wav/medium/speaker0002/s20000000308.wav,entails
607,wav/medium/speaker0002/s10000000168.wav,wav/medium/speaker0002/s20000000168.wav,neutral
608,wav/medium/speaker0004/s10000000293.wav,wav/medium/speaker0004/s20000000293.wav,neutral
609,wav/medium/speaker0004/s10000000045.wav,wav/medium/speaker0004/s20000000045.wav,neutral
610,wav/medium/speaker0006/s10000000308.wav,wav/medium/speaker0006/s20000000308.wav,entails
611,wav/medium/speaker0005/s10000000464.wav,wav/medium/speaker0005/s20000000464.wav,entails
612,wav/medium/speaker0001/s10000000080.wav,wav/medium/speaker0001/s20000000080.wav,neutral
613,wav/medium/speaker0005/s10000000041.wav,wav/medium/speaker0005/s20000000041.wav,neutral
614,wav/medium/speaker0001/s10000000287.wav,wav/medium/speaker0001/s20000000287.wav,entails
615,wav/medium/speaker0006/s10000000299.wav,wav/medium/speaker0006/s20000000299.wav,neutral
616,wav/medium/speaker0005/s10000000308.wav,wav/medium/speaker0005/s20000000308.wav,entails
617,wav/medium/speaker0003/s10000000383.wav,wav/medium/speaker0003/s20000000383.wav,neutral
618,wav/medium/speaker0003/s10000000463.wav,wav/medium/speaker0003/s20000000463.wav,neutral
619,wav/medium/speaker0004/s10000000168.wav,wav/medium/speaker0004/s20000000168.wav,neutral
620,wav/medium/speaker0001/s10000000434.wav,wav/medium/speaker0001/s20000000434.wav,neutral
621,wav/medium/speaker0002/s10000000080.wav,wav/medium/speaker0002/s20000000080.wav,neutral
622,wav/medium/speaker0004/s10000000353.wav,wav/medium/speaker0004/s20000000353.wav,neutral
623,wav/medium/speaker0001/s10000000136.wav,wav/medium/speaker0001/s20000000136.wav,neutral
624,wav/medium/speaker0006/s10000000404.wav,wav/medium/speaker0006/s20000000404.wav,neutral
625,wav/medium/speaker0004/s10000000083.wav,wav/medium/speaker0004/s20000000083.wav,entails
626,wav/medium/speaker0003/s10000000315.wav,wav/medium/speaker0003/s20000000315.wav,entails
627,wav/medium/speaker0004/s10000000142.wav,wav/medium/speaker0004/s20000000142.wav,entails
628,wav/medium/speaker0006/s10000000194.wav,wav/medium/speaker0006/s20000000194.wav,neutral
629,wav/medium/speaker0001/s10000000395.wav,wav/medium/speaker0001/s20000000395.wav,entails
630,wav/medium/speaker0004/s10000000134.wav,wav/medium/speaker0004/s20000000134.wav,entails
631,wav/medium/speaker0005/s10000000431.wav,wav/medium/speaker0005/s20000000431.wav,neutral
632,wav/medium/speaker0005/s10000000206.wav,wav/medium/speaker0005/s20000000206.wav,entails
633,wav/medium/speaker0005/s10000000457.wav,wav/medium/speaker0005/s20000000457.wav,entails
634,wav/medium/speaker0004/s10000000020.wav,wav/medium/speaker0004/s20000000020.wav,neutral
635,wav/medium/speaker0003/s10000000224.wav,wav/medium/speaker0003/s20000000224.wav,neutral
636,wav/medium/speaker0006/s10000000007.wav,wav/medium/speaker0006/s20000000007.wav,entails
637,wav/medium/speaker0002/s10000000156.wav,wav/medium/speaker0002/s20000000156.wav,neutral
638,wav/medium/speaker0006/s10000000134.wav,wav/medium/speaker0006/s20000000134.wav,entails
639,wav/medium/speaker0006/s10000000142.wav,wav/medium/speaker0006/s20000000142.wav,entails
640,wav/medium/speaker0002/s10000000142.wav,wav/medium/speaker0002/s20000000142.wav,entails
641,wav/medium/speaker0006/s10000000198.wav,wav/medium/speaker0006/s20000000198.wav,neutral
642,wav/medium/speaker0005/s10000000375.wav,wav/medium/speaker0005/s20000000375.wav,neutral
643,wav/medium/speaker0006/s10000000096.wav,wav/medium/speaker0006/s20000000096.wav,entails
644,wav/medium/speaker0004/s10000000471.wav,wav/medium/speaker0004/s20000000471.wav,neutral
645,wav/medium/speaker0001/s10000000106.wav,wav/medium/speaker0001/s20000000106.wav,neutral
646,wav/medium/speaker0004/s10000000206.wav,wav/medium/speaker0004/s20000000206.wav,entails
647,wav/medium/speaker0004/s10000000383.wav,wav/medium/speaker0004/s20000000383.wav,neutral
648,wav/medium/speaker0001/s10000000389.wav,wav/medium/speaker0001/s20000000389.wav,entails
649,wav/medium/speaker0003/s10000000120.wav,wav/medium/speaker0003/s20000000120.wav,neutral
650,wav/medium/speaker0005/s10000000106.wav,wav/medium/speaker0005/s20000000106.wav,neutral
651,wav/medium/speaker0006/s10000000136.wav,wav/medium/speaker0006/s20000000136.wav,neutral
652,wav/medium/speaker0006/s10000000120.wav,wav/medium/speaker0006/s20000000120.wav,neutral
653,wav/medium/speaker0001/s10000000035.wav,wav/medium/speaker0001/s20000000035.wav,entails
654,wav/medium/speaker0002/s10000000339.wav,wav/medium/speaker0002/s20000000339.wav,neutral
655,wav/medium/speaker0001/s10000000251.wav,wav/medium/speaker0001/s20000000251.wav,entails
656,wav/medium/speaker0004/s10000000445.wav,wav/medium/speaker0004/s20000000445.wav,neutral
657,wav/medium/speaker0006/s10000000282.wav,wav/medium/speaker0006/s20000000282.wav,entails
658,wav/medium/speaker0005/s10000000296.wav,wav/medium/speaker0005/s20000000296.wav,neutral
659,wav/medium/speaker0004/s10000000041.wav,wav/medium/speaker0004/s20000000041.wav,neutral
660,wav/medium/speaker0001/s10000000294.wav,wav/medium/speaker0001/s20000000294.wav,neutral
661,wav/medium/speaker0003/s10000000420.wav,wav/medium/speaker0003/s20000000420.wav,neutral
662,wav/medium/speaker0005/s10000000236.wav,wav/medium/speaker0005/s20000000236.wav,entails
663,wav/medium/speaker0001/s10000000464.wav,wav/medium/speaker0001/s20000000464.wav,entails
664,wav/medium/speaker0002/s10000000133.wav,wav/medium/speaker0002/s20000000133.wav,neutral
665,wav/medium/speaker0004/s10000000461.wav,wav/medium/speaker0004/s20000000461.wav,entails
666,wav/medium/speaker0002/s10000000072.wav,wav/medium/speaker0002/s20000000072.wav,entails
667,wav/medium/speaker0002/s10000000201.wav,wav/medium/speaker0002/s20000000201.wav,neutral
668,wav/medium/speaker0005/s10000000243.wav,wav/medium/speaker0005/s20000000243.wav,neutral
669,wav/medium/speaker0002/s10000000172.wav,wav/medium/speaker0002/s20000000172.wav,neutral
670,wav/medium/speaker0006/s10000000041.wav,wav/medium/speaker0006/s20000000041.wav,neutral
671,wav/medium/speaker0001/s10000000339.wav,wav/medium/speaker0001/s20000000339.wav,neutral
672,wav/medium/speaker0002/s10000000461.wav,wav/medium/speaker0002/s20000000461.wav,entails
673,wav/medium/speaker0006/s10000000330.wav,wav/medium/speaker0006/s20000000330.wav,entails
674,wav/medium/speaker0005/s10000000445.wav,wav/medium/speaker0005/s20000000445.wav,neutral
675,wav/medium/speaker0006/s10000000366.wav,wav/medium/speaker0006/s20000000366.wav,neutral
676,wav/medium/speaker0002/s10000000027.wav,wav/medium/speaker0002/s20000000027.wav,entails
677,wav/medium/speaker0004/s10000000244.wav,wav/medium/speaker0004/s20000000244.wav,neutral
678,wav/medium/speaker0006/s10000000434.wav,wav/medium/speaker0006/s20000000434.wav,neutral
679,wav/medium/speaker0004/s10000000172.wav,wav/medium/speaker0004/s20000000172.wav,neutral
680,wav/medium/speaker0001/s10000000045.wav,wav/medium/speaker0001/s20000000045.wav,neutral
681,wav/medium/speaker0002/s10000000393.wav,wav/medium/speaker0002/s20000000393.wav,neutral
682,wav/medium/speaker0006/s10000000156.wav,wav/medium/speaker0006/s20000000156.wav,neutral
683,wav/medium/speaker0002/s10000000392.wav,wav/medium/speaker0002/s20000000392.wav,neutral
684,wav/medium/speaker0001/s10000000365.wav,wav/medium/speaker0001/s20000000365.wav,neutral
685,wav/medium/speaker0001/s10000000391.wav,wav/medium/speaker0001/s20000000391.wav,entails
686,wav/medium/speaker0004/s10000000021.wav,wav/medium/speaker0004/s20000000021.wav,neutral
687,wav/medium/speaker0006/s10000000372.wav,wav/medium/speaker0006/s20000000372.wav,entails
688,wav/medium/speaker0006/s10000000251.wav,wav/medium/speaker0006/s20000000251.wav,entails
689,wav/medium/speaker0003/s10000000368.wav,wav/medium/speaker0003/s20000000368.wav,neutral
690,wav/medium/speaker0006/s10000000045.wav,wav/medium/speaker0006/s20000000045.wav,neutral
691,wav/medium/speaker0004/s10000000391.wav,wav/medium/speaker0004/s20000000391.wav,entails
692,wav/medium/speaker0003/s10000000192.wav,wav/medium/speaker0003/s20000000192.wav,neutral
693,wav/medium/speaker0001/s10000000174.wav,wav/medium/speaker0001/s20000000174.wav,neutral
694,wav/medium/speaker0003/s10000000312.wav,wav/medium/speaker0003/s20000000312.wav,neutral
695,wav/medium/speaker0001/s10000000007.wav,wav/medium/speaker0001/s20000000007.wav,entails
696,wav/medium/speaker0006/s10000000390.wav,wav/medium/speaker0006/s20000000390.wav,neutral
697,wav/medium/speaker0002/s10000000173.wav,wav/medium/speaker0002/s20000000173.wav,neutral
698,wav/medium/speaker0001/s10000000244.wav,wav/medium/speaker0001/s20000000244.wav,neutral
699,wav/medium/speaker0003/s10000000362.wav,wav/medium/speaker0003/s20000000362.wav,entails
700,wav/medium/speaker0006/s10000000350.wav,wav/medium/speaker0006/s20000000350.wav,neutral
701,wav/medium/speaker0005/s10000000372.wav,wav/medium/speaker0005/s20000000372.wav,entails
702,wav/medium/speaker0006/s10000000192.wav,wav/medium/speaker0006/s20000000192.wav,neutral
703,wav/medium/speaker0003/s10000000464.wav,wav/medium/speaker0003/s20000000464.wav,entails
704,wav/medium/speaker0001/s10000000469.wav,wav/medium/speaker0001/s20000000469.wav,entails
705,wav/medium/speaker0002/s10000000145.wav,wav/medium/speaker0002/s20000000145.wav,neutral
706,wav/medium/speaker0001/s10000000271.wav,wav/medium/speaker0001/s20000000271.wav,neutral
707,wav/medium/speaker0004/s10000000330.wav,wav/medium/speaker0004/s20000000330.wav,entails
708,wav/medium/speaker0001/s10000000206.wav,wav/medium/speaker0001/s20000000206.wav,entails
709,wav/medium/speaker0003/s10000000194.wav,wav/medium/speaker0003/s20000000194.wav,neutral
710,wav/medium/speaker0006/s10000000199.wav,wav/medium/speaker0006/s20000000199.wav,neutral
711,wav/medium/speaker0006/s10000000076.wav,wav/medium/speaker0006/s20000000076.wav,neutral
712,wav/medium/speaker0005/s10000000112.wav,wav/medium/speaker0005/s20000000112.wav,entails
713,wav/medium/speaker0004/s10000000315.wav,wav/medium/speaker0004/s20000000315.wav,entails
714,wav/medium/speaker0006/s10000000287.wav,wav/medium/speaker0006/s20000000287.wav,entails
715,wav/medium/speaker0005/s10000000138.wav,wav/medium/speaker0005/s20000000138.wav,entails
716,wav/medium/speaker0004/s10000000235.wav,wav/medium/speaker0004/s20000000235.wav,entails
717,wav/medium/speaker0001/s10000000461.wav,wav/medium/speaker0001/s20000000461.wav,entails
718,wav/medium/speaker0001/s10000000194.wav,wav/medium/speaker0001/s20000000194.wav,neutral
719,wav/medium/speaker0004/s10000000242.wav,wav/medium/speaker0004/s20000000242.wav,neutral
720,wav/medium/speaker0006/s10000000279.wav,wav/medium/speaker0006/s20000000279.wav,entails
721,wav/medium/speaker0005/s10000000037.wav,wav/medium/speaker0005/s20000000037.wav,entails
722,wav/medium/speaker0001/s10000000316.wav,wav/medium/speaker0001/s20000000316.wav,entails
723,wav/medium/speaker0001/s10000000207.wav,wav/medium/speaker0001/s20000000207.wav,entails
724,wav/medium/speaker0001/s10000000198.wav,wav/medium/speaker0001/s20000000198.wav,neutral
725,wav/medium/speaker0003/s10000000218.wav,wav/medium/speaker0003/s20000000218.wav,neutral
726,wav/medium/speaker0005/s10000000187.wav,wav/medium/speaker0005/s20000000187.wav,neutral
727,wav/medium/speaker0006/s10000000368.wav,wav/medium/speaker0006/s20000000368.wav,neutral
728,wav/medium/speaker0001/s10000000445.wav,wav/medium/speaker0001/s20000000445.wav,neutral
729,wav/medium/speaker0004/s10000000361.wav,wav/medium/speaker0004/s20000000361.wav,neutral
730,wav/medium/speaker0006/s10000000106.wav,wav/medium/speaker0006/s20000000106.wav,neutral
731,wav/medium/speaker0006/s10000000399.wav,wav/medium/speaker0006/s20000000399.wav,neutral
732,wav/medium/speaker0005/s10000000475.wav,wav/medium/speaker0005/s20000000475.wav,neutral
733,wav/medium/speaker0002/s10000000236.wav,wav/medium/speaker0002/s20000000236.wav,entails
734,wav/medium/speaker0005/s10000000317.wav,wav/medium/speaker0005/s20000000317.wav,neutral
735,wav/medium/speaker0001/s10000000260.wav,wav/medium/speaker0001/s20000000260.wav,entails
736,wav/medium/speaker0006/s10000000223.wav,wav/medium/speaker0006/s20000000223.wav,neutral
737,wav/medium/speaker0003/s10000000076.wav,wav/medium/speaker0003/s20000000076.wav,neutral
738,wav/medium/speaker0002/s10000000256.wav,wav/medium/speaker0002/s20000000256.wav,entails
739,wav/medium/speaker0002/s10000000447.wav,wav/medium/speaker0002/s20000000447.wav,neutral
740,wav/medium/speaker0003/s10000000007.wav,wav/medium/speaker0003/s20000000007.wav,entails
741,wav/medium/speaker0005/s10000000382.wav,wav/medium/speaker0005/s20000000382.wav,neutral
742,wav/medium/speaker0005/s10000000279.wav,wav/medium/speaker0005/s20000000279.wav,entails
743,wav/medium/speaker0001/s10000000308.wav,wav/medium/speaker0001/s20000000308.wav,entails
744,wav/medium/speaker0002/s10000000317.wav,wav/medium/speaker0002/s20000000317.wav,neutral
745,wav/medium/speaker0003/s10000000475.wav,wav/medium/speaker0003/s20000000475.wav,neutral
746,wav/medium/speaker0005/s10000000440.wav,wav/medium/speaker0005/s20000000440.wav,entails
747,wav/medium/speaker0002/s10000000405.wav,wav/medium/speaker0002/s20000000405.wav,neutral
748,wav/medium/speaker0002/s10000000214.wav,wav/medium/speaker0002/s20000000214.wav,neutral
749,wav/medium/speaker0004/s10000000118.wav,wav/medium/speaker0004/s20000000118.wav,entails
750,wav/medium/speaker0002/s10000000375.wav,wav/medium/speaker0002/s20000000375.wav,neutral
751,wav/medium/speaker0004/s10000000243.wav,wav/medium/speaker0004/s20000000243.wav,neutral
752,wav/medium/speaker0004/s10000000096.wav,wav/medium/speaker0004/s20000000096.wav,entails
753,wav/medium/speaker0002/s10000000283.wav,wav/medium/speaker0002/s20000000283.wav,neutral
754,wav/medium/speaker0003/s10000000454.wav,wav/medium/speaker0003/s20000000454.wav,neutral
755,wav/medium/speaker0006/s10000000296.wav,wav/medium/speaker0006/s20000000296.wav,neutral
756,wav/medium/speaker0003/s10000000336.wav,wav/medium/speaker0003/s20000000336.wav,neutral
757,wav/medium/speaker0002/s10000000475.wav,wav/medium/speaker0002/s20000000475.wav,neutral
758,wav/medium/speaker0001/s10000000361.wav,wav/medium/speaker0001/s20000000361.wav,neutral
759,wav/medium/speaker0005/s10000000316.wav,wav/medium/speaker0005/s20000000316.wav,entails
760,wav/medium/speaker0002/s10000000126.wav,wav/medium/speaker0002/s20000000126.wav,neutral
761,wav/medium/speaker0003/s10000000110.wav,wav/medium/speaker0003/s20000000110.wav,neutral
762,wav/medium/speaker0002/s10000000402.wav,wav/medium/speaker0002/s20000000402.wav,entails
763,wav/medium/speaker0004/s10000000145.wav,wav/medium/speaker0004/s20000000145.wav,neutral
764,wav/medium/speaker0003/s10000000347.wav,wav/medium/speaker0003/s20000000347.wav,neutral
765,wav/medium/speaker0004/s10000000379.wav,wav/medium/speaker0004/s20000000379.wav,neutral
766,wav/medium/speaker0006/s10000000431.wav,wav/medium/speaker0006/s20000000431.wav,neutral
767,wav/medium/speaker0001/s10000000420.wav,wav/medium/speaker0001/s20000000420.wav,neutral
768,wav/medium/speaker0005/s10000000350.wav,wav/medium/speaker0005/s20000000350.wav,neutral
769,wav/medium/speaker0005/s10000000214.wav,wav/medium/speaker0005/s20000000214.wav,neutral
770,wav/medium/speaker0006/s10000000107.wav,wav/medium/speaker0006/s20000000107.wav,entails
771,wav/medium/speaker0004/s10000000372.wav,wav/medium/speaker0004/s20000000372.wav,entails
772,wav/medium/speaker0003/s10000000068.wav,wav/medium/speaker0003/s20000000068.wav,entails
773,wav/medium/speaker0001/s10000000086.wav,wav/medium/speaker0001/s20000000086.wav,neutral
774,wav/medium/speaker0005/s10000000399.wav,wav/medium/speaker0005/s20000000399.wav,neutral
775,wav/medium/speaker0001/s10000000296.wav,wav/medium/speaker0001/s20000000296.wav,neutral
776,wav/medium/speaker0004/s10000000035.wav,wav/medium/speaker0004/s20000000035.wav,entails
777,wav/medium/speaker0005/s10000000312.wav,wav/medium/speaker0005/s20000000312.wav,neutral
778,wav/medium/speaker0002/s10000000445.wav,wav/medium/speaker0002/s20000000445.wav,neutral
779,wav/medium/speaker0003/s10000000232.wav,wav/medium/speaker0003/s20000000232.wav,neutral
780,wav/medium/speaker0005/s10000000244.wav,wav/medium/speaker0005/s20000000244.wav,neutral
781,wav/medium/speaker0004/s10000000283.wav,wav/medium/speaker0004/s20000000283.wav,neutral
782,wav/medium/speaker0002/s10000000219.wav,wav/medium/speaker0002/s20000000219.wav,neutral
783,wav/medium/speaker0002/s10000000379.wav,wav/medium/speaker0002/s20000000379.wav,neutral
784,wav/medium/speaker0004/s10000000106.wav,wav/medium/speaker0004/s20000000106.wav,neutral
785,wav/medium/speaker0001/s10000000336.wav,wav/medium/speaker0001/s20000000336.wav,neutral
786,wav/medium/speaker0001/s10000000353.wav,wav/medium/speaker0001/s20000000353.wav,neutral
787,wav/medium/speaker0003/s10000000133.wav,wav/medium/speaker0003/s20000000133.wav,neutral
788,wav/medium/speaker0005/s10000000420.wav,wav/medium/speaker0005/s20000000420.wav,neutral
789,wav/medium/speaker0004/s10000000022.wav,wav/medium/speaker0004/s20000000022.wav,entails
790,wav/medium/speaker0002/s10000000187.wav,wav/medium/speaker0002/s20000000187.wav,neutral
791,wav/medium/speaker0001/s10000000315.wav,wav/medium/speaker0001/s20000000315.wav,entails
792,wav/medium/speaker0004/s10000000267.wav,wav/medium/speaker0004/s20000000267.wav,entails
793,wav/medium/speaker0006/s10000000369.wav,wav/medium/speaker0006/s20000000369.wav,neutral
794,wav/medium/speaker0003/s10000000021.wav,wav/medium/speaker0003/s20000000021.wav,neutral
795,wav/medium/speaker0004/s10000000138.wav,wav/medium/speaker0004/s20000000138.wav,entails
796,wav/medium/speaker0001/s10000000425.wav,wav/medium/speaker0001/s20000000425.wav,neutral
797,wav/medium/speaker0005/s10000000094.wav,wav/medium/speaker0005/s20000000094.wav,entails
798,wav/medium/speaker0004/s10000000126.wav,wav/medium/speaker0004/s20000000126.wav,neutral
799,wav/medium/speaker0002/s10000000404.wav,wav/medium/speaker0002/s20000000404.wav,neutral
800,wav/medium/speaker0004/s10000000347.wav,wav/medium/speaker0004/s20000000347.wav,neutral
801,wav/medium/speaker0006/s10000000244.wav,wav/medium/speaker0006/s20000000244.wav,neutral
802,wav/medium/speaker0001/s10000000402.wav,wav/medium/speaker0001/s20000000402.wav,entails
803,wav/medium/speaker0005/s10000000434.wav,wav/medium/speaker0005/s20000000434.wav,neutral
804,wav/medium/speaker0002/s10000000287.wav,wav/medium/speaker0002/s20000000287.wav,entails
805,wav/medium/speaker0005/s10000000395.wav,wav/medium/speaker0005/s20000000395.wav,entails
806,wav/medium/speaker0003/s10000000125.wav,wav/medium/speaker0003/s20000000125.wav,neutral
807,wav/medium/speaker0005/s10000000404.wav,wav/medium/speaker0005/s20000000404.wav,neutral
808,wav/medium/speaker0003/s10000000350.wav,wav/medium/speaker0003/s20000000350.wav,neutral
809,wav/medium/speaker0002/s10000000293.wav,wav/medium/speaker0002/s20000000293.wav,neutral
