,path,path2,label
0,wav/low/speaker0002/scitail_s10000000401.wav,wav/low/speaker0002/scitail_s20000000401.wav,entails
1,wav/low/speaker0006/s10000000464.wav,wav/low/speaker0006/s20000000464.wav,entails
2,wav/low/speaker0004/scitail_s10000000236.wav,wav/low/speaker0004/scitail_s20000000236.wav,entails
3,wav/low/speaker0002/scitail_s10000000316.wav,wav/low/speaker0002/scitail_s20000000316.wav,entails
4,wav/low/speaker0005/scitail_s10000000283.wav,wav/low/speaker0005/scitail_s20000000283.wav,neutral
5,wav/low/speaker0003/s10000000022.wav,wav/low/speaker0003/s20000000022.wav,entails
6,wav/low/speaker0002/scitail_s10000000303.wav,wav/low/speaker0002/scitail_s20000000303.wav,neutral
7,wav/low/speaker0005/scitail_s10000000083.wav,wav/low/speaker0005/scitail_s20000000083.wav,entails
8,wav/low/speaker0002/scitail_s10000000120.wav,wav/low/speaker0002/scitail_s20000000120.wav,neutral
9,wav/low/speaker0006/s10000000214.wav,wav/low/speaker0006/s20000000214.wav,neutral
10,wav/low/speaker0003/s10000000017.wav,wav/low/speaker0003/s20000000017.wav,entails
11,wav/low/speaker0003/s10000000279.wav,wav/low/speaker0003/s20000000279.wav,entails
12,wav/low/speaker0004/scitail_s10000000219.wav,wav/low/speaker0004/scitail_s20000000219.wav,neutral
13,wav/low/speaker0004/scitail_s10000000401.wav,wav/low/speaker0004/scitail_s20000000401.wav,entails
14,wav/low/speaker0001/scitail_s10000000173.wav,wav/low/speaker0001/scitail_s20000000173.wav,neutral
15,wav/low/speaker0001/scitail_s10000000471.wav,wav/low/speaker0001/scitail_s20000000471.wav,neutral
16,wav/low/speaker0003/s10000000168.wav,wav/low/speaker0003/s20000000168.wav,neutral
17,wav/low/speaker0002/scitail_s10000000076.wav,wav/low/speaker0002/scitail_s20000000076.wav,neutral
18,wav/low/speaker0001/scitail_s10000000454.wav,wav/low/speaker0001/scitail_s20000000454.wav,neutral
19,wav/low/speaker0002/scitail_s10000000037.wav,wav/low/speaker0002/scitail_s20000000037.wav,entails
20,wav/low/speaker0005/scitail_s10000000256.wav,wav/low/speaker0005/scitail_s20000000256.wav,entails
21,wav/low/speaker0006/s10000000204.wav,wav/low/speaker0006/s20000000204.wav,neutral
22,wav/low/speaker0006/s10000000475.wav,wav/low/speaker0006/s20000000475.wav,neutral
23,wav/low/speaker0002/scitail_s10000000147.wav,wav/low/speaker0002/scitail_s20000000147.wav,neutral
24,wav/low/speaker0004/scitail_s10000000299.wav,wav/low/speaker0004/scitail_s20000000299.wav,neutral
25,wav/low/speaker0003/s10000000245.wav,wav/low/speaker0003/s20000000245.wav,neutral
26,wav/low/speaker0005/scitail_s10000000242.wav,wav/low/speaker0005/scitail_s20000000242.wav,neutral
27,wav/low/speaker0004/scitail_s10000000107.wav,wav/low/speaker0004/scitail_s20000000107.wav,entails
28,wav/low/speaker0004/scitail_s10000000392.wav,wav/low/speaker0004/scitail_s20000000392.wav,neutral
29,wav/low/speaker0002/scitail_s10000000041.wav,wav/low/speaker0002/scitail_s20000000041.wav,neutral
30,wav/low/speaker0005/scitail_s10000000151.wav,wav/low/speaker0005/scitail_s20000000151.wav,entails
31,wav/low/speaker0002/scitail_s10000000007.wav,wav/low/speaker0002/scitail_s20000000007.wav,entails
32,wav/low/speaker0006/s10000000402.wav,wav/low/speaker0006/s20000000402.wav,entails
33,wav/low/speaker0002/scitail_s10000000366.wav,wav/low/speaker0002/scitail_s20000000366.wav,neutral
34,wav/low/speaker0006/s10000000383.wav,wav/low/speaker0006/s20000000383.wav,neutral
35,wav/low/speaker0003/s10000000214.wav,wav/low/speaker0003/s20000000214.wav,neutral
36,wav/low/speaker0005/scitail_s10000000136.wav,wav/low/speaker0005/scitail_s20000000136.wav,neutral
37,wav/low/speaker0004/scitail_s10000000312.wav,wav/low/speaker0004/scitail_s20000000312.wav,neutral
38,wav/low/speaker0006/s10000000439.wav,wav/low/speaker0006/s20000000439.wav,neutral
39,wav/low/speaker0002/scitail_s10000000391.wav,wav/low/speaker0002/scitail_s20000000391.wav,entails
40,wav/low/speaker0001/scitail_s10000000350.wav,wav/low/speaker0001/scitail_s20000000350.wav,neutral
41,wav/low/speaker0002/scitail_s10000000383.wav,wav/low/speaker0002/scitail_s20000000383.wav,neutral
42,wav/low/speaker0002/scitail_s10000000174.wav,wav/low/speaker0002/scitail_s20000000174.wav,neutral
43,wav/low/speaker0003/s10000000387.wav,wav/low/speaker0003/s20000000387.wav,neutral
44,wav/low/speaker0001/scitail_s10000000431.wav,wav/low/speaker0001/scitail_s20000000431.wav,neutral
45,wav/low/speaker0003/s10000000405.wav,wav/low/speaker0003/s20000000405.wav,neutral
46,wav/low/speaker0006/s10000000393.wav,wav/low/speaker0006/s20000000393.wav,neutral
47,wav/low/speaker0001/scitail_s10000000387.wav,wav/low/speaker0001/scitail_s20000000387.wav,neutral
48,wav/low/speaker0006/s10000000365.wav,wav/low/speaker0006/s20000000365.wav,neutral
49,wav/low/speaker0004/scitail_s10000000232.wav,wav/low/speaker0004/scitail_s20000000232.wav,neutral
50,wav/low/speaker0006/s10000000133.wav,wav/low/speaker0006/s20000000133.wav,neutral
51,wav/low/speaker0005/scitail_s10000000021.wav,wav/low/speaker0005/scitail_s20000000021.wav,neutral
52,wav/low/speaker0006/s10000000382.wav,wav/low/speaker0006/s20000000382.wav,neutral
53,wav/low/speaker0003/s10000000439.wav,wav/low/speaker0003/s20000000439.wav,neutral
54,wav/low/speaker0001/scitail_s10000000021.wav,wav/low/speaker0001/scitail_s20000000021.wav,neutral
55,wav/low/speaker0006/s10000000187.wav,wav/low/speaker0006/s20000000187.wav,neutral
56,wav/low/speaker0003/s10000000198.wav,wav/low/speaker0003/s20000000198.wav,neutral
57,wav/low/speaker0002/scitail_s10000000083.wav,wav/low/speaker0002/scitail_s20000000083.wav,entails
58,wav/low/speaker0006/s10000000336.wav,wav/low/speaker0006/s20000000336.wav,neutral
59,wav/low/speaker0006/s10000000224.wav,wav/low/speaker0006/s20000000224.wav,neutral
60,wav/low/speaker0006/s10000000294.wav,wav/low/speaker0006/s20000000294.wav,neutral
61,wav/low/speaker0005/scitail_s10000000118.wav,wav/low/speaker0005/scitail_s20000000118.wav,entails
62,wav/low/speaker0005/scitail_s10000000045.wav,wav/low/speaker0005/scitail_s20000000045.wav,neutral
63,wav/low/speaker0002/scitail_s10000000207.wav,wav/low/speaker0002/scitail_s20000000207.wav,entails
64,wav/low/speaker0001/scitail_s10000000235.wav,wav/low/speaker0001/scitail_s20000000235.wav,entails
65,wav/low/speaker0002/scitail_s10000000235.wav,wav/low/speaker0002/scitail_s20000000235.wav,entails
66,wav/low/speaker0001/scitail_s10000000071.wav,wav/low/speaker0001/scitail_s20000000071.wav,neutral
67,wav/low/speaker0003/s10000000086.wav,wav/low/speaker0003/s20000000086.wav,neutral
68,wav/low/speaker0003/s10000000392.wav,wav/low/speaker0003/s20000000392.wav,neutral
69,wav/low/speaker0006/s10000000375.wav,wav/low/speaker0006/s20000000375.wav,neutral
70,wav/low/speaker0002/scitail_s10000000431.wav,wav/low/speaker0002/scitail_s20000000431.wav,neutral
71,wav/low/speaker0001/scitail_s10000000393.wav,wav/low/speaker0001/scitail_s20000000393.wav,neutral
72,wav/low/speaker0004/scitail_s10000000037.wav,wav/low/speaker0004/scitail_s20000000037.wav,entails
73,wav/low/speaker0004/scitail_s10000000464.wav,wav/low/speaker0004/scitail_s20000000464.wav,entails
74,wav/low/speaker0001/scitail_s10000000299.wav,wav/low/speaker0001/scitail_s20000000299.wav,neutral
75,wav/low/speaker0002/scitail_s10000000457.wav,wav/low/speaker0002/scitail_s20000000457.wav,entails
76,wav/low/speaker0002/scitail_s10000000086.wav,wav/low/speaker0002/scitail_s20000000086.wav,neutral
77,wav/low/speaker0005/scitail_s10000000459.wav,wav/low/speaker0005/scitail_s20000000459.wav,neutral
78,wav/low/speaker0005/scitail_s10000000174.wav,wav/low/speaker0005/scitail_s20000000174.wav,neutral
79,wav/low/speaker0001/scitail_s10000000147.wav,wav/low/speaker0001/scitail_s20000000147.wav,neutral
80,wav/low/speaker0003/s10000000106.wav,wav/low/speaker0003/s20000000106.wav,neutral
81,wav/low/speaker0003/s10000000096.wav,wav/low/speaker0003/s20000000096.wav,entails
82,wav/low/speaker0006/s10000000016.wav,wav/low/speaker0006/s20000000016.wav,neutral
83,wav/low/speaker0005/scitail_s10000000218.wav,wav/low/speaker0005/scitail_s20000000218.wav,neutral
84,wav/low/speaker0005/scitail_s10000000225.wav,wav/low/speaker0005/scitail_s20000000225.wav,neutral
85,wav/low/speaker0001/scitail_s10000000125.wav,wav/low/speaker0001/scitail_s20000000125.wav,neutral
86,wav/low/speaker0005/scitail_s10000000119.wav,wav/low/speaker0005/scitail_s20000000119.wav,neutral
87,wav/low/speaker0005/scitail_s10000000219.wav,wav/low/speaker0005/scitail_s20000000219.wav,neutral
88,wav/low/speaker0006/s10000000419.wav,wav/low/speaker0006/s20000000419.wav,entails
89,wav/low/speaker0001/scitail_s10000000020.wav,wav/low/speaker0001/scitail_s20000000020.wav,neutral
90,wav/low/speaker0001/scitail_s10000000475.wav,wav/low/speaker0001/scitail_s20000000475.wav,neutral
91,wav/low/speaker0004/scitail_s10000000316.wav,wav/low/speaker0004/scitail_s20000000316.wav,entails
92,wav/low/speaker0005/scitail_s10000000402.wav,wav/low/speaker0005/scitail_s20000000402.wav,entails
93,wav/low/speaker0002/scitail_s10000000118.wav,wav/low/speaker0002/scitail_s20000000118.wav,entails
94,wav/low/speaker0001/scitail_s10000000232.wav,wav/low/speaker0001/scitail_s20000000232.wav,neutral
95,wav/low/speaker0004/scitail_s10000000016.wav,wav/low/speaker0004/scitail_s20000000016.wav,neutral
96,wav/low/speaker0003/s10000000461.wav,wav/low/speaker0003/s20000000461.wav,entails
97,wav/low/speaker0001/scitail_s10000000256.wav,wav/low/speaker0001/scitail_s20000000256.wav,entails
98,wav/low/speaker0006/s10000000206.wav,wav/low/speaker0006/s20000000206.wav,entails
99,wav/low/speaker0001/scitail_s10000000099.wav,wav/low/speaker0001/scitail_s20000000099.wav,neutral
100,wav/low/speaker0006/s10000000260.wav,wav/low/speaker0006/s20000000260.wav,entails
101,wav/low/speaker0004/scitail_s10000000017.wav,wav/low/speaker0004/scitail_s20000000017.wav,entails
102,wav/low/speaker0004/scitail_s10000000245.wav,wav/low/speaker0004/scitail_s20000000245.wav,neutral
103,wav/low/speaker0004/scitail_s10000000218.wav,wav/low/speaker0004/scitail_s20000000218.wav,neutral
104,wav/low/speaker0003/s10000000299.wav,wav/low/speaker0003/s20000000299.wav,neutral
105,wav/low/speaker0006/s10000000175.wav,wav/low/speaker0006/s20000000175.wav,entails
106,wav/low/speaker0001/scitail_s10000000126.wav,wav/low/speaker0001/scitail_s20000000126.wav,neutral
107,wav/low/speaker0004/scitail_s10000000463.wav,wav/low/speaker0004/scitail_s20000000463.wav,neutral
108,wav/low/speaker0005/scitail_s10000000383.wav,wav/low/speaker0005/scitail_s20000000383.wav,neutral
109,wav/low/speaker0002/scitail_s10000000224.wav,wav/low/speaker0002/scitail_s20000000224.wav,neutral
110,wav/low/speaker0006/s10000000405.wav,wav/low/speaker0006/s20000000405.wav,neutral
111,wav/low/speaker0004/scitail_s10000000366.wav,wav/low/speaker0004/scitail_s20000000366.wav,neutral
112,wav/low/speaker0004/scitail_s10000000393.wav,wav/low/speaker0004/scitail_s20000000393.wav,neutral
113,wav/low/speaker0002/scitail_s10000000192.wav,wav/low/speaker0002/scitail_s20000000192.wav,neutral
114,wav/low/speaker0001/scitail_s10000000168.wav,wav/low/speaker0001/scitail_s20000000168.wav,neutral
115,wav/low/speaker0002/scitail_s10000000033.wav,wav/low/speaker0002/scitail_s20000000033.wav,entails
116,wav/low/speaker0002/scitail_s10000000372.wav,wav/low/speaker0002/scitail_s20000000372.wav,entails
117,wav/low/speaker0003/s10000000294.wav,wav/low/speaker0003/s20000000294.wav,neutral
118,wav/low/speaker0001/scitail_s10000000138.wav,wav/low/speaker0001/scitail_s20000000138.wav,entails
119,wav/low/speaker0005/scitail_s10000000147.wav,wav/low/speaker0005/scitail_s20000000147.wav,neutral
120,wav/low/speaker0004/scitail_s10000000362.wav,wav/low/speaker0004/scitail_s20000000362.wav,entails
121,wav/low/speaker0003/s10000000471.wav,wav/low/speaker0003/s20000000471.wav,neutral
122,wav/low/speaker0005/scitail_s10000000228.wav,wav/low/speaker0005/scitail_s20000000228.wav,entails
123,wav/low/speaker0003/s10000000236.wav,wav/low/speaker0003/s20000000236.wav,entails
124,wav/low/speaker0005/scitail_s10000000198.wav,wav/low/speaker0005/scitail_s20000000198.wav,neutral
125,wav/low/speaker0003/s10000000339.wav,wav/low/speaker0003/s20000000339.wav,neutral
126,wav/low/speaker0001/scitail_s10000000175.wav,wav/low/speaker0001/scitail_s20000000175.wav,entails
127,wav/low/speaker0001/scitail_s10000000267.wav,wav/low/speaker0001/scitail_s20000000267.wav,entails
128,wav/low/speaker0004/scitail_s10000000395.wav,wav/low/speaker0004/scitail_s20000000395.wav,entails
129,wav/low/speaker0005/scitail_s10000000353.wav,wav/low/speaker0005/scitail_s20000000353.wav,neutral
130,wav/low/speaker0003/s10000000080.wav,wav/low/speaker0003/s20000000080.wav,neutral
131,wav/low/speaker0004/scitail_s10000000387.wav,wav/low/speaker0004/scitail_s20000000387.wav,neutral
132,wav/low/speaker0001/scitail_s10000000419.wav,wav/low/speaker0001/scitail_s20000000419.wav,entails
133,wav/low/speaker0004/scitail_s10000000175.wav,wav/low/speaker0004/scitail_s20000000175.wav,entails
134,wav/low/speaker0001/scitail_s10000000027.wav,wav/low/speaker0001/scitail_s20000000027.wav,entails
135,wav/low/speaker0006/s10000000225.wav,wav/low/speaker0006/s20000000225.wav,neutral
136,wav/low/speaker0004/scitail_s10000000339.wav,wav/low/speaker0004/scitail_s20000000339.wav,neutral
137,wav/low/speaker0002/scitail_s10000000336.wav,wav/low/speaker0002/scitail_s20000000336.wav,neutral
138,wav/low/speaker0003/s10000000147.wav,wav/low/speaker0003/s20000000147.wav,neutral
139,wav/low/speaker0005/scitail_s10000000361.wav,wav/low/speaker0005/scitail_s20000000361.wav,neutral
140,wav/low/speaker0005/scitail_s10000000145.wav,wav/low/speaker0005/scitail_s20000000145.wav,neutral
141,wav/low/speaker0003/s10000000083.wav,wav/low/speaker0003/s20000000083.wav,entails
142,wav/low/speaker0003/s10000000282.wav,wav/low/speaker0003/s20000000282.wav,entails
143,wav/low/speaker0006/s10000000256.wav,wav/low/speaker0006/s20000000256.wav,entails
144,wav/low/speaker0001/scitail_s10000000243.wav,wav/low/speaker0001/scitail_s20000000243.wav,neutral
145,wav/low/speaker0003/s10000000457.wav,wav/low/speaker0003/s20000000457.wav,entails
146,wav/low/speaker0001/scitail_s10000000110.wav,wav/low/speaker0001/scitail_s20000000110.wav,neutral
147,wav/low/speaker0004/scitail_s10000000294.wav,wav/low/speaker0004/scitail_s20000000294.wav,neutral
148,wav/low/speaker0002/scitail_s10000000071.wav,wav/low/speaker0002/scitail_s20000000071.wav,neutral
149,wav/low/speaker0003/s10000000256.wav,wav/low/speaker0003/s20000000256.wav,entails
150,wav/low/speaker0002/scitail_s10000000151.wav,wav/low/speaker0002/scitail_s20000000151.wav,entails
151,wav/low/speaker0002/scitail_s10000000469.wav,wav/low/speaker0002/scitail_s20000000469.wav,entails
152,wav/low/speaker0003/s10000000172.wav,wav/low/speaker0003/s20000000172.wav,neutral
153,wav/low/speaker0002/scitail_s10000000199.wav,wav/low/speaker0002/scitail_s20000000199.wav,neutral
154,wav/low/speaker0005/scitail_s10000000120.wav,wav/low/speaker0005/scitail_s20000000120.wav,neutral
155,wav/low/speaker0002/scitail_s10000000198.wav,wav/low/speaker0002/scitail_s20000000198.wav,neutral
156,wav/low/speaker0004/scitail_s10000000405.wav,wav/low/speaker0004/scitail_s20000000405.wav,neutral
157,wav/low/speaker0001/scitail_s10000000463.wav,wav/low/speaker0001/scitail_s20000000463.wav,neutral
158,wav/low/speaker0003/s10000000126.wav,wav/low/speaker0003/s20000000126.wav,neutral
159,wav/low/speaker0006/s10000000293.wav,wav/low/speaker0006/s20000000293.wav,neutral
160,wav/low/speaker0003/s10000000041.wav,wav/low/speaker0003/s20000000041.wav,neutral
161,wav/low/speaker0004/scitail_s10000000402.wav,wav/low/speaker0004/scitail_s20000000402.wav,entails
162,wav/low/speaker0005/scitail_s10000000469.wav,wav/low/speaker0005/scitail_s20000000469.wav,entails
163,wav/low/speaker0005/scitail_s10000000315.wav,wav/low/speaker0005/scitail_s20000000315.wav,entails
164,wav/low/speaker0004/scitail_s10000000420.wav,wav/low/speaker0004/scitail_s20000000420.wav,neutral
165,wav/low/speaker0003/s10000000199.wav,wav/low/speaker0003/s20000000199.wav,neutral
166,wav/low/speaker0004/scitail_s10000000076.wav,wav/low/speaker0004/scitail_s20000000076.wav,neutral
167,wav/low/speaker0003/s10000000138.wav,wav/low/speaker0003/s20000000138.wav,entails
168,wav/low/speaker0002/scitail_s10000000232.wav,wav/low/speaker0002/scitail_s20000000232.wav,neutral
169,wav/low/speaker0002/scitail_s10000000390.wav,wav/low/speaker0002/scitail_s20000000390.wav,neutral
170,wav/low/speaker0006/s10000000236.wav,wav/low/speaker0006/s20000000236.wav,entails
171,wav/low/speaker0003/s10000000361.wav,wav/low/speaker0003/s20000000361.wav,neutral
172,wav/low/speaker0004/scitail_s10000000071.wav,wav/low/speaker0004/scitail_s20000000071.wav,neutral
173,wav/low/speaker0004/scitail_s10000000419.wav,wav/low/speaker0004/scitail_s20000000419.wav,entails
174,wav/low/speaker0002/scitail_s10000000125.wav,wav/low/speaker0002/scitail_s20000000125.wav,neutral
175,wav/low/speaker0006/s10000000138.wav,wav/low/speaker0006/s20000000138.wav,entails
176,wav/low/speaker0006/s10000000242.wav,wav/low/speaker0006/s20000000242.wav,neutral
177,wav/low/speaker0001/scitail_s10000000366.wav,wav/low/speaker0001/scitail_s20000000366.wav,neutral
178,wav/low/speaker0005/scitail_s10000000362.wav,wav/low/speaker0005/scitail_s20000000362.wav,entails
179,wav/low/speaker0001/scitail_s10000000390.wav,wav/low/speaker0001/scitail_s20000000390.wav,neutral
180,wav/low/speaker0001/scitail_s10000000312.wav,wav/low/speaker0001/scitail_s20000000312.wav,neutral
181,wav/low/speaker0001/scitail_s10000000187.wav,wav/low/speaker0001/scitail_s20000000187.wav,neutral
182,wav/low/speaker0004/scitail_s10000000110.wav,wav/low/speaker0004/scitail_s20000000110.wav,neutral
183,wav/low/speaker0002/scitail_s10000000251.wav,wav/low/speaker0002/scitail_s20000000251.wav,entails
184,wav/low/speaker0005/scitail_s10000000080.wav,wav/low/speaker0005/scitail_s20000000080.wav,neutral
185,wav/low/speaker0002/scitail_s10000000395.wav,wav/low/speaker0002/scitail_s20000000395.wav,entails
186,wav/low/speaker0003/s10000000395.wav,wav/low/speaker0003/s20000000395.wav,entails
187,wav/low/speaker0003/s10000000402.wav,wav/low/speaker0003/s20000000402.wav,entails
188,wav/low/speaker0003/s10000000267.wav,wav/low/speaker0003/s20000000267.wav,entails
189,wav/low/speaker0003/s10000000204.wav,wav/low/speaker0003/s20000000204.wav,neutral
190,wav/low/speaker0004/scitail_s10000000201.wav,wav/low/speaker0004/scitail_s20000000201.wav,neutral
191,wav/low/speaker0002/scitail_s10000000459.wav,wav/low/speaker0002/scitail_s20000000459.wav,neutral
192,wav/low/speaker0004/scitail_s10000000214.wav,wav/low/speaker0004/scitail_s20000000214.wav,neutral
193,wav/low/speaker0003/s10000000366.wav,wav/low/speaker0003/s20000000366.wav,neutral
194,wav/low/speaker0006/s10000000425.wav,wav/low/speaker0006/s20000000425.wav,neutral
195,wav/low/speaker0003/s10000000033.wav,wav/low/speaker0003/s20000000033.wav,entails
196,wav/low/speaker0001/scitail_s10000000224.wav,wav/low/speaker0001/scitail_s20000000224.wav,neutral
197,wav/low/speaker0004/scitail_s10000000454.wav,wav/low/speaker0004/scitail_s20000000454.wav,neutral
198,wav/low/speaker0001/scitail_s10000000372.wav,wav/low/speaker0001/scitail_s20000000372.wav,entails
199,wav/low/speaker0003/s10000000379.wav,wav/low/speaker0003/s20000000379.wav,neutral
200,wav/low/speaker0005/scitail_s10000000007.wav,wav/low/speaker0005/scitail_s20000000007.wav,entails
201,wav/low/speaker0005/scitail_s10000000173.wav,wav/low/speaker0005/scitail_s20000000173.wav,neutral
202,wav/low/speaker0006/s10000000459.wav,wav/low/speaker0006/s20000000459.wav,neutral
203,wav/low/speaker0003/s10000000440.wav,wav/low/speaker0003/s20000000440.wav,entails
204,wav/low/speaker0002/scitail_s10000000347.wav,wav/low/speaker0002/scitail_s20000000347.wav,neutral
205,wav/low/speaker0006/s10000000401.wav,wav/low/speaker0006/s20000000401.wav,entails
206,wav/low/speaker0001/scitail_s10000000204.wav,wav/low/speaker0001/scitail_s20000000204.wav,neutral
207,wav/low/speaker0003/s10000000317.wav,wav/low/speaker0003/s20000000317.wav,neutral
208,wav/low/speaker0001/scitail_s10000000375.wav,wav/low/speaker0001/scitail_s20000000375.wav,neutral
209,wav/low/speaker0001/scitail_s10000000041.wav,wav/low/speaker0001/scitail_s20000000041.wav,neutral
210,wav/low/speaker0004/scitail_s10000000156.wav,wav/low/speaker0004/scitail_s20000000156.wav,neutral
211,wav/low/speaker0005/scitail_s10000000071.wav,wav/low/speaker0005/scitail_s20000000071.wav,neutral
212,wav/low/speaker0005/scitail_s10000000207.wav,wav/low/speaker0005/scitail_s20000000207.wav,entails
213,wav/low/speaker0002/scitail_s10000000471.wav,wav/low/speaker0002/scitail_s20000000471.wav,neutral
214,wav/low/speaker0001/scitail_s10000000447.wav,wav/low/speaker0001/scitail_s20000000447.wav,neutral
215,wav/low/speaker0001/scitail_s10000000107.wav,wav/low/speaker0001/scitail_s20000000107.wav,entails
216,wav/low/speaker0002/scitail_s10000000399.wav,wav/low/speaker0002/scitail_s20000000399.wav,neutral
217,wav/low/speaker0002/scitail_s10000000409.wav,wav/low/speaker0002/scitail_s20000000409.wav,neutral
218,wav/low/speaker0003/s10000000469.wav,wav/low/speaker0003/s20000000469.wav,entails
219,wav/low/speaker0005/scitail_s10000000194.wav,wav/low/speaker0005/scitail_s20000000194.wav,neutral
220,wav/low/speaker0005/scitail_s10000000330.wav,wav/low/speaker0005/scitail_s20000000330.wav,entails
221,wav/low/speaker0004/scitail_s10000000187.wav,wav/low/speaker0004/scitail_s20000000187.wav,neutral
222,wav/low/speaker0006/s10000000147.wav,wav/low/speaker0006/s20000000147.wav,neutral
223,wav/low/speaker0003/s10000000016.wav,wav/low/speaker0003/s20000000016.wav,neutral
224,wav/low/speaker0005/scitail_s10000000393.wav,wav/low/speaker0005/scitail_s20000000393.wav,neutral
225,wav/low/speaker0003/s10000000118.wav,wav/low/speaker0003/s20000000118.wav,entails
226,wav/low/speaker0006/s10000000463.wav,wav/low/speaker0006/s20000000463.wav,neutral
227,wav/low/speaker0004/scitail_s10000000336.wav,wav/low/speaker0004/scitail_s20000000336.wav,neutral
228,wav/low/speaker0001/scitail_s10000000037.wav,wav/low/speaker0001/scitail_s20000000037.wav,entails
229,wav/low/speaker0003/s10000000296.wav,wav/low/speaker0003/s20000000296.wav,neutral
230,wav/low/speaker0004/scitail_s10000000086.wav,wav/low/speaker0004/scitail_s20000000086.wav,neutral
231,wav/low/speaker0001/scitail_s10000000145.wav,wav/low/speaker0001/scitail_s20000000145.wav,neutral
232,wav/low/speaker0003/s10000000303.wav,wav/low/speaker0003/s20000000303.wav,neutral
233,wav/low/speaker0005/scitail_s10000000172.wav,wav/low/speaker0005/scitail_s20000000172.wav,neutral
234,wav/low/speaker0004/scitail_s10000000228.wav,wav/low/speaker0004/scitail_s20000000228.wav,entails
235,wav/low/speaker0003/s10000000431.wav,wav/low/speaker0003/s20000000431.wav,neutral
236,wav/low/speaker0005/scitail_s10000000223.wav,wav/low/speaker0005/scitail_s20000000223.wav,neutral
237,wav/low/speaker0004/scitail_s10000000225.wav,wav/low/speaker0004/scitail_s20000000225.wav,neutral
238,wav/low/speaker0004/scitail_s10000000434.wav,wav/low/speaker0004/scitail_s20000000434.wav,neutral
239,wav/low/speaker0005/scitail_s10000000293.wav,wav/low/speaker0005/scitail_s20000000293.wav,neutral
240,wav/low/speaker0005/scitail_s10000000086.wav,wav/low/speaker0005/scitail_s20000000086.wav,neutral
241,wav/low/speaker0002/scitail_s10000000112.wav,wav/low/speaker0002/scitail_s20000000112.wav,entails
242,wav/low/speaker0002/scitail_s10000000362.wav,wav/low/speaker0002/scitail_s20000000362.wav,entails
243,wav/low/speaker0006/s10000000392.wav,wav/low/speaker0006/s20000000392.wav,neutral
244,wav/low/speaker0003/s10000000399.wav,wav/low/speaker0003/s20000000399.wav,neutral
245,wav/low/speaker0001/scitail_s10000000392.wav,wav/low/speaker0001/scitail_s20000000392.wav,neutral
246,wav/low/speaker0004/scitail_s10000000365.wav,wav/low/speaker0004/scitail_s20000000365.wav,neutral
247,wav/low/speaker0006/s10000000245.wav,wav/low/speaker0006/s20000000245.wav,neutral
248,wav/low/speaker0005/scitail_s10000000204.wav,wav/low/speaker0005/scitail_s20000000204.wav,neutral
249,wav/low/speaker0006/s10000000312.wav,wav/low/speaker0006/s20000000312.wav,neutral
250,wav/low/speaker0002/scitail_s10000000440.wav,wav/low/speaker0002/scitail_s20000000440.wav,entails
251,wav/low/speaker0003/s10000000235.wav,wav/low/speaker0003/s20000000235.wav,entails
252,wav/low/speaker0006/s10000000228.wav,wav/low/speaker0006/s20000000228.wav,entails
253,wav/low/speaker0003/s10000000459.wav,wav/low/speaker0003/s20000000459.wav,neutral
254,wav/low/speaker0001/scitail_s10000000119.wav,wav/low/speaker0001/scitail_s20000000119.wav,neutral
255,wav/low/speaker0006/s10000000271.wav,wav/low/speaker0006/s20000000271.wav,neutral
256,wav/low/speaker0002/scitail_s10000000242.wav,wav/low/speaker0002/scitail_s20000000242.wav,neutral
257,wav/low/speaker0006/s10000000020.wav,wav/low/speaker0006/s20000000020.wav,neutral
258,wav/low/speaker0004/scitail_s10000000475.wav,wav/low/speaker0004/scitail_s20000000475.wav,neutral
259,wav/low/speaker0001/scitail_s10000000142.wav,wav/low/speaker0001/scitail_s20000000142.wav,entails
260,wav/low/speaker0004/scitail_s10000000282.wav,wav/low/speaker0004/scitail_s20000000282.wav,entails
261,wav/low/speaker0002/scitail_s10000000350.wav,wav/low/speaker0002/scitail_s20000000350.wav,neutral
262,wav/low/speaker0002/scitail_s10000000365.wav,wav/low/speaker0002/scitail_s20000000365.wav,neutral
263,wav/low/speaker0006/s10000000389.wav,wav/low/speaker0006/s20000000389.wav,entails
264,wav/low/speaker0002/scitail_s10000000119.wav,wav/low/speaker0002/scitail_s20000000119.wav,neutral
265,wav/low/speaker0001/scitail_s10000000218.wav,wav/low/speaker0001/scitail_s20000000218.wav,neutral
266,wav/low/speaker0006/s10000000083.wav,wav/low/speaker0006/s20000000083.wav,entails
267,wav/low/speaker0005/scitail_s10000000299.wav,wav/low/speaker0005/scitail_s20000000299.wav,neutral
268,wav/low/speaker0006/s10000000379.wav,wav/low/speaker0006/s20000000379.wav,neutral
269,wav/low/speaker0005/scitail_s10000000447.wav,wav/low/speaker0005/scitail_s20000000447.wav,neutral
270,wav/low/speaker0002/scitail_s10000000361.wav,wav/low/speaker0002/scitail_s20000000361.wav,neutral
271,wav/low/speaker0004/scitail_s10000000080.wav,wav/low/speaker0004/scitail_s20000000080.wav,neutral
272,wav/low/speaker0001/scitail_s10000000382.wav,wav/low/speaker0001/scitail_s20000000382.wav,neutral
273,wav/low/speaker0003/s10000000219.wav,wav/low/speaker0003/s20000000219.wav,neutral
274,wav/low/speaker0005/scitail_s10000000126.wav,wav/low/speaker0005/scitail_s20000000126.wav,neutral
275,wav/low/speaker0002/scitail_s10000000434.wav,wav/low/speaker0002/scitail_s20000000434.wav,neutral
276,wav/low/speaker0002/scitail_s10000000035.wav,wav/low/speaker0002/scitail_s20000000035.wav,entails
277,wav/low/speaker0005/scitail_s10000000156.wav,wav/low/speaker0005/scitail_s20000000156.wav,neutral
278,wav/low/speaker0003/s10000000119.wav,wav/low/speaker0003/s20000000119.wav,neutral
279,wav/low/speaker0002/scitail_s10000000243.wav,wav/low/speaker0002/scitail_s20000000243.wav,neutral
280,wav/low/speaker0004/scitail_s10000000033.wav,wav/low/speaker0004/scitail_s20000000033.wav,entails
281,wav/low/speaker0006/s10000000362.wav,wav/low/speaker0006/s20000000362.wav,entails
282,wav/low/speaker0006/s10000000440.wav,wav/low/speaker0006/s20000000440.wav,entails
283,wav/low/speaker0005/scitail_s10000000387.wav,wav/low/speaker0005/scitail_s20000000387.wav,neutral
284,wav/low/speaker0005/scitail_s10000000027.wav,wav/low/speaker0005/scitail_s20000000027.wav,entails
285,wav/low/speaker0003/s10000000393.wav,wav/low/speaker0003/s20000000393.wav,neutral
286,wav/low/speaker0006/s10000000174.wav,wav/low/speaker0006/s20000000174.wav,neutral
287,wav/low/speaker0006/s10000000283.wav,wav/low/speaker0006/s20000000283.wav,neutral
288,wav/low/speaker0002/scitail_s10000000068.wav,wav/low/speaker0002/scitail_s20000000068.wav,entails
289,wav/low/speaker0004/scitail_s10000000133.wav,wav/low/speaker0004/scitail_s20000000133.wav,neutral
290,wav/low/speaker0005/scitail_s10000000133.wav,wav/low/speaker0005/scitail_s20000000133.wav,neutral
291,wav/low/speaker0004/scitail_s10000000389.wav,wav/low/speaker0004/scitail_s20000000389.wav,entails
292,wav/low/speaker0006/s10000000457.wav,wav/low/speaker0006/s20000000457.wav,entails
293,wav/low/speaker0001/scitail_s10000000279.wav,wav/low/speaker0001/scitail_s20000000279.wav,entails
294,wav/low/speaker0001/scitail_s10000000236.wav,wav/low/speaker0001/scitail_s20000000236.wav,entails
295,wav/low/speaker0005/scitail_s10000000471.wav,wav/low/speaker0005/scitail_s20000000471.wav,neutral
296,wav/low/speaker0005/scitail_s10000000409.wav,wav/low/speaker0005/scitail_s20000000409.wav,neutral
297,wav/low/speaker0005/scitail_s10000000336.wav,wav/low/speaker0005/scitail_s20000000336.wav,neutral
298,wav/low/speaker0004/scitail_s10000000409.wav,wav/low/speaker0004/scitail_s20000000409.wav,neutral
299,wav/low/speaker0001/scitail_s10000000134.wav,wav/low/speaker0001/scitail_s20000000134.wav,entails
300,wav/low/speaker0005/scitail_s10000000405.wav,wav/low/speaker0005/scitail_s20000000405.wav,neutral
301,wav/low/speaker0005/scitail_s10000000439.wav,wav/low/speaker0005/scitail_s20000000439.wav,neutral
302,wav/low/speaker0005/scitail_s10000000390.wav,wav/low/speaker0005/scitail_s20000000390.wav,neutral
303,wav/low/speaker0006/s10000000099.wav,wav/low/speaker0006/s20000000099.wav,neutral
304,wav/low/speaker0004/scitail_s10000000399.wav,wav/low/speaker0004/scitail_s20000000399.wav,neutral
305,wav/low/speaker0002/scitail_s10000000330.wav,wav/low/speaker0002/scitail_s20000000330.wav,entails
306,wav/low/speaker0004/scitail_s10000000151.wav,wav/low/speaker0004/scitail_s20000000151.wav,entails
307,wav/low/speaker0005/scitail_s10000000192.wav,wav/low/speaker0005/scitail_s20000000192.wav,neutral
308,wav/low/speaker0005/scitail_s10000000303.wav,wav/low/speaker0005/scitail_s20000000303.wav,neutral
309,wav/low/speaker0006/s10000000469.wav,wav/low/speaker0006/s20000000469.wav,entails
310,wav/low/speaker0003/s10000000316.wav,wav/low/speaker0003/s20000000316.wav,entails
311,wav/low/speaker0003/s10000000445.wav,wav/low/speaker0003/s20000000445.wav,neutral
312,wav/low/speaker0003/s10000000434.wav,wav/low/speaker0003/s20000000434.wav,neutral
313,wav/low/speaker0005/scitail_s10000000224.wav,wav/low/speaker0005/scitail_s20000000224.wav,neutral
314,wav/low/speaker0001/scitail_s10000000192.wav,wav/low/speaker0001/scitail_s20000000192.wav,neutral
315,wav/low/speaker0006/s10000000317.wav,wav/low/speaker0006/s20000000317.wav,neutral
316,wav/low/speaker0003/s10000000020.wav,wav/low/speaker0003/s20000000020.wav,neutral
317,wav/low/speaker0006/s10000000022.wav,wav/low/speaker0006/s20000000022.wav,entails
318,wav/low/speaker0003/s10000000283.wav,wav/low/speaker0003/s20000000283.wav,neutral
319,wav/low/speaker0002/scitail_s10000000228.wav,wav/low/speaker0002/scitail_s20000000228.wav,entails
320,wav/low/speaker0003/s10000000251.wav,wav/low/speaker0003/s20000000251.wav,entails
321,wav/low/speaker0005/scitail_s10000000251.wav,wav/low/speaker0005/scitail_s20000000251.wav,entails
322,wav/low/speaker0002/scitail_s10000000138.wav,wav/low/speaker0002/scitail_s20000000138.wav,entails
323,wav/low/speaker0002/scitail_s10000000425.wav,wav/low/speaker0002/scitail_s20000000425.wav,neutral
324,wav/low/speaker0005/scitail_s10000000401.wav,wav/low/speaker0005/scitail_s20000000401.wav,entails
325,wav/low/speaker0001/scitail_s10000000120.wav,wav/low/speaker0001/scitail_s20000000120.wav,neutral
326,wav/low/speaker0003/s10000000242.wav,wav/low/speaker0003/s20000000242.wav,neutral
327,wav/low/speaker0003/s10000000223.wav,wav/low/speaker0003/s20000000223.wav,neutral
328,wav/low/speaker0002/scitail_s10000000260.wav,wav/low/speaker0002/scitail_s20000000260.wav,entails
329,wav/low/speaker0003/s10000000201.wav,wav/low/speaker0003/s20000000201.wav,neutral
330,wav/low/speaker0004/scitail_s10000000112.wav,wav/low/speaker0004/scitail_s20000000112.wav,entails
331,wav/low/speaker0001/scitail_s10000000379.wav,wav/low/speaker0001/scitail_s20000000379.wav,neutral
332,wav/low/speaker0003/s10000000353.wav,wav/low/speaker0003/s20000000353.wav,neutral
333,wav/low/speaker0005/scitail_s10000000347.wav,wav/low/speaker0005/scitail_s20000000347.wav,neutral
334,wav/low/speaker0002/scitail_s10000000099.wav,wav/low/speaker0002/scitail_s20000000099.wav,neutral
335,wav/low/speaker0004/scitail_s10000000279.wav,wav/low/speaker0004/scitail_s20000000279.wav,entails
336,wav/low/speaker0005/scitail_s10000000199.wav,wav/low/speaker0005/scitail_s20000000199.wav,neutral
337,wav/low/speaker0006/s10000000068.wav,wav/low/speaker0006/s20000000068.wav,entails
338,wav/low/speaker0006/s10000000316.wav,wav/low/speaker0006/s20000000316.wav,entails
339,wav/low/speaker0004/scitail_s10000000125.wav,wav/low/speaker0004/scitail_s20000000125.wav,neutral
340,wav/low/speaker0002/scitail_s10000000021.wav,wav/low/speaker0002/scitail_s20000000021.wav,neutral
341,wav/low/speaker0005/scitail_s10000000201.wav,wav/low/speaker0005/scitail_s20000000201.wav,neutral
342,wav/low/speaker0004/scitail_s10000000439.wav,wav/low/speaker0004/scitail_s20000000439.wav,neutral
343,wav/low/speaker0006/s10000000151.wav,wav/low/speaker0006/s20000000151.wav,entails
344,wav/low/speaker0003/s10000000389.wav,wav/low/speaker0003/s20000000389.wav,entails
345,wav/low/speaker0006/s10000000072.wav,wav/low/speaker0006/s20000000072.wav,entails
346,wav/low/speaker0005/scitail_s10000000287.wav,wav/low/speaker0005/scitail_s20000000287.wav,entails
347,wav/low/speaker0005/scitail_s10000000099.wav,wav/low/speaker0005/scitail_s20000000099.wav,neutral
348,wav/low/speaker0002/scitail_s10000000271.wav,wav/low/speaker0002/scitail_s20000000271.wav,neutral
349,wav/low/speaker0002/scitail_s10000000107.wav,wav/low/speaker0002/scitail_s20000000107.wav,entails
350,wav/low/speaker0003/s10000000094.wav,wav/low/speaker0003/s20000000094.wav,entails
351,wav/low/speaker0004/scitail_s10000000375.wav,wav/low/speaker0004/scitail_s20000000375.wav,neutral
352,wav/low/speaker0002/scitail_s10000000353.wav,wav/low/speaker0002/scitail_s20000000353.wav,neutral
353,wav/low/speaker0001/scitail_s10000000033.wav,wav/low/speaker0001/scitail_s20000000033.wav,entails
354,wav/low/speaker0001/scitail_s10000000199.wav,wav/low/speaker0001/scitail_s20000000199.wav,neutral
355,wav/low/speaker0002/scitail_s10000000439.wav,wav/low/speaker0002/scitail_s20000000439.wav,neutral
356,wav/low/speaker0002/scitail_s10000000312.wav,wav/low/speaker0002/scitail_s20000000312.wav,neutral
357,wav/low/speaker0004/scitail_s10000000382.wav,wav/low/speaker0004/scitail_s20000000382.wav,neutral
358,wav/low/speaker0003/s10000000112.wav,wav/low/speaker0003/s20000000112.wav,entails
359,wav/low/speaker0003/s10000000175.wav,wav/low/speaker0003/s20000000175.wav,entails
360,wav/low/speaker0001/scitail_s10000000383.wav,wav/low/speaker0001/scitail_s20000000383.wav,neutral
361,wav/low/speaker0006/s10000000086.wav,wav/low/speaker0006/s20000000086.wav,neutral
362,wav/low/speaker0003/s10000000173.wav,wav/low/speaker0003/s20000000173.wav,neutral
363,wav/low/speaker0004/scitail_s10000000007.wav,wav/low/speaker0004/scitail_s20000000007.wav,entails
364,wav/low/speaker0001/scitail_s10000000330.wav,wav/low/speaker0001/scitail_s20000000330.wav,entails
365,wav/low/speaker0001/scitail_s10000000017.wav,wav/low/speaker0001/scitail_s20000000017.wav,entails
366,wav/low/speaker0006/s10000000126.wav,wav/low/speaker0006/s20000000126.wav,neutral
367,wav/low/speaker0003/s10000000401.wav,wav/low/speaker0003/s20000000401.wav,entails
368,wav/low/speaker0002/scitail_s10000000016.wav,wav/low/speaker0002/scitail_s20000000016.wav,neutral
369,wav/low/speaker0005/scitail_s10000000235.wav,wav/low/speaker0005/scitail_s20000000235.wav,entails
370,wav/low/speaker0006/s10000000017.wav,wav/low/speaker0006/s20000000017.wav,entails
371,wav/low/speaker0004/scitail_s10000000119.wav,wav/low/speaker0004/scitail_s20000000119.wav,neutral
372,wav/low/speaker0001/scitail_s10000000347.wav,wav/low/speaker0001/scitail_s20000000347.wav,neutral
373,wav/low/speaker0006/s10000000267.wav,wav/low/speaker0006/s20000000267.wav,entails
374,wav/low/speaker0006/s10000000110.wav,wav/low/speaker0006/s20000000110.wav,neutral
375,wav/low/speaker0002/scitail_s10000000245.wav,wav/low/speaker0002/scitail_s20000000245.wav,neutral
376,wav/low/speaker0001/scitail_s10000000096.wav,wav/low/speaker0001/scitail_s20000000096.wav,entails
377,wav/low/speaker0003/s10000000369.wav,wav/low/speaker0003/s20000000369.wav,neutral
378,wav/low/speaker0006/s10000000391.wav,wav/low/speaker0006/s20000000391.wav,entails
379,wav/low/speaker0004/scitail_s10000000173.wav,wav/low/speaker0004/scitail_s20000000173.wav,neutral
380,wav/low/speaker0003/s10000000037.wav,wav/low/speaker0003/s20000000037.wav,entails
381,wav/low/speaker0002/scitail_s10000000294.wav,wav/low/speaker0002/scitail_s20000000294.wav,neutral
382,wav/low/speaker0006/s10000000118.wav,wav/low/speaker0006/s20000000118.wav,entails
383,wav/low/speaker0005/scitail_s10000000096.wav,wav/low/speaker0005/scitail_s20000000096.wav,entails
384,wav/low/speaker0001/scitail_s10000000214.wav,wav/low/speaker0001/scitail_s20000000214.wav,neutral
385,wav/low/speaker0005/scitail_s10000000379.wav,wav/low/speaker0005/scitail_s20000000379.wav,neutral
386,wav/low/speaker0006/s10000000080.wav,wav/low/speaker0006/s20000000080.wav,neutral
387,wav/low/speaker0003/s10000000145.wav,wav/low/speaker0003/s20000000145.wav,neutral
388,wav/low/speaker0005/scitail_s10000000017.wav,wav/low/speaker0005/scitail_s20000000017.wav,entails
389,wav/low/speaker0005/scitail_s10000000072.wav,wav/low/speaker0005/scitail_s20000000072.wav,entails
390,wav/low/speaker0003/s10000000287.wav,wav/low/speaker0003/s20000000287.wav,entails
391,wav/low/speaker0004/scitail_s10000000094.wav,wav/low/speaker0004/scitail_s20000000094.wav,entails
392,wav/low/speaker0006/s10000000173.wav,wav/low/speaker0006/s20000000173.wav,neutral
393,wav/low/speaker0004/scitail_s10000000207.wav,wav/low/speaker0004/scitail_s20000000207.wav,entails
394,wav/low/speaker0005/scitail_s10000000035.wav,wav/low/speaker0005/scitail_s20000000035.wav,entails
395,wav/low/speaker0006/s10000000218.wav,wav/low/speaker0006/s20000000218.wav,neutral
396,wav/low/speaker0003/s10000000409.wav,wav/low/speaker0003/s20000000409.wav,neutral
397,wav/low/speaker0006/s10000000409.wav,wav/low/speaker0006/s20000000409.wav,neutral
398,wav/low/speaker0002/scitail_s10000000369.wav,wav/low/speaker0002/scitail_s20000000369.wav,neutral
399,wav/low/speaker0005/scitail_s10000000454.wav,wav/low/speaker0005/scitail_s20000000454.wav,neutral
400,wav/low/speaker0001/scitail_s10000000459.wav,wav/low/speaker0001/scitail_s20000000459.wav,neutral
401,wav/low/speaker0004/scitail_s10000000027.wav,wav/low/speaker0004/scitail_s20000000027.wav,entails
402,wav/low/speaker0003/s10000000187.wav,wav/low/speaker0003/s20000000187.wav,neutral
403,wav/low/speaker0006/s10000000347.wav,wav/low/speaker0006/s20000000347.wav,neutral
404,wav/low/speaker0004/scitail_s10000000260.wav,wav/low/speaker0004/scitail_s20000000260.wav,entails
405,wav/low/speaker0006/s10000000201.wav,wav/low/speaker0006/s20000000201.wav,neutral
406,wav/low/speaker0005/scitail_s10000000391.wav,wav/low/speaker0005/scitail_s20000000391.wav,entails
407,wav/low/speaker0001/scitail_s10000000369.wav,wav/low/speaker0001/scitail_s20000000369.wav,neutral
408,wav/low/speaker0004/scitail_s10000000099.wav,wav/low/speaker0004/scitail_s20000000099.wav,neutral
409,wav/low/speaker0001/scitail_s10000000409.wav,wav/low/speaker0001/scitail_s20000000409.wav,neutral
410,wav/low/speaker0004/scitail_s10000000136.wav,wav/low/speaker0004/scitail_s20000000136.wav,neutral
411,wav/low/speaker0001/scitail_s10000000283.wav,wav/low/speaker0001/scitail_s20000000283.wav,neutral
412,wav/low/speaker0006/s10000000168.wav,wav/low/speaker0006/s20000000168.wav,neutral
413,wav/low/speaker0001/scitail_s10000000228.wav,wav/low/speaker0001/scitail_s20000000228.wav,entails
414,wav/low/speaker0005/scitail_s10000000389.wav,wav/low/speaker0005/scitail_s20000000389.wav,entails
415,wav/low/speaker0004/scitail_s10000000425.wav,wav/low/speaker0004/scitail_s20000000425.wav,neutral
416,wav/low/speaker0002/scitail_s10000000279.wav,wav/low/speaker0002/scitail_s20000000279.wav,entails
417,wav/low/speaker0006/s10000000145.wav,wav/low/speaker0006/s20000000145.wav,neutral
418,wav/low/speaker0001/scitail_s10000000022.wav,wav/low/speaker0001/scitail_s20000000022.wav,entails
419,wav/low/speaker0004/scitail_s10000000317.wav,wav/low/speaker0004/scitail_s20000000317.wav,neutral
420,wav/low/speaker0006/s10000000232.wav,wav/low/speaker0006/s20000000232.wav,neutral
421,wav/low/speaker0004/scitail_s10000000447.wav,wav/low/speaker0004/scitail_s20000000447.wav,neutral
422,wav/low/speaker0001/scitail_s10000000156.wav,wav/low/speaker0001/scitail_s20000000156.wav,neutral
423,wav/low/speaker0004/scitail_s10000000308.wav,wav/low/speaker0004/scitail_s20000000308.wav,entails
424,wav/low/speaker0004/scitail_s10000000457.wav,wav/low/speaker0004/scitail_s20000000457.wav,entails
425,wav/low/speaker0006/s10000000445.wav,wav/low/speaker0006/s20000000445.wav,neutral
426,wav/low/speaker0006/s10000000315.wav,wav/low/speaker0006/s20000000315.wav,entails
427,wav/low/speaker0003/s10000000404.wav,wav/low/speaker0003/s20000000404.wav,neutral
428,wav/low/speaker0001/scitail_s10000000242.wav,wav/low/speaker0001/scitail_s20000000242.wav,neutral
429,wav/low/speaker0006/s10000000471.wav,wav/low/speaker0006/s20000000471.wav,neutral
430,wav/low/speaker0004/scitail_s10000000296.wav,wav/low/speaker0004/scitail_s20000000296.wav,neutral
431,wav/low/speaker0001/scitail_s10000000457.wav,wav/low/speaker0001/scitail_s20000000457.wav,entails
432,wav/low/speaker0005/scitail_s10000000107.wav,wav/low/speaker0005/scitail_s20000000107.wav,entails
433,wav/low/speaker0002/scitail_s10000000204.wav,wav/low/speaker0002/scitail_s20000000204.wav,neutral
434,wav/low/speaker0003/s10000000156.wav,wav/low/speaker0003/s20000000156.wav,neutral
435,wav/low/speaker0005/scitail_s10000000461.wav,wav/low/speaker0005/scitail_s20000000461.wav,entails
436,wav/low/speaker0001/scitail_s10000000219.wav,wav/low/speaker0001/scitail_s20000000219.wav,neutral
437,wav/low/speaker0001/scitail_s10000000172.wav,wav/low/speaker0001/scitail_s20000000172.wav,neutral
438,wav/low/speaker0003/s10000000045.wav,wav/low/speaker0003/s20000000045.wav,neutral
439,wav/low/speaker0005/scitail_s10000000134.wav,wav/low/speaker0005/scitail_s20000000134.wav,entails
440,wav/low/speaker0005/scitail_s10000000463.wav,wav/low/speaker0005/scitail_s20000000463.wav,neutral
441,wav/low/speaker0004/scitail_s10000000223.wav,wav/low/speaker0004/scitail_s20000000223.wav,neutral
442,wav/low/speaker0004/scitail_s10000000192.wav,wav/low/speaker0004/scitail_s20000000192.wav,neutral
443,wav/low/speaker0004/scitail_s10000000390.wav,wav/low/speaker0004/scitail_s20000000390.wav,neutral
444,wav/low/speaker0005/scitail_s10000000392.wav,wav/low/speaker0005/scitail_s20000000392.wav,neutral
445,wav/low/speaker0001/scitail_s10000000440.wav,wav/low/speaker0001/scitail_s20000000440.wav,entails
446,wav/low/speaker0002/scitail_s10000000110.wav,wav/low/speaker0002/scitail_s20000000110.wav,neutral
447,wav/low/speaker0002/scitail_s10000000094.wav,wav/low/speaker0002/scitail_s20000000094.wav,entails
448,wav/low/speaker0002/scitail_s10000000225.wav,wav/low/speaker0002/scitail_s20000000225.wav,neutral
449,wav/low/speaker0006/s10000000125.wav,wav/low/speaker0006/s20000000125.wav,neutral
450,wav/low/speaker0003/s10000000419.wav,wav/low/speaker0003/s20000000419.wav,entails
451,wav/low/speaker0005/scitail_s10000000125.wav,wav/low/speaker0005/scitail_s20000000125.wav,neutral
452,wav/low/speaker0005/scitail_s10000000245.wav,wav/low/speaker0005/scitail_s20000000245.wav,neutral
453,wav/low/speaker0004/scitail_s10000000174.wav,wav/low/speaker0004/scitail_s20000000174.wav,neutral
454,wav/low/speaker0001/scitail_s10000000293.wav,wav/low/speaker0001/scitail_s20000000293.wav,neutral
455,wav/low/speaker0004/scitail_s10000000072.wav,wav/low/speaker0004/scitail_s20000000072.wav,entails
456,wav/low/speaker0003/s10000000425.wav,wav/low/speaker0003/s20000000425.wav,neutral
457,wav/low/speaker0005/scitail_s10000000369.wav,wav/low/speaker0005/scitail_s20000000369.wav,neutral
458,wav/low/speaker0005/scitail_s10000000033.wav,wav/low/speaker0005/scitail_s20000000033.wav,entails
459,wav/low/speaker0006/s10000000172.wav,wav/low/speaker0006/s20000000172.wav,neutral
460,wav/low/speaker0006/s10000000119.wav,wav/low/speaker0006/s20000000119.wav,neutral
461,wav/low/speaker0003/s10000000447.wav,wav/low/speaker0003/s20000000447.wav,neutral
462,wav/low/speaker0001/scitail_s10000000404.wav,wav/low/speaker0001/scitail_s20000000404.wav,neutral
463,wav/low/speaker0004/scitail_s10000000369.wav,wav/low/speaker0004/scitail_s20000000369.wav,neutral
464,wav/low/speaker0001/scitail_s10000000118.wav,wav/low/speaker0001/scitail_s20000000118.wav,entails
465,wav/low/speaker0005/scitail_s10000000022.wav,wav/low/speaker0005/scitail_s20000000022.wav,entails
466,wav/low/speaker0003/s10000000027.wav,wav/low/speaker0003/s20000000027.wav,entails
467,wav/low/speaker0003/s10000000035.wav,wav/low/speaker0003/s20000000035.wav,entails
468,wav/low/speaker0006/s10000000112.wav,wav/low/speaker0006/s20000000112.wav,entails
469,wav/low/speaker0002/scitail_s10000000419.wav,wav/low/speaker0002/scitail_s20000000419.wav,entails
470,wav/low/speaker0006/s10000000219.wav,wav/low/speaker0006/s20000000219.wav,neutral
471,wav/low/speaker0005/scitail_s10000000068.wav,wav/low/speaker0005/scitail_s20000000068.wav,entails
472,wav/low/speaker0005/scitail_s10000000168.wav,wav/low/speaker0005/scitail_s20000000168.wav,neutral
473,wav/low/speaker0002/scitail_s10000000223.wav,wav/low/speaker0002/scitail_s20000000223.wav,neutral
474,wav/low/speaker0006/s10000000235.wav,wav/low/speaker0006/s20000000235.wav,entails
475,wav/low/speaker0003/s10000000390.wav,wav/low/speaker0003/s20000000390.wav,neutral
476,wav/low/speaker0006/s10000000027.wav,wav/low/speaker0006/s20000000027.wav,entails
477,wav/low/speaker0002/scitail_s10000000022.wav,wav/low/speaker0002/scitail_s20000000022.wav,entails
478,wav/low/speaker0004/scitail_s10000000204.wav,wav/low/speaker0004/scitail_s20000000204.wav,neutral
479,wav/low/speaker0006/s10000000339.wav,wav/low/speaker0006/s20000000339.wav,neutral
480,wav/low/speaker0003/s10000000099.wav,wav/low/speaker0003/s20000000099.wav,neutral
481,wav/low/speaker0005/scitail_s10000000365.wav,wav/low/speaker0005/scitail_s20000000365.wav,neutral
482,wav/low/speaker0001/scitail_s10000000303.wav,wav/low/speaker0001/scitail_s20000000303.wav,neutral
483,wav/low/speaker0004/scitail_s10000000431.wav,wav/low/speaker0004/scitail_s20000000431.wav,neutral
484,wav/low/speaker0005/scitail_s10000000110.wav,wav/low/speaker0005/scitail_s20000000110.wav,neutral
485,wav/low/speaker0004/scitail_s10000000194.wav,wav/low/speaker0004/scitail_s20000000194.wav,neutral
486,wav/low/speaker0006/s10000000454.wav,wav/low/speaker0006/s20000000454.wav,neutral
487,wav/low/speaker0006/s10000000303.wav,wav/low/speaker0006/s20000000303.wav,neutral
488,wav/low/speaker0002/scitail_s10000000296.wav,wav/low/speaker0002/scitail_s20000000296.wav,neutral
489,wav/low/speaker0001/scitail_s10000000072.wav,wav/low/speaker0001/scitail_s20000000072.wav,entails
490,wav/low/speaker0004/scitail_s10000000147.wav,wav/low/speaker0004/scitail_s20000000147.wav,neutral
491,wav/low/speaker0002/scitail_s10000000454.wav,wav/low/speaker0002/scitail_s20000000454.wav,neutral
492,wav/low/speaker0003/s10000000107.wav,wav/low/speaker0003/s20000000107.wav,entails
493,wav/low/speaker0005/scitail_s10000000232.wav,wav/low/speaker0005/scitail_s20000000232.wav,neutral
494,wav/low/speaker0004/scitail_s10000000350.wav,wav/low/speaker0004/scitail_s20000000350.wav,neutral
495,wav/low/speaker0003/s10000000134.wav,wav/low/speaker0003/s20000000134.wav,entails
496,wav/low/speaker0003/s10000000293.wav,wav/low/speaker0003/s20000000293.wav,neutral
497,wav/low/speaker0002/scitail_s10000000106.wav,wav/low/speaker0002/scitail_s20000000106.wav,neutral
498,wav/low/speaker0005/scitail_s10000000339.wav,wav/low/speaker0005/scitail_s20000000339.wav,neutral
499,wav/low/speaker0006/s10000000094.wav,wav/low/speaker0006/s20000000094.wav,entails
500,wav/low/speaker0002/scitail_s10000000194.wav,wav/low/speaker0002/scitail_s20000000194.wav,neutral
501,wav/low/speaker0003/s10000000372.wav,wav/low/speaker0003/s20000000372.wav,entails
502,wav/low/speaker0004/scitail_s10000000271.wav,wav/low/speaker0004/scitail_s20000000271.wav,neutral
503,wav/low/speaker0001/scitail_s10000000083.wav,wav/low/speaker0001/scitail_s20000000083.wav,entails
504,wav/low/speaker0006/s10000000035.wav,wav/low/speaker0006/s20000000035.wav,entails
505,wav/low/speaker0005/scitail_s10000000076.wav,wav/low/speaker0005/scitail_s20000000076.wav,neutral
506,wav/low/speaker0006/s10000000021.wav,wav/low/speaker0006/s20000000021.wav,neutral
507,wav/low/speaker0002/scitail_s10000000134.wav,wav/low/speaker0002/scitail_s20000000134.wav,entails
508,wav/low/speaker0004/scitail_s10000000440.wav,wav/low/speaker0004/scitail_s20000000440.wav,entails
509,wav/low/speaker0001/scitail_s10000000362.wav,wav/low/speaker0001/scitail_s20000000362.wav,entails
510,wav/low/speaker0003/s10000000382.wav,wav/low/speaker0003/s20000000382.wav,neutral
511,wav/low/speaker0001/scitail_s10000000016.wav,wav/low/speaker0001/scitail_s20000000016.wav,neutral
512,wav/low/speaker0003/s10000000243.wav,wav/low/speaker0003/s20000000243.wav,neutral
513,wav/low/speaker0003/s10000000142.wav,wav/low/speaker0003/s20000000142.wav,entails
514,wav/low/speaker0002/scitail_s10000000464.wav,wav/low/speaker0002/scitail_s20000000464.wav,entails
515,wav/low/speaker0002/scitail_s10000000368.wav,wav/low/speaker0002/scitail_s20000000368.wav,neutral
516,wav/low/speaker0001/scitail_s10000000225.wav,wav/low/speaker0001/scitail_s20000000225.wav,neutral
517,wav/low/speaker0006/s10000000243.wav,wav/low/speaker0006/s20000000243.wav,neutral
518,wav/low/speaker0006/s10000000033.wav,wav/low/speaker0006/s20000000033.wav,entails
519,wav/low/speaker0002/scitail_s10000000175.wav,wav/low/speaker0002/scitail_s20000000175.wav,entails
520,wav/low/speaker0006/s10000000071.wav,wav/low/speaker0006/s20000000071.wav,neutral
521,wav/low/speaker0001/scitail_s10000000076.wav,wav/low/speaker0001/scitail_s20000000076.wav,neutral
522,wav/low/speaker0005/scitail_s10000000260.wav,wav/low/speaker0005/scitail_s20000000260.wav,entails
523,wav/low/speaker0003/s10000000330.wav,wav/low/speaker0003/s20000000330.wav,entails
524,wav/low/speaker0001/scitail_s10000000112.wav,wav/low/speaker0001/scitail_s20000000112.wav,entails
525,wav/low/speaker0002/scitail_s10000000299.wav,wav/low/speaker0002/scitail_s20000000299.wav,neutral
526,wav/low/speaker0005/scitail_s10000000175.wav,wav/low/speaker0005/scitail_s20000000175.wav,entails
527,wav/low/speaker0005/scitail_s10000000142.wav,wav/low/speaker0005/scitail_s20000000142.wav,entails
528,wav/low/speaker0004/scitail_s10000000287.wav,wav/low/speaker0004/scitail_s20000000287.wav,entails
529,wav/low/speaker0001/scitail_s10000000201.wav,wav/low/speaker0001/scitail_s20000000201.wav,neutral
530,wav/low/speaker0001/scitail_s10000000399.wav,wav/low/speaker0001/scitail_s20000000399.wav,neutral
531,wav/low/speaker0006/s10000000361.wav,wav/low/speaker0006/s20000000361.wav,neutral
532,wav/low/speaker0003/s10000000207.wav,wav/low/speaker0003/s20000000207.wav,entails
533,wav/low/speaker0002/scitail_s10000000017.wav,wav/low/speaker0002/scitail_s20000000017.wav,entails
534,wav/low/speaker0001/scitail_s10000000094.wav,wav/low/speaker0001/scitail_s20000000094.wav,entails
535,wav/low/speaker0004/scitail_s10000000459.wav,wav/low/speaker0004/scitail_s20000000459.wav,neutral
536,wav/low/speaker0003/s10000000225.wav,wav/low/speaker0003/s20000000225.wav,neutral
537,wav/low/speaker0004/scitail_s10000000224.wav,wav/low/speaker0004/scitail_s20000000224.wav,neutral
538,wav/low/speaker0002/scitail_s10000000463.wav,wav/low/speaker0002/scitail_s20000000463.wav,neutral
539,wav/low/speaker0002/scitail_s10000000218.wav,wav/low/speaker0002/scitail_s20000000218.wav,neutral
540,wav/low/speaker0002/scitail_s10000000420.wav,wav/low/speaker0002/scitail_s20000000420.wav,neutral
541,wav/low/speaker0004/scitail_s10000000368.wav,wav/low/speaker0004/scitail_s20000000368.wav,neutral
542,wav/low/speaker0001/scitail_s10000000439.wav,wav/low/speaker0001/scitail_s20000000439.wav,neutral
543,wav/low/speaker0005/scitail_s10000000016.wav,wav/low/speaker0005/scitail_s20000000016.wav,neutral
544,wav/low/speaker0003/s10000000174.wav,wav/low/speaker0003/s20000000174.wav,neutral
545,wav/low/speaker0002/scitail_s10000000045.wav,wav/low/speaker0002/scitail_s20000000045.wav,neutral
546,wav/low/speaker0002/scitail_s10000000096.wav,wav/low/speaker0002/scitail_s20000000096.wav,entails
547,wav/low/speaker0003/s10000000072.wav,wav/low/speaker0003/s20000000072.wav,entails
548,wav/low/speaker0001/scitail_s10000000401.wav,wav/low/speaker0001/scitail_s20000000401.wav,entails
549,wav/low/speaker0001/scitail_s10000000368.wav,wav/low/speaker0001/scitail_s20000000368.wav,neutral
550,wav/low/speaker0003/s10000000365.wav,wav/low/speaker0003/s20000000365.wav,neutral
551,wav/low/speaker0006/s10000000395.wav,wav/low/speaker0006/s20000000395.wav,entails
552,wav/low/speaker0001/scitail_s10000000133.wav,wav/low/speaker0001/scitail_s20000000133.wav,neutral
553,wav/low/speaker0003/s10000000206.wav,wav/low/speaker0003/s20000000206.wav,entails
554,wav/low/speaker0002/scitail_s10000000136.wav,wav/low/speaker0002/scitail_s20000000136.wav,neutral
555,wav/low/speaker0006/s10000000461.wav,wav/low/speaker0006/s20000000461.wav,entails
556,wav/low/speaker0003/s10000000271.wav,wav/low/speaker0003/s20000000271.wav,neutral
557,wav/low/speaker0003/s10000000375.wav,wav/low/speaker0003/s20000000375.wav,neutral
558,wav/low/speaker0001/scitail_s10000000317.wav,wav/low/speaker0001/scitail_s20000000317.wav,neutral
559,wav/low/speaker0002/scitail_s10000000282.wav,wav/low/speaker0002/scitail_s20000000282.wav,entails
560,wav/low/speaker0002/scitail_s10000000382.wav,wav/low/speaker0002/scitail_s20000000382.wav,neutral
561,wav/low/speaker0001/scitail_s10000000282.wav,wav/low/speaker0001/scitail_s20000000282.wav,entails
562,wav/low/speaker0003/s10000000071.wav,wav/low/speaker0003/s20000000071.wav,neutral
563,wav/low/speaker0002/scitail_s10000000315.wav,wav/low/speaker0002/scitail_s20000000315.wav,entails
564,wav/low/speaker0004/scitail_s10000000251.wav,wav/low/speaker0004/scitail_s20000000251.wav,entails
565,wav/low/speaker0006/s10000000037.wav,wav/low/speaker0006/s20000000037.wav,entails
566,wav/low/speaker0006/s10000000387.wav,wav/low/speaker0006/s20000000387.wav,neutral
567,wav/low/speaker0002/scitail_s10000000389.wav,wav/low/speaker0002/scitail_s20000000389.wav,entails
568,wav/low/speaker0001/scitail_s10000000068.wav,wav/low/speaker0001/scitail_s20000000068.wav,entails
569,wav/low/speaker0002/scitail_s10000000244.wav,wav/low/speaker0002/scitail_s20000000244.wav,neutral
570,wav/low/speaker0003/s10000000244.wav,wav/low/speaker0003/s20000000244.wav,neutral
571,wav/low/speaker0003/s10000000260.wav,wav/low/speaker0003/s20000000260.wav,entails
572,wav/low/speaker0003/s10000000308.wav,wav/low/speaker0003/s20000000308.wav,entails
573,wav/low/speaker0004/scitail_s10000000303.wav,wav/low/speaker0004/scitail_s20000000303.wav,neutral
574,wav/low/speaker0004/scitail_s10000000199.wav,wav/low/speaker0004/scitail_s20000000199.wav,neutral
575,wav/low/speaker0005/scitail_s10000000425.wav,wav/low/speaker0005/scitail_s20000000425.wav,neutral
576,wav/low/speaker0004/scitail_s10000000198.wav,wav/low/speaker0004/scitail_s20000000198.wav,neutral
577,wav/low/speaker0002/scitail_s10000000387.wav,wav/low/speaker0002/scitail_s20000000387.wav,neutral
578,wav/low/speaker0001/scitail_s10000000223.wav,wav/low/speaker0001/scitail_s20000000223.wav,neutral
579,wav/low/speaker0005/scitail_s10000000282.wav,wav/low/speaker0005/scitail_s20000000282.wav,entails
580,wav/low/speaker0006/s10000000207.wav,wav/low/speaker0006/s20000000207.wav,entails
581,wav/low/speaker0001/scitail_s10000000151.wav,wav/low/speaker0001/scitail_s20000000151.wav,entails
582,wav/low/speaker0005/scitail_s10000000294.wav,wav/low/speaker0005/scitail_s20000000294.wav,neutral
583,wav/low/speaker0003/s10000000228.wav,wav/low/speaker0003/s20000000228.wav,entails
584,wav/low/speaker0004/scitail_s10000000256.wav,wav/low/speaker0004/scitail_s20000000256.wav,entails
585,wav/low/speaker0005/scitail_s10000000366.wav,wav/low/speaker0005/scitail_s20000000366.wav,neutral
586,wav/low/speaker0005/scitail_s10000000020.wav,wav/low/speaker0005/scitail_s20000000020.wav,neutral
587,wav/low/speaker0002/scitail_s10000000267.wav,wav/low/speaker0002/scitail_s20000000267.wav,entails
588,wav/low/speaker0004/scitail_s10000000404.wav,wav/low/speaker0004/scitail_s20000000404.wav,neutral
589,wav/low/speaker0006/s10000000420.wav,wav/low/speaker0006/s20000000420.wav,neutral
590,wav/low/speaker0005/scitail_s10000000368.wav,wav/low/speaker0005/scitail_s20000000368.wav,neutral
591,wav/low/speaker0001/scitail_s10000000405.wav,wav/low/speaker0001/scitail_s20000000405.wav,neutral
592,wav/low/speaker0002/scitail_s10000000206.wav,wav/low/speaker0002/scitail_s20000000206.wav,entails
593,wav/low/speaker0002/scitail_s10000000020.wav,wav/low/speaker0002/scitail_s20000000020.wav,neutral
594,wav/low/speaker0006/s10000000447.wav,wav/low/speaker0006/s20000000447.wav,neutral
595,wav/low/speaker0004/scitail_s10000000469.wav,wav/low/speaker0004/scitail_s20000000469.wav,entails
596,wav/low/speaker0004/scitail_s10000000120.wav,wav/low/speaker0004/scitail_s20000000120.wav,neutral
597,wav/low/speaker0003/s10000000391.wav,wav/low/speaker0003/s20000000391.wav,entails
598,wav/low/speaker0003/s10000000151.wav,wav/low/speaker0003/s20000000151.wav,entails
599,wav/low/speaker0005/scitail_s10000000271.wav,wav/low/speaker0005/scitail_s20000000271.wav,neutral
600,wav/low/speaker0005/scitail_s10000000419.wav,wav/low/speaker0005/scitail_s20000000419.wav,entails
601,wav/low/speaker0005/scitail_s10000000267.wav,wav/low/speaker0005/scitail_s20000000267.wav,entails
602,wav/low/speaker0004/scitail_s10000000068.wav,wav/low/speaker0004/scitail_s20000000068.wav,entails
603,wav/low/speaker0003/s10000000136.wav,wav/low/speaker0003/s20000000136.wav,neutral
604,wav/low/speaker0006/s10000000353.wav,wav/low/speaker0006/s20000000353.wav,neutral
605,wav/low/speaker0001/scitail_s10000000245.wav,wav/low/speaker0001/scitail_s20000000245.wav,neutral
606,wav/low/speaker0002/scitail_s10000000308.wav,wav/low/speaker0002/scitail_s20000000308.wav,entails
607,wav/low/speaker0002/scitail_s10000000168.wav,wav/low/speaker0002/scitail_s20000000168.wav,neutral
608,wav/low/speaker0004/scitail_s10000000293.wav,wav/low/speaker0004/scitail_s20000000293.wav,neutral
609,wav/low/speaker0004/scitail_s10000000045.wav,wav/low/speaker0004/scitail_s20000000045.wav,neutral
610,wav/low/speaker0006/s10000000308.wav,wav/low/speaker0006/s20000000308.wav,entails
611,wav/low/speaker0005/scitail_s10000000464.wav,wav/low/speaker0005/scitail_s20000000464.wav,entails
612,wav/low/speaker0001/scitail_s10000000080.wav,wav/low/speaker0001/scitail_s20000000080.wav,neutral
613,wav/low/speaker0005/scitail_s10000000041.wav,wav/low/speaker0005/scitail_s20000000041.wav,neutral
614,wav/low/speaker0001/scitail_s10000000287.wav,wav/low/speaker0001/scitail_s20000000287.wav,entails
615,wav/low/speaker0006/s10000000299.wav,wav/low/speaker0006/s20000000299.wav,neutral
616,wav/low/speaker0005/scitail_s10000000308.wav,wav/low/speaker0005/scitail_s20000000308.wav,entails
617,wav/low/speaker0003/s10000000383.wav,wav/low/speaker0003/s20000000383.wav,neutral
618,wav/low/speaker0003/s10000000463.wav,wav/low/speaker0003/s20000000463.wav,neutral
619,wav/low/speaker0004/scitail_s10000000168.wav,wav/low/speaker0004/scitail_s20000000168.wav,neutral
620,wav/low/speaker0001/scitail_s10000000434.wav,wav/low/speaker0001/scitail_s20000000434.wav,neutral
621,wav/low/speaker0002/scitail_s10000000080.wav,wav/low/speaker0002/scitail_s20000000080.wav,neutral
622,wav/low/speaker0004/scitail_s10000000353.wav,wav/low/speaker0004/scitail_s20000000353.wav,neutral
623,wav/low/speaker0001/scitail_s10000000136.wav,wav/low/speaker0001/scitail_s20000000136.wav,neutral
624,wav/low/speaker0006/s10000000404.wav,wav/low/speaker0006/s20000000404.wav,neutral
625,wav/low/speaker0004/scitail_s10000000083.wav,wav/low/speaker0004/scitail_s20000000083.wav,entails
626,wav/low/speaker0003/s10000000315.wav,wav/low/speaker0003/s20000000315.wav,entails
627,wav/low/speaker0004/scitail_s10000000142.wav,wav/low/speaker0004/scitail_s20000000142.wav,entails
628,wav/low/speaker0006/s10000000194.wav,wav/low/speaker0006/s20000000194.wav,neutral
629,wav/low/speaker0001/scitail_s10000000395.wav,wav/low/speaker0001/scitail_s20000000395.wav,entails
630,wav/low/speaker0004/scitail_s10000000134.wav,wav/low/speaker0004/scitail_s20000000134.wav,entails
631,wav/low/speaker0005/scitail_s10000000431.wav,wav/low/speaker0005/scitail_s20000000431.wav,neutral
632,wav/low/speaker0005/scitail_s10000000206.wav,wav/low/speaker0005/scitail_s20000000206.wav,entails
633,wav/low/speaker0005/scitail_s10000000457.wav,wav/low/speaker0005/scitail_s20000000457.wav,entails
634,wav/low/speaker0004/scitail_s10000000020.wav,wav/low/speaker0004/scitail_s20000000020.wav,neutral
635,wav/low/speaker0003/s10000000224.wav,wav/low/speaker0003/s20000000224.wav,neutral
636,wav/low/speaker0006/s10000000007.wav,wav/low/speaker0006/s20000000007.wav,entails
637,wav/low/speaker0002/scitail_s10000000156.wav,wav/low/speaker0002/scitail_s20000000156.wav,neutral
638,wav/low/speaker0006/s10000000134.wav,wav/low/speaker0006/s20000000134.wav,entails
639,wav/low/speaker0006/s10000000142.wav,wav/low/speaker0006/s20000000142.wav,entails
640,wav/low/speaker0002/scitail_s10000000142.wav,wav/low/speaker0002/scitail_s20000000142.wav,entails
641,wav/low/speaker0006/s10000000198.wav,wav/low/speaker0006/s20000000198.wav,neutral
642,wav/low/speaker0005/scitail_s10000000375.wav,wav/low/speaker0005/scitail_s20000000375.wav,neutral
643,wav/low/speaker0006/s10000000096.wav,wav/low/speaker0006/s20000000096.wav,entails
644,wav/low/speaker0004/scitail_s10000000471.wav,wav/low/speaker0004/scitail_s20000000471.wav,neutral
645,wav/low/speaker0001/scitail_s10000000106.wav,wav/low/speaker0001/scitail_s20000000106.wav,neutral
646,wav/low/speaker0004/scitail_s10000000206.wav,wav/low/speaker0004/scitail_s20000000206.wav,entails
647,wav/low/speaker0004/scitail_s10000000383.wav,wav/low/speaker0004/scitail_s20000000383.wav,neutral
648,wav/low/speaker0001/scitail_s10000000389.wav,wav/low/speaker0001/scitail_s20000000389.wav,entails
649,wav/low/speaker0003/s10000000120.wav,wav/low/speaker0003/s20000000120.wav,neutral
650,wav/low/speaker0005/scitail_s10000000106.wav,wav/low/speaker0005/scitail_s20000000106.wav,neutral
651,wav/low/speaker0006/s10000000136.wav,wav/low/speaker0006/s20000000136.wav,neutral
652,wav/low/speaker0006/s10000000120.wav,wav/low/speaker0006/s20000000120.wav,neutral
653,wav/low/speaker0001/scitail_s10000000035.wav,wav/low/speaker0001/scitail_s20000000035.wav,entails
654,wav/low/speaker0002/scitail_s10000000339.wav,wav/low/speaker0002/scitail_s20000000339.wav,neutral
655,wav/low/speaker0001/scitail_s10000000251.wav,wav/low/speaker0001/scitail_s20000000251.wav,entails
656,wav/low/speaker0004/scitail_s10000000445.wav,wav/low/speaker0004/scitail_s20000000445.wav,neutral
657,wav/low/speaker0006/s10000000282.wav,wav/low/speaker0006/s20000000282.wav,entails
658,wav/low/speaker0005/scitail_s10000000296.wav,wav/low/speaker0005/scitail_s20000000296.wav,neutral
659,wav/low/speaker0004/scitail_s10000000041.wav,wav/low/speaker0004/scitail_s20000000041.wav,neutral
660,wav/low/speaker0001/scitail_s10000000294.wav,wav/low/speaker0001/scitail_s20000000294.wav,neutral
661,wav/low/speaker0003/s10000000420.wav,wav/low/speaker0003/s20000000420.wav,neutral
662,wav/low/speaker0005/scitail_s10000000236.wav,wav/low/speaker0005/scitail_s20000000236.wav,entails
663,wav/low/speaker0001/scitail_s10000000464.wav,wav/low/speaker0001/scitail_s20000000464.wav,entails
664,wav/low/speaker0002/scitail_s10000000133.wav,wav/low/speaker0002/scitail_s20000000133.wav,neutral
665,wav/low/speaker0004/scitail_s10000000461.wav,wav/low/speaker0004/scitail_s20000000461.wav,entails
666,wav/low/speaker0002/scitail_s10000000072.wav,wav/low/speaker0002/scitail_s20000000072.wav,entails
667,wav/low/speaker0002/scitail_s10000000201.wav,wav/low/speaker0002/scitail_s20000000201.wav,neutral
668,wav/low/speaker0005/scitail_s10000000243.wav,wav/low/speaker0005/scitail_s20000000243.wav,neutral
669,wav/low/speaker0002/scitail_s10000000172.wav,wav/low/speaker0002/scitail_s20000000172.wav,neutral
670,wav/low/speaker0006/s10000000041.wav,wav/low/speaker0006/s20000000041.wav,neutral
671,wav/low/speaker0001/scitail_s10000000339.wav,wav/low/speaker0001/scitail_s20000000339.wav,neutral
672,wav/low/speaker0002/scitail_s10000000461.wav,wav/low/speaker0002/scitail_s20000000461.wav,entails
673,wav/low/speaker0006/s10000000330.wav,wav/low/speaker0006/s20000000330.wav,entails
674,wav/low/speaker0005/scitail_s10000000445.wav,wav/low/speaker0005/scitail_s20000000445.wav,neutral
675,wav/low/speaker0006/s10000000366.wav,wav/low/speaker0006/s20000000366.wav,neutral
676,wav/low/speaker0002/scitail_s10000000027.wav,wav/low/speaker0002/scitail_s20000000027.wav,entails
677,wav/low/speaker0004/scitail_s10000000244.wav,wav/low/speaker0004/scitail_s20000000244.wav,neutral
678,wav/low/speaker0006/s10000000434.wav,wav/low/speaker0006/s20000000434.wav,neutral
679,wav/low/speaker0004/scitail_s10000000172.wav,wav/low/speaker0004/scitail_s20000000172.wav,neutral
680,wav/low/speaker0001/scitail_s10000000045.wav,wav/low/speaker0001/scitail_s20000000045.wav,neutral
681,wav/low/speaker0002/scitail_s10000000393.wav,wav/low/speaker0002/scitail_s20000000393.wav,neutral
682,wav/low/speaker0006/s10000000156.wav,wav/low/speaker0006/s20000000156.wav,neutral
683,wav/low/speaker0002/scitail_s10000000392.wav,wav/low/speaker0002/scitail_s20000000392.wav,neutral
684,wav/low/speaker0001/scitail_s10000000365.wav,wav/low/speaker0001/scitail_s20000000365.wav,neutral
685,wav/low/speaker0001/scitail_s10000000391.wav,wav/low/speaker0001/scitail_s20000000391.wav,entails
686,wav/low/speaker0004/scitail_s10000000021.wav,wav/low/speaker0004/scitail_s20000000021.wav,neutral
687,wav/low/speaker0006/s10000000372.wav,wav/low/speaker0006/s20000000372.wav,entails
688,wav/low/speaker0006/s10000000251.wav,wav/low/speaker0006/s20000000251.wav,entails
689,wav/low/speaker0003/s10000000368.wav,wav/low/speaker0003/s20000000368.wav,neutral
690,wav/low/speaker0006/s10000000045.wav,wav/low/speaker0006/s20000000045.wav,neutral
691,wav/low/speaker0004/scitail_s10000000391.wav,wav/low/speaker0004/scitail_s20000000391.wav,entails
692,wav/low/speaker0003/s10000000192.wav,wav/low/speaker0003/s20000000192.wav,neutral
693,wav/low/speaker0001/scitail_s10000000174.wav,wav/low/speaker0001/scitail_s20000000174.wav,neutral
694,wav/low/speaker0003/s10000000312.wav,wav/low/speaker0003/s20000000312.wav,neutral
695,wav/low/speaker0001/scitail_s10000000007.wav,wav/low/speaker0001/scitail_s20000000007.wav,entails
696,wav/low/speaker0006/s10000000390.wav,wav/low/speaker0006/s20000000390.wav,neutral
697,wav/low/speaker0002/scitail_s10000000173.wav,wav/low/speaker0002/scitail_s20000000173.wav,neutral
698,wav/low/speaker0001/scitail_s10000000244.wav,wav/low/speaker0001/scitail_s20000000244.wav,neutral
699,wav/low/speaker0003/s10000000362.wav,wav/low/speaker0003/s20000000362.wav,entails
700,wav/low/speaker0006/s10000000350.wav,wav/low/speaker0006/s20000000350.wav,neutral
701,wav/low/speaker0005/scitail_s10000000372.wav,wav/low/speaker0005/scitail_s20000000372.wav,entails
702,wav/low/speaker0006/s10000000192.wav,wav/low/speaker0006/s20000000192.wav,neutral
703,wav/low/speaker0003/s10000000464.wav,wav/low/speaker0003/s20000000464.wav,entails
704,wav/low/speaker0001/scitail_s10000000469.wav,wav/low/speaker0001/scitail_s20000000469.wav,entails
705,wav/low/speaker0002/scitail_s10000000145.wav,wav/low/speaker0002/scitail_s20000000145.wav,neutral
706,wav/low/speaker0001/scitail_s10000000271.wav,wav/low/speaker0001/scitail_s20000000271.wav,neutral
707,wav/low/speaker0004/scitail_s10000000330.wav,wav/low/speaker0004/scitail_s20000000330.wav,entails
708,wav/low/speaker0001/scitail_s10000000206.wav,wav/low/speaker0001/scitail_s20000000206.wav,entails
709,wav/low/speaker0003/s10000000194.wav,wav/low/speaker0003/s20000000194.wav,neutral
710,wav/low/speaker0006/s10000000199.wav,wav/low/speaker0006/s20000000199.wav,neutral
711,wav/low/speaker0006/s10000000076.wav,wav/low/speaker0006/s20000000076.wav,neutral
712,wav/low/speaker0005/scitail_s10000000112.wav,wav/low/speaker0005/scitail_s20000000112.wav,entails
713,wav/low/speaker0004/scitail_s10000000315.wav,wav/low/speaker0004/scitail_s20000000315.wav,entails
714,wav/low/speaker0006/s10000000287.wav,wav/low/speaker0006/s20000000287.wav,entails
715,wav/low/speaker0005/scitail_s10000000138.wav,wav/low/speaker0005/scitail_s20000000138.wav,entails
716,wav/low/speaker0004/scitail_s10000000235.wav,wav/low/speaker0004/scitail_s20000000235.wav,entails
717,wav/low/speaker0001/scitail_s10000000461.wav,wav/low/speaker0001/scitail_s20000000461.wav,entails
718,wav/low/speaker0001/scitail_s10000000194.wav,wav/low/speaker0001/scitail_s20000000194.wav,neutral
719,wav/low/speaker0004/scitail_s10000000242.wav,wav/low/speaker0004/scitail_s20000000242.wav,neutral
720,wav/low/speaker0006/s10000000279.wav,wav/low/speaker0006/s20000000279.wav,entails
721,wav/low/speaker0005/scitail_s10000000037.wav,wav/low/speaker0005/scitail_s20000000037.wav,entails
722,wav/low/speaker0001/scitail_s10000000316.wav,wav/low/speaker0001/scitail_s20000000316.wav,entails
723,wav/low/speaker0001/scitail_s10000000207.wav,wav/low/speaker0001/scitail_s20000000207.wav,entails
724,wav/low/speaker0001/scitail_s10000000198.wav,wav/low/speaker0001/scitail_s20000000198.wav,neutral
725,wav/low/speaker0003/s10000000218.wav,wav/low/speaker0003/s20000000218.wav,neutral
726,wav/low/speaker0005/scitail_s10000000187.wav,wav/low/speaker0005/scitail_s20000000187.wav,neutral
727,wav/low/speaker0006/s10000000368.wav,wav/low/speaker0006/s20000000368.wav,neutral
728,wav/low/speaker0001/scitail_s10000000445.wav,wav/low/speaker0001/scitail_s20000000445.wav,neutral
729,wav/low/speaker0004/scitail_s10000000361.wav,wav/low/speaker0004/scitail_s20000000361.wav,neutral
730,wav/low/speaker0006/s10000000106.wav,wav/low/speaker0006/s20000000106.wav,neutral
731,wav/low/speaker0006/s10000000399.wav,wav/low/speaker0006/s20000000399.wav,neutral
732,wav/low/speaker0005/scitail_s10000000475.wav,wav/low/speaker0005/scitail_s20000000475.wav,neutral
733,wav/low/speaker0002/scitail_s10000000236.wav,wav/low/speaker0002/scitail_s20000000236.wav,entails
734,wav/low/speaker0005/scitail_s10000000317.wav,wav/low/speaker0005/scitail_s20000000317.wav,neutral
735,wav/low/speaker0001/scitail_s10000000260.wav,wav/low/speaker0001/scitail_s20000000260.wav,entails
736,wav/low/speaker0006/s10000000223.wav,wav/low/speaker0006/s20000000223.wav,neutral
737,wav/low/speaker0003/s10000000076.wav,wav/low/speaker0003/s20000000076.wav,neutral
738,wav/low/speaker0002/scitail_s10000000256.wav,wav/low/speaker0002/scitail_s20000000256.wav,entails
739,wav/low/speaker0002/scitail_s10000000447.wav,wav/low/speaker0002/scitail_s20000000447.wav,neutral
740,wav/low/speaker0003/s10000000007.wav,wav/low/speaker0003/s20000000007.wav,entails
741,wav/low/speaker0005/scitail_s10000000382.wav,wav/low/speaker0005/scitail_s20000000382.wav,neutral
742,wav/low/speaker0005/scitail_s10000000279.wav,wav/low/speaker0005/scitail_s20000000279.wav,entails
743,wav/low/speaker0001/scitail_s10000000308.wav,wav/low/speaker0001/scitail_s20000000308.wav,entails
744,wav/low/speaker0002/scitail_s10000000317.wav,wav/low/speaker0002/scitail_s20000000317.wav,neutral
745,wav/low/speaker0003/s10000000475.wav,wav/low/speaker0003/s20000000475.wav,neutral
746,wav/low/speaker0005/scitail_s10000000440.wav,wav/low/speaker0005/scitail_s20000000440.wav,entails
747,wav/low/speaker0002/scitail_s10000000405.wav,wav/low/speaker0002/scitail_s20000000405.wav,neutral
748,wav/low/speaker0002/scitail_s10000000214.wav,wav/low/speaker0002/scitail_s20000000214.wav,neutral
749,wav/low/speaker0004/scitail_s10000000118.wav,wav/low/speaker0004/scitail_s20000000118.wav,entails
750,wav/low/speaker0002/scitail_s10000000375.wav,wav/low/speaker0002/scitail_s20000000375.wav,neutral
751,wav/low/speaker0004/scitail_s10000000243.wav,wav/low/speaker0004/scitail_s20000000243.wav,neutral
752,wav/low/speaker0004/scitail_s10000000096.wav,wav/low/speaker0004/scitail_s20000000096.wav,entails
753,wav/low/speaker0002/scitail_s10000000283.wav,wav/low/speaker0002/scitail_s20000000283.wav,neutral
754,wav/low/speaker0003/s10000000454.wav,wav/low/speaker0003/s20000000454.wav,neutral
755,wav/low/speaker0006/s10000000296.wav,wav/low/speaker0006/s20000000296.wav,neutral
756,wav/low/speaker0003/s10000000336.wav,wav/low/speaker0003/s20000000336.wav,neutral
757,wav/low/speaker0002/scitail_s10000000475.wav,wav/low/speaker0002/scitail_s20000000475.wav,neutral
758,wav/low/speaker0001/scitail_s10000000361.wav,wav/low/speaker0001/scitail_s20000000361.wav,neutral
759,wav/low/speaker0005/scitail_s10000000316.wav,wav/low/speaker0005/scitail_s20000000316.wav,entails
760,wav/low/speaker0002/scitail_s10000000126.wav,wav/low/speaker0002/scitail_s20000000126.wav,neutral
761,wav/low/speaker0003/s10000000110.wav,wav/low/speaker0003/s20000000110.wav,neutral
762,wav/low/speaker0002/scitail_s10000000402.wav,wav/low/speaker0002/scitail_s20000000402.wav,entails
763,wav/low/speaker0004/scitail_s10000000145.wav,wav/low/speaker0004/scitail_s20000000145.wav,neutral
764,wav/low/speaker0003/s10000000347.wav,wav/low/speaker0003/s20000000347.wav,neutral
765,wav/low/speaker0004/scitail_s10000000379.wav,wav/low/speaker0004/scitail_s20000000379.wav,neutral
766,wav/low/speaker0006/s10000000431.wav,wav/low/speaker0006/s20000000431.wav,neutral
767,wav/low/speaker0001/scitail_s10000000420.wav,wav/low/speaker0001/scitail_s20000000420.wav,neutral
768,wav/low/speaker0005/scitail_s10000000350.wav,wav/low/speaker0005/scitail_s20000000350.wav,neutral
769,wav/low/speaker0005/scitail_s10000000214.wav,wav/low/speaker0005/scitail_s20000000214.wav,neutral
770,wav/low/speaker0006/s10000000107.wav,wav/low/speaker0006/s20000000107.wav,entails
771,wav/low/speaker0004/scitail_s10000000372.wav,wav/low/speaker0004/scitail_s20000000372.wav,entails
772,wav/low/speaker0003/s10000000068.wav,wav/low/speaker0003/s20000000068.wav,entails
773,wav/low/speaker0001/scitail_s10000000086.wav,wav/low/speaker0001/scitail_s20000000086.wav,neutral
774,wav/low/speaker0005/scitail_s10000000399.wav,wav/low/speaker0005/scitail_s20000000399.wav,neutral
775,wav/low/speaker0001/scitail_s10000000296.wav,wav/low/speaker0001/scitail_s20000000296.wav,neutral
776,wav/low/speaker0004/scitail_s10000000035.wav,wav/low/speaker0004/scitail_s20000000035.wav,entails
777,wav/low/speaker0005/scitail_s10000000312.wav,wav/low/speaker0005/scitail_s20000000312.wav,neutral
778,wav/low/speaker0002/scitail_s10000000445.wav,wav/low/speaker0002/scitail_s20000000445.wav,neutral
779,wav/low/speaker0003/s10000000232.wav,wav/low/speaker0003/s20000000232.wav,neutral
780,wav/low/speaker0005/scitail_s10000000244.wav,wav/low/speaker0005/scitail_s20000000244.wav,neutral
781,wav/low/speaker0004/scitail_s10000000283.wav,wav/low/speaker0004/scitail_s20000000283.wav,neutral
782,wav/low/speaker0002/scitail_s10000000219.wav,wav/low/speaker0002/scitail_s20000000219.wav,neutral
783,wav/low/speaker0002/scitail_s10000000379.wav,wav/low/speaker0002/scitail_s20000000379.wav,neutral
784,wav/low/speaker0004/scitail_s10000000106.wav,wav/low/speaker0004/scitail_s20000000106.wav,neutral
785,wav/low/speaker0001/scitail_s10000000336.wav,wav/low/speaker0001/scitail_s20000000336.wav,neutral
786,wav/low/speaker0001/scitail_s10000000353.wav,wav/low/speaker0001/scitail_s20000000353.wav,neutral
787,wav/low/speaker0003/s10000000133.wav,wav/low/speaker0003/s20000000133.wav,neutral
788,wav/low/speaker0005/scitail_s10000000420.wav,wav/low/speaker0005/scitail_s20000000420.wav,neutral
789,wav/low/speaker0004/scitail_s10000000022.wav,wav/low/speaker0004/scitail_s20000000022.wav,entails
790,wav/low/speaker0002/scitail_s10000000187.wav,wav/low/speaker0002/scitail_s20000000187.wav,neutral
791,wav/low/speaker0001/scitail_s10000000315.wav,wav/low/speaker0001/scitail_s20000000315.wav,entails
792,wav/low/speaker0004/scitail_s10000000267.wav,wav/low/speaker0004/scitail_s20000000267.wav,entails
793,wav/low/speaker0006/s10000000369.wav,wav/low/speaker0006/s20000000369.wav,neutral
794,wav/low/speaker0003/s10000000021.wav,wav/low/speaker0003/s20000000021.wav,neutral
795,wav/low/speaker0004/scitail_s10000000138.wav,wav/low/speaker0004/scitail_s20000000138.wav,entails
796,wav/low/speaker0001/scitail_s10000000425.wav,wav/low/speaker0001/scitail_s20000000425.wav,neutral
797,wav/low/speaker0005/scitail_s10000000094.wav,wav/low/speaker0005/scitail_s20000000094.wav,entails
798,wav/low/speaker0004/scitail_s10000000126.wav,wav/low/speaker0004/scitail_s20000000126.wav,neutral
799,wav/low/speaker0002/scitail_s10000000404.wav,wav/low/speaker0002/scitail_s20000000404.wav,neutral
800,wav/low/speaker0004/scitail_s10000000347.wav,wav/low/speaker0004/scitail_s20000000347.wav,neutral
801,wav/low/speaker0006/s10000000244.wav,wav/low/speaker0006/s20000000244.wav,neutral
802,wav/low/speaker0001/scitail_s10000000402.wav,wav/low/speaker0001/scitail_s20000000402.wav,entails
803,wav/low/speaker0005/scitail_s10000000434.wav,wav/low/speaker0005/scitail_s20000000434.wav,neutral
804,wav/low/speaker0002/scitail_s10000000287.wav,wav/low/speaker0002/scitail_s20000000287.wav,entails
805,wav/low/speaker0005/scitail_s10000000395.wav,wav/low/speaker0005/scitail_s20000000395.wav,entails
806,wav/low/speaker0003/s10000000125.wav,wav/low/speaker0003/s20000000125.wav,neutral
807,wav/low/speaker0005/scitail_s10000000404.wav,wav/low/speaker0005/scitail_s20000000404.wav,neutral
808,wav/low/speaker0003/s10000000350.wav,wav/low/speaker0003/s20000000350.wav,neutral
809,wav/low/speaker0002/scitail_s10000000293.wav,wav/low/speaker0002/scitail_s20000000293.wav,neutral
