,path,label
0,wav/low/speaker0006/s10000000566.wav,0
1,wav/low/speaker0005/sst-2_s10000000502.wav,0
2,wav/low/speaker0004/sst-2_s10000000426.wav,1
3,wav/low/speaker0005/sst-2_s10000000585.wav,0
4,wav/low/speaker0005/sst-2_s10000000166.wav,1
5,wav/low/speaker0003/s10000000078.wav,0
6,wav/low/speaker0003/s10000000371.wav,1
7,wav/low/speaker0004/sst-2_s10000000591.wav,1
8,wav/low/speaker0002/sst-2_s10000000104.wav,1
9,wav/low/speaker0002/sst-2_s10000000235.wav,0
10,wav/low/speaker0004/sst-2_s10000000110.wav,0
11,wav/low/speaker0004/sst-2_s10000000525.wav,1
12,wav/low/speaker0005/sst-2_s10000000558.wav,0
13,wav/low/speaker0001/sst-2_s10000000053.wav,1
14,wav/low/speaker0001/sst-2_s10000000323.wav,0
15,wav/low/speaker0003/s10000000069.wav,1
16,wav/low/speaker0006/s10000000280.wav,0
17,wav/low/speaker0006/s10000000341.wav,1
18,wav/low/speaker0006/s10000000397.wav,0
19,wav/low/speaker0002/sst-2_s10000000258.wav,0
20,wav/low/speaker0003/s10000000026.wav,1
21,wav/low/speaker0003/s10000000105.wav,1
22,wav/low/speaker0001/sst-2_s10000000509.wav,1
23,wav/low/speaker0005/sst-2_s10000000384.wav,0
24,wav/low/speaker0002/sst-2_s10000000259.wav,0
25,wav/low/speaker0001/sst-2_s10000000426.wav,1
26,wav/low/speaker0003/s10000000325.wav,1
27,wav/low/speaker0004/sst-2_s10000000332.wav,0
28,wav/low/speaker0002/sst-2_s10000000502.wav,0
29,wav/low/speaker0006/s10000000053.wav,1
30,wav/low/speaker0002/sst-2_s10000000003.wav,0
31,wav/low/speaker0005/sst-2_s10000000060.wav,0
32,wav/low/speaker0004/sst-2_s10000000302.wav,1
33,wav/low/speaker0006/s10000000173.wav,0
34,wav/low/speaker0005/sst-2_s10000000566.wav,0
35,wav/low/speaker0001/sst-2_s10000000354.wav,1
36,wav/low/speaker0005/sst-2_s10000000354.wav,1
37,wav/low/speaker0006/s10000000492.wav,0
38,wav/low/speaker0006/s10000000346.wav,1
39,wav/low/speaker0006/s10000000332.wav,0
40,wav/low/speaker0001/sst-2_s10000000436.wav,0
41,wav/low/speaker0006/s10000000120.wav,0
42,wav/low/speaker0004/sst-2_s10000000431.wav,0
43,wav/low/speaker0002/sst-2_s10000000332.wav,0
44,wav/low/speaker0004/sst-2_s10000000381.wav,0
45,wav/low/speaker0006/s10000000117.wav,0
46,wav/low/speaker0006/s10000000413.wav,0
47,wav/low/speaker0001/sst-2_s10000000529.wav,0
48,wav/low/speaker0002/sst-2_s10000000045.wav,1
49,wav/low/speaker0002/sst-2_s10000000585.wav,0
50,wav/low/speaker0001/sst-2_s10000000581.wav,0
51,wav/low/speaker0001/sst-2_s10000000030.wav,0
52,wav/low/speaker0001/sst-2_s10000000025.wav,1
53,wav/low/speaker0003/s10000000377.wav,1
54,wav/low/speaker0002/sst-2_s10000000317.wav,0
55,wav/low/speaker0001/sst-2_s10000000562.wav,0
56,wav/low/speaker0005/sst-2_s10000000433.wav,0
57,wav/low/speaker0006/s10000000552.wav,0
58,wav/low/speaker0003/s10000000398.wav,1
59,wav/low/speaker0006/s10000000567.wav,1
60,wav/low/speaker0002/sst-2_s10000000388.wav,1
61,wav/low/speaker0006/s10000000030.wav,0
62,wav/low/speaker0001/sst-2_s10000000508.wav,1
63,wav/low/speaker0003/s10000000030.wav,0
64,wav/low/speaker0004/sst-2_s10000000004.wav,1
65,wav/low/speaker0003/s10000000317.wav,0
66,wav/low/speaker0005/sst-2_s10000000310.wav,1
67,wav/low/speaker0003/s10000000598.wav,0
68,wav/low/speaker0006/s10000000541.wav,0
69,wav/low/speaker0003/s10000000121.wav,0
70,wav/low/speaker0004/sst-2_s10000000271.wav,0
71,wav/low/speaker0005/sst-2_s10000000307.wav,0
72,wav/low/speaker0003/s10000000568.wav,0
73,wav/low/speaker0001/sst-2_s10000000008.wav,0
74,wav/low/speaker0006/s10000000139.wav,0
75,wav/low/speaker0003/s10000000426.wav,1
76,wav/low/speaker0001/sst-2_s10000000445.wav,1
77,wav/low/speaker0001/sst-2_s10000000591.wav,1
78,wav/low/speaker0006/s10000000365.wav,0
79,wav/low/speaker0001/sst-2_s10000000398.wav,1
80,wav/low/speaker0003/s10000000562.wav,0
81,wav/low/speaker0003/s10000000405.wav,0
82,wav/low/speaker0003/s10000000593.wav,0
83,wav/low/speaker0005/sst-2_s10000000616.wav,1
84,wav/low/speaker0002/sst-2_s10000000031.wav,0
85,wav/low/speaker0001/sst-2_s10000000280.wav,0
86,wav/low/speaker0003/s10000000299.wav,1
87,wav/low/speaker0002/sst-2_s10000000311.wav,1
88,wav/low/speaker0005/sst-2_s10000000173.wav,0
89,wav/low/speaker0003/s10000000356.wav,1
90,wav/low/speaker0002/sst-2_s10000000229.wav,1
91,wav/low/speaker0004/sst-2_s10000000325.wav,1
92,wav/low/speaker0001/sst-2_s10000000544.wav,0
93,wav/low/speaker0004/sst-2_s10000000505.wav,0
94,wav/low/speaker0005/sst-2_s10000000008.wav,0
95,wav/low/speaker0005/sst-2_s10000000235.wav,0
96,wav/low/speaker0006/s10000000008.wav,0
97,wav/low/speaker0001/sst-2_s10000000502.wav,0
98,wav/low/speaker0002/sst-2_s10000000405.wav,0
99,wav/low/speaker0003/s10000000500.wav,1
100,wav/low/speaker0001/sst-2_s10000000300.wav,0
101,wav/low/speaker0005/sst-2_s10000000209.wav,1
102,wav/low/speaker0004/sst-2_s10000000046.wav,0
103,wav/low/speaker0005/sst-2_s10000000541.wav,0
104,wav/low/speaker0004/sst-2_s10000000177.wav,1
105,wav/low/speaker0005/sst-2_s10000000131.wav,1
106,wav/low/speaker0002/sst-2_s10000000008.wav,0
107,wav/low/speaker0003/s10000000558.wav,0
108,wav/low/speaker0005/sst-2_s10000000509.wav,1
109,wav/low/speaker0004/sst-2_s10000000111.wav,1
110,wav/low/speaker0002/sst-2_s10000000095.wav,1
111,wav/low/speaker0002/sst-2_s10000000356.wav,1
112,wav/low/speaker0001/sst-2_s10000000463.wav,0
113,wav/low/speaker0002/sst-2_s10000000341.wav,1
114,wav/low/speaker0006/s10000000166.wav,1
115,wav/low/speaker0005/sst-2_s10000000118.wav,1
116,wav/low/speaker0001/sst-2_s10000000131.wav,1
117,wav/low/speaker0006/s10000000377.wav,1
118,wav/low/speaker0001/sst-2_s10000000139.wav,0
119,wav/low/speaker0003/s10000000481.wav,1
120,wav/low/speaker0003/s10000000382.wav,0
121,wav/low/speaker0005/sst-2_s10000000349.wav,0
122,wav/low/speaker0002/sst-2_s10000000271.wav,0
123,wav/low/speaker0004/sst-2_s10000000025.wav,1
124,wav/low/speaker0004/sst-2_s10000000026.wav,1
125,wav/low/speaker0005/sst-2_s10000000375.wav,0
126,wav/low/speaker0005/sst-2_s10000000402.wav,1
127,wav/low/speaker0002/sst-2_s10000000111.wav,1
128,wav/low/speaker0001/sst-2_s10000000182.wav,0
129,wav/low/speaker0001/sst-2_s10000000155.wav,0
130,wav/low/speaker0002/sst-2_s10000000371.wav,1
131,wav/low/speaker0001/sst-2_s10000000495.wav,0
132,wav/low/speaker0002/sst-2_s10000000138.wav,0
133,wav/low/speaker0001/sst-2_s10000000325.wav,1
134,wav/low/speaker0004/sst-2_s10000000280.wav,0
135,wav/low/speaker0006/s10000000259.wav,0
136,wav/low/speaker0005/sst-2_s10000000436.wav,0
137,wav/low/speaker0006/s10000000445.wav,1
138,wav/low/speaker0005/sst-2_s10000000228.wav,0
139,wav/low/speaker0001/sst-2_s10000000349.wav,0
140,wav/low/speaker0006/s10000000509.wav,1
141,wav/low/speaker0003/s10000000581.wav,0
142,wav/low/speaker0001/sst-2_s10000000034.wav,1
143,wav/low/speaker0006/s10000000069.wav,1
144,wav/low/speaker0005/sst-2_s10000000309.wav,1
145,wav/low/speaker0003/s10000000163.wav,0
146,wav/low/speaker0003/s10000000381.wav,0
147,wav/low/speaker0002/sst-2_s10000000409.wav,0
148,wav/low/speaker0005/sst-2_s10000000529.wav,0
149,wav/low/speaker0001/sst-2_s10000000379.wav,0
150,wav/low/speaker0006/s10000000536.wav,1
151,wav/low/speaker0001/sst-2_s10000000307.wav,0
152,wav/low/speaker0004/sst-2_s10000000382.wav,0
153,wav/low/speaker0005/sst-2_s10000000395.wav,1
154,wav/low/speaker0003/s10000000502.wav,0
155,wav/low/speaker0005/sst-2_s10000000311.wav,1
156,wav/low/speaker0001/sst-2_s10000000026.wav,1
157,wav/low/speaker0006/s10000000026.wav,1
158,wav/low/speaker0001/sst-2_s10000000003.wav,0
159,wav/low/speaker0004/sst-2_s10000000310.wav,1
160,wav/low/speaker0005/sst-2_s10000000356.wav,1
161,wav/low/speaker0004/sst-2_s10000000139.wav,0
162,wav/low/speaker0004/sst-2_s10000000598.wav,0
163,wav/low/speaker0005/sst-2_s10000000591.wav,1
164,wav/low/speaker0004/sst-2_s10000000463.wav,0
165,wav/low/speaker0001/sst-2_s10000000371.wav,1
166,wav/low/speaker0002/sst-2_s10000000260.wav,0
167,wav/low/speaker0006/s10000000409.wav,0
168,wav/low/speaker0005/sst-2_s10000000536.wav,1
169,wav/low/speaker0004/sst-2_s10000000300.wav,0
170,wav/low/speaker0006/s10000000494.wav,1
171,wav/low/speaker0006/s10000000525.wav,1
172,wav/low/speaker0006/s10000000045.wav,1
173,wav/low/speaker0001/sst-2_s10000000377.wav,1
174,wav/low/speaker0004/sst-2_s10000000388.wav,1
175,wav/low/speaker0006/s10000000593.wav,0
176,wav/low/speaker0004/sst-2_s10000000341.wav,1
177,wav/low/speaker0003/s10000000483.wav,1
178,wav/low/speaker0006/s10000000003.wav,0
179,wav/low/speaker0003/s10000000379.wav,0
180,wav/low/speaker0002/sst-2_s10000000375.wav,0
181,wav/low/speaker0002/sst-2_s10000000349.wav,0
182,wav/low/speaker0001/sst-2_s10000000332.wav,0
183,wav/low/speaker0003/s10000000004.wav,1
184,wav/low/speaker0004/sst-2_s10000000049.wav,1
185,wav/low/speaker0006/s10000000046.wav,0
186,wav/low/speaker0005/sst-2_s10000000593.wav,0
187,wav/low/speaker0004/sst-2_s10000000104.wav,1
188,wav/low/speaker0002/sst-2_s10000000509.wav,1
189,wav/low/speaker0002/sst-2_s10000000025.wav,1
190,wav/low/speaker0002/sst-2_s10000000312.wav,1
191,wav/low/speaker0006/s10000000384.wav,0
192,wav/low/speaker0006/s10000000398.wav,1
193,wav/low/speaker0003/s10000000566.wav,0
194,wav/low/speaker0005/sst-2_s10000000552.wav,0
195,wav/low/speaker0003/s10000000433.wav,0
196,wav/low/speaker0006/s10000000463.wav,0
197,wav/low/speaker0001/sst-2_s10000000114.wav,1
198,wav/low/speaker0005/sst-2_s10000000299.wav,1
199,wav/low/speaker0002/sst-2_s10000000209.wav,1
200,wav/low/speaker0005/sst-2_s10000000271.wav,0
201,wav/low/speaker0001/sst-2_s10000000281.wav,1
202,wav/low/speaker0001/sst-2_s10000000312.wav,1
203,wav/low/speaker0006/s10000000300.wav,0
204,wav/low/speaker0001/sst-2_s10000000177.wav,1
205,wav/low/speaker0004/sst-2_s10000000045.wav,1
206,wav/low/speaker0005/sst-2_s10000000245.wav,1
207,wav/low/speaker0004/sst-2_s10000000571.wav,1
208,wav/low/speaker0006/s10000000182.wav,0
209,wav/low/speaker0006/s10000000616.wav,1
210,wav/low/speaker0006/s10000000362.wav,1
211,wav/low/speaker0002/sst-2_s10000000232.wav,1
212,wav/low/speaker0002/sst-2_s10000000117.wav,0
213,wav/low/speaker0003/s10000000034.wav,1
214,wav/low/speaker0002/sst-2_s10000000120.wav,0
215,wav/low/speaker0003/s10000000341.wav,1
216,wav/low/speaker0003/s10000000173.wav,0
217,wav/low/speaker0003/s10000000571.wav,1
218,wav/low/speaker0005/sst-2_s10000000138.wav,0
219,wav/low/speaker0003/s10000000045.wav,1
220,wav/low/speaker0006/s10000000302.wav,1
221,wav/low/speaker0004/sst-2_s10000000552.wav,0
222,wav/low/speaker0004/sst-2_s10000000436.wav,0
223,wav/low/speaker0002/sst-2_s10000000245.wav,1
224,wav/low/speaker0006/s10000000497.wav,1
225,wav/low/speaker0005/sst-2_s10000000095.wav,1
226,wav/low/speaker0005/sst-2_s10000000155.wav,0
227,wav/low/speaker0001/sst-2_s10000000552.wav,0
228,wav/low/speaker0001/sst-2_s10000000302.wav,1
229,wav/low/speaker0001/sst-2_s10000000166.wav,1
230,wav/low/speaker0004/sst-2_s10000000409.wav,0
231,wav/low/speaker0001/sst-2_s10000000199.wav,0
232,wav/low/speaker0005/sst-2_s10000000152.wav,1
233,wav/low/speaker0003/s10000000330.wav,0
234,wav/low/speaker0003/s10000000345.wav,0
235,wav/low/speaker0003/s10000000046.wav,0
236,wav/low/speaker0004/sst-2_s10000000438.wav,0
237,wav/low/speaker0002/sst-2_s10000000581.wav,0
238,wav/low/speaker0005/sst-2_s10000000260.wav,0
239,wav/low/speaker0001/sst-2_s10000000431.wav,0
240,wav/low/speaker0001/sst-2_s10000000483.wav,1
241,wav/low/speaker0001/sst-2_s10000000196.wav,1
242,wav/low/speaker0001/sst-2_s10000000110.wav,0
243,wav/low/speaker0002/sst-2_s10000000204.wav,0
244,wav/low/speaker0002/sst-2_s10000000051.wav,0
245,wav/low/speaker0005/sst-2_s10000000046.wav,0
246,wav/low/speaker0004/sst-2_s10000000568.wav,0
247,wav/low/speaker0002/sst-2_s10000000145.wav,1
248,wav/low/speaker0002/sst-2_s10000000562.wav,0
249,wav/low/speaker0006/s10000000502.wav,0
250,wav/low/speaker0002/sst-2_s10000000616.wav,1
251,wav/low/speaker0005/sst-2_s10000000280.wav,0
252,wav/low/speaker0001/sst-2_s10000000153.wav,1
253,wav/low/speaker0003/s10000000544.wav,0
254,wav/low/speaker0005/sst-2_s10000000341.wav,1
255,wav/low/speaker0005/sst-2_s10000000078.wav,0
256,wav/low/speaker0003/s10000000053.wav,1
257,wav/low/speaker0003/s10000000244.wav,0
258,wav/low/speaker0005/sst-2_s10000000031.wav,0
259,wav/low/speaker0001/sst-2_s10000000031.wav,0
260,wav/low/speaker0005/sst-2_s10000000567.wav,1
261,wav/low/speaker0002/sst-2_s10000000489.wav,0
262,wav/low/speaker0003/s10000000204.wav,0
263,wav/low/speaker0004/sst-2_s10000000397.wav,0
264,wav/low/speaker0006/s10000000381.wav,0
265,wav/low/speaker0002/sst-2_s10000000004.wav,1
266,wav/low/speaker0004/sst-2_s10000000350.wav,0
267,wav/low/speaker0002/sst-2_s10000000384.wav,0
268,wav/low/speaker0002/sst-2_s10000000591.wav,1
269,wav/low/speaker0002/sst-2_s10000000558.wav,0
270,wav/low/speaker0003/s10000000111.wav,1
271,wav/low/speaker0003/s10000000375.wav,0
272,wav/low/speaker0003/s10000000060.wav,0
273,wav/low/speaker0002/sst-2_s10000000281.wav,1
274,wav/low/speaker0002/sst-2_s10000000397.wav,0
275,wav/low/speaker0006/s10000000382.wav,0
276,wav/low/speaker0002/sst-2_s10000000131.wav,1
277,wav/low/speaker0001/sst-2_s10000000585.wav,0
278,wav/low/speaker0001/sst-2_s10000000271.wav,0
279,wav/low/speaker0005/sst-2_s10000000426.wav,1
280,wav/low/speaker0002/sst-2_s10000000505.wav,0
281,wav/low/speaker0005/sst-2_s10000000196.wav,1
282,wav/low/speaker0002/sst-2_s10000000173.wav,0
283,wav/low/speaker0004/sst-2_s10000000153.wav,1
284,wav/low/speaker0001/sst-2_s10000000346.wav,1
285,wav/low/speaker0004/sst-2_s10000000030.wav,0
286,wav/low/speaker0006/s10000000495.wav,0
287,wav/low/speaker0006/s10000000323.wav,0
288,wav/low/speaker0004/sst-2_s10000000299.wav,1
289,wav/low/speaker0005/sst-2_s10000000438.wav,0
290,wav/low/speaker0003/s10000000131.wav,1
291,wav/low/speaker0002/sst-2_s10000000199.wav,0
292,wav/low/speaker0006/s10000000598.wav,0
293,wav/low/speaker0006/s10000000271.wav,0
294,wav/low/speaker0006/s10000000004.wav,1
295,wav/low/speaker0004/sst-2_s10000000181.wav,1
296,wav/low/speaker0003/s10000000232.wav,1
297,wav/low/speaker0003/s10000000280.wav,0
298,wav/low/speaker0006/s10000000235.wav,0
299,wav/low/speaker0006/s10000000118.wav,1
300,wav/low/speaker0003/s10000000120.wav,0
301,wav/low/speaker0004/sst-2_s10000000494.wav,1
302,wav/low/speaker0005/sst-2_s10000000494.wav,1
303,wav/low/speaker0006/s10000000505.wav,0
304,wav/low/speaker0006/s10000000265.wav,1
305,wav/low/speaker0001/sst-2_s10000000105.wav,1
306,wav/low/speaker0006/s10000000568.wav,0
307,wav/low/speaker0004/sst-2_s10000000307.wav,0
308,wav/low/speaker0005/sst-2_s10000000051.wav,0
309,wav/low/speaker0003/s10000000209.wav,1
310,wav/low/speaker0004/sst-2_s10000000051.wav,0
311,wav/low/speaker0005/sst-2_s10000000568.wav,0
312,wav/low/speaker0002/sst-2_s10000000190.wav,0
313,wav/low/speaker0005/sst-2_s10000000562.wav,0
314,wav/low/speaker0005/sst-2_s10000000312.wav,1
315,wav/low/speaker0002/sst-2_s10000000431.wav,0
316,wav/low/speaker0003/s10000000050.wav,1
317,wav/low/speaker0004/sst-2_s10000000204.wav,0
318,wav/low/speaker0005/sst-2_s10000000153.wav,1
319,wav/low/speaker0006/s10000000317.wav,0
320,wav/low/speaker0002/sst-2_s10000000046.wav,0
321,wav/low/speaker0002/sst-2_s10000000362.wav,1
322,wav/low/speaker0003/s10000000265.wav,1
323,wav/low/speaker0005/sst-2_s10000000163.wav,0
324,wav/low/speaker0003/s10000000388.wav,1
325,wav/low/speaker0004/sst-2_s10000000413.wav,0
326,wav/low/speaker0001/sst-2_s10000000045.wav,1
327,wav/low/speaker0005/sst-2_s10000000003.wav,0
328,wav/low/speaker0003/s10000000259.wav,0
329,wav/low/speaker0006/s10000000330.wav,0
330,wav/low/speaker0002/sst-2_s10000000544.wav,0
331,wav/low/speaker0002/sst-2_s10000000433.wav,0
332,wav/low/speaker0003/s10000000118.wav,1
333,wav/low/speaker0002/sst-2_s10000000196.wav,1
334,wav/low/speaker0003/s10000000311.wav,1
335,wav/low/speaker0002/sst-2_s10000000413.wav,0
336,wav/low/speaker0003/s10000000492.wav,0
337,wav/low/speaker0003/s10000000138.wav,0
338,wav/low/speaker0003/s10000000310.wav,1
339,wav/low/speaker0004/sst-2_s10000000229.wav,1
340,wav/low/speaker0003/s10000000616.wav,1
341,wav/low/speaker0003/s10000000228.wav,0
342,wav/low/speaker0003/s10000000166.wav,1
343,wav/low/speaker0005/sst-2_s10000000325.wav,1
344,wav/low/speaker0004/sst-2_s10000000489.wav,0
345,wav/low/speaker0002/sst-2_s10000000053.wav,1
346,wav/low/speaker0005/sst-2_s10000000244.wav,0
347,wav/low/speaker0003/s10000000309.wav,1
348,wav/low/speaker0006/s10000000163.wav,0
349,wav/low/speaker0002/sst-2_s10000000182.wav,0
350,wav/low/speaker0004/sst-2_s10000000105.wav,1
351,wav/low/speaker0001/sst-2_s10000000598.wav,0
352,wav/low/speaker0004/sst-2_s10000000349.wav,0
353,wav/low/speaker0006/s10000000388.wav,1
354,wav/low/speaker0005/sst-2_s10000000345.wav,0
355,wav/low/speaker0004/sst-2_s10000000317.wav,0
356,wav/low/speaker0001/sst-2_s10000000311.wav,1
357,wav/low/speaker0005/sst-2_s10000000030.wav,0
358,wav/low/speaker0001/sst-2_s10000000525.wav,1
359,wav/low/speaker0004/sst-2_s10000000365.wav,0
360,wav/low/speaker0006/s10000000010.wav,1
361,wav/low/speaker0005/sst-2_s10000000183.wav,0
362,wav/low/speaker0005/sst-2_s10000000182.wav,0
363,wav/low/speaker0002/sst-2_s10000000365.wav,0
364,wav/low/speaker0002/sst-2_s10000000110.wav,0
365,wav/low/speaker0003/s10000000497.wav,1
366,wav/low/speaker0002/sst-2_s10000000500.wav,1
367,wav/low/speaker0002/sst-2_s10000000309.wav,1
368,wav/low/speaker0001/sst-2_s10000000120.wav,0
369,wav/low/speaker0005/sst-2_s10000000177.wav,1
370,wav/low/speaker0006/s10000000405.wav,0
371,wav/low/speaker0002/sst-2_s10000000300.wav,0
372,wav/low/speaker0004/sst-2_s10000000346.wav,1
373,wav/low/speaker0003/s10000000489.wav,0
374,wav/low/speaker0003/s10000000139.wav,0
375,wav/low/speaker0004/sst-2_s10000000544.wav,0
376,wav/low/speaker0005/sst-2_s10000000053.wav,1
377,wav/low/speaker0003/s10000000155.wav,0
378,wav/low/speaker0004/sst-2_s10000000260.wav,0
379,wav/low/speaker0002/sst-2_s10000000350.wav,0
380,wav/low/speaker0001/sst-2_s10000000571.wav,1
381,wav/low/speaker0004/sst-2_s10000000311.wav,1
382,wav/low/speaker0006/s10000000310.wav,1
383,wav/low/speaker0004/sst-2_s10000000566.wav,0
384,wav/low/speaker0005/sst-2_s10000000405.wav,0
385,wav/low/speaker0006/s10000000571.wav,1
386,wav/low/speaker0004/sst-2_s10000000131.wav,1
387,wav/low/speaker0005/sst-2_s10000000302.wav,1
388,wav/low/speaker0006/s10000000034.wav,1
389,wav/low/speaker0006/s10000000354.wav,1
390,wav/low/speaker0002/sst-2_s10000000381.wav,0
391,wav/low/speaker0001/sst-2_s10000000121.wav,0
392,wav/low/speaker0003/s10000000507.wav,1
393,wav/low/speaker0004/sst-2_s10000000508.wav,1
394,wav/low/speaker0001/sst-2_s10000000245.wav,1
395,wav/low/speaker0004/sst-2_s10000000155.wav,0
396,wav/low/speaker0003/s10000000431.wav,0
397,wav/low/speaker0004/sst-2_s10000000232.wav,1
398,wav/low/speaker0006/s10000000209.wav,1
399,wav/low/speaker0005/sst-2_s10000000121.wav,0
400,wav/low/speaker0002/sst-2_s10000000552.wav,0
401,wav/low/speaker0003/s10000000445.wav,1
402,wav/low/speaker0004/sst-2_s10000000050.wav,1
403,wav/low/speaker0003/s10000000529.wav,0
404,wav/low/speaker0006/s10000000508.wav,1
405,wav/low/speaker0005/sst-2_s10000000571.wav,1
406,wav/low/speaker0005/sst-2_s10000000010.wav,1
407,wav/low/speaker0003/s10000000183.wav,0
408,wav/low/speaker0004/sst-2_s10000000497.wav,1
409,wav/low/speaker0006/s10000000155.wav,0
410,wav/low/speaker0002/sst-2_s10000000302.wav,1
411,wav/low/speaker0005/sst-2_s10000000258.wav,0
412,wav/low/speaker0001/sst-2_s10000000345.wav,0
413,wav/low/speaker0003/s10000000051.wav,0
414,wav/low/speaker0006/s10000000051.wav,0
415,wav/low/speaker0002/sst-2_s10000000507.wav,1
416,wav/low/speaker0006/s10000000190.wav,0
417,wav/low/speaker0001/sst-2_s10000000173.wav,0
418,wav/low/speaker0005/sst-2_s10000000409.wav,0
419,wav/low/speaker0003/s10000000508.wav,1
420,wav/low/speaker0006/s10000000585.wav,0
421,wav/low/speaker0004/sst-2_s10000000362.wav,1
422,wav/low/speaker0001/sst-2_s10000000145.wav,1
423,wav/low/speaker0003/s10000000495.wav,0
424,wav/low/speaker0001/sst-2_s10000000507.wav,1
425,wav/low/speaker0004/sst-2_s10000000182.wav,0
426,wav/low/speaker0001/sst-2_s10000000051.wav,0
427,wav/low/speaker0004/sst-2_s10000000402.wav,1
428,wav/low/speaker0001/sst-2_s10000000118.wav,1
429,wav/low/speaker0006/s10000000229.wav,1
430,wav/low/speaker0002/sst-2_s10000000495.wav,0
431,wav/low/speaker0004/sst-2_s10000000356.wav,1
432,wav/low/speaker0004/sst-2_s10000000117.wav,0
433,wav/low/speaker0002/sst-2_s10000000105.wav,1
434,wav/low/speaker0006/s10000000529.wav,0
435,wav/low/speaker0004/sst-2_s10000000210.wav,0
436,wav/low/speaker0004/sst-2_s10000000330.wav,0
437,wav/low/speaker0006/s10000000025.wav,1
438,wav/low/speaker0005/sst-2_s10000000445.wav,1
439,wav/low/speaker0001/sst-2_s10000000438.wav,0
440,wav/low/speaker0004/sst-2_s10000000558.wav,0
441,wav/low/speaker0004/sst-2_s10000000265.wav,1
442,wav/low/speaker0005/sst-2_s10000000413.wav,0
443,wav/low/speaker0006/s10000000558.wav,0
444,wav/low/speaker0002/sst-2_s10000000323.wav,0
445,wav/low/speaker0002/sst-2_s10000000152.wav,1
446,wav/low/speaker0001/sst-2_s10000000616.wav,1
447,wav/low/speaker0003/s10000000307.wav,0
448,wav/low/speaker0004/sst-2_s10000000481.wav,1
449,wav/low/speaker0001/sst-2_s10000000265.wav,1
450,wav/low/speaker0005/sst-2_s10000000110.wav,0
451,wav/low/speaker0005/sst-2_s10000000398.wav,1
452,wav/low/speaker0003/s10000000438.wav,0
453,wav/low/speaker0006/s10000000245.wav,1
454,wav/low/speaker0001/sst-2_s10000000299.wav,1
455,wav/low/speaker0001/sst-2_s10000000244.wav,0
456,wav/low/speaker0005/sst-2_s10000000229.wav,1
457,wav/low/speaker0002/sst-2_s10000000177.wav,1
458,wav/low/speaker0005/sst-2_s10000000379.wav,0
459,wav/low/speaker0005/sst-2_s10000000463.wav,0
460,wav/low/speaker0004/sst-2_s10000000228.wav,0
461,wav/low/speaker0006/s10000000181.wav,1
462,wav/low/speaker0004/sst-2_s10000000312.wav,1
463,wav/low/speaker0002/sst-2_s10000000354.wav,1
464,wav/low/speaker0001/sst-2_s10000000004.wav,1
465,wav/low/speaker0006/s10000000356.wav,1
466,wav/low/speaker0002/sst-2_s10000000497.wav,1
467,wav/low/speaker0005/sst-2_s10000000495.wav,0
468,wav/low/speaker0006/s10000000258.wav,0
469,wav/low/speaker0003/s10000000525.wav,1
470,wav/low/speaker0003/s10000000245.wav,1
471,wav/low/speaker0005/sst-2_s10000000381.wav,0
472,wav/low/speaker0004/sst-2_s10000000235.wav,0
473,wav/low/speaker0001/sst-2_s10000000567.wav,1
474,wav/low/speaker0004/sst-2_s10000000010.wav,1
475,wav/low/speaker0003/s10000000117.wav,0
476,wav/low/speaker0005/sst-2_s10000000507.wav,1
477,wav/low/speaker0003/s10000000302.wav,1
478,wav/low/speaker0006/s10000000244.wav,0
479,wav/low/speaker0006/s10000000131.wav,1
480,wav/low/speaker0003/s10000000196.wav,1
481,wav/low/speaker0005/sst-2_s10000000045.wav,1
482,wav/low/speaker0004/sst-2_s10000000507.wav,1
483,wav/low/speaker0001/sst-2_s10000000209.wav,1
484,wav/low/speaker0004/sst-2_s10000000323.wav,0
485,wav/low/speaker0003/s10000000153.wav,1
486,wav/low/speaker0003/s10000000258.wav,0
487,wav/low/speaker0006/s10000000489.wav,0
488,wav/low/speaker0002/sst-2_s10000000525.wav,1
489,wav/low/speaker0006/s10000000299.wav,1
490,wav/low/speaker0001/sst-2_s10000000492.wav,0
491,wav/low/speaker0005/sst-2_s10000000377.wav,1
492,wav/low/speaker0002/sst-2_s10000000228.wav,0
493,wav/low/speaker0004/sst-2_s10000000190.wav,0
494,wav/low/speaker0003/s10000000312.wav,1
495,wav/low/speaker0006/s10000000153.wav,1
496,wav/low/speaker0004/sst-2_s10000000031.wav,0
497,wav/low/speaker0006/s10000000152.wav,1
498,wav/low/speaker0003/s10000000509.wav,1
499,wav/low/speaker0003/s10000000182.wav,0
500,wav/low/speaker0005/sst-2_s10000000397.wav,0
501,wav/low/speaker0001/sst-2_s10000000138.wav,0
502,wav/low/speaker0004/sst-2_s10000000371.wav,1
503,wav/low/speaker0002/sst-2_s10000000050.wav,1
504,wav/low/speaker0004/sst-2_s10000000095.wav,1
505,wav/low/speaker0006/s10000000436.wav,0
506,wav/low/speaker0006/s10000000138.wav,0
507,wav/low/speaker0002/sst-2_s10000000481.wav,1
508,wav/low/speaker0001/sst-2_s10000000010.wav,1
509,wav/low/speaker0004/sst-2_s10000000502.wav,0
510,wav/low/speaker0002/sst-2_s10000000436.wav,0
511,wav/low/speaker0003/s10000000110.wav,0
512,wav/low/speaker0005/sst-2_s10000000025.wav,1
513,wav/low/speaker0004/sst-2_s10000000281.wav,1
514,wav/low/speaker0003/s10000000567.wav,1
515,wav/low/speaker0003/s10000000145.wav,1
516,wav/low/speaker0005/sst-2_s10000000104.wav,1
517,wav/low/speaker0002/sst-2_s10000000379.wav,0
518,wav/low/speaker0003/s10000000346.wav,1
519,wav/low/speaker0003/s10000000413.wav,0
520,wav/low/speaker0003/s10000000199.wav,0
521,wav/low/speaker0003/s10000000114.wav,1
522,wav/low/speaker0001/sst-2_s10000000232.wav,1
523,wav/low/speaker0002/sst-2_s10000000242.wav,1
524,wav/low/speaker0001/sst-2_s10000000541.wav,0
525,wav/low/speaker0006/s10000000199.wav,0
526,wav/low/speaker0001/sst-2_s10000000350.wav,0
527,wav/low/speaker0002/sst-2_s10000000139.wav,0
528,wav/low/speaker0006/s10000000591.wav,1
529,wav/low/speaker0001/sst-2_s10000000104.wav,1
530,wav/low/speaker0005/sst-2_s10000000362.wav,1
531,wav/low/speaker0006/s10000000350.wav,0
532,wav/low/speaker0001/sst-2_s10000000489.wav,0
533,wav/low/speaker0002/sst-2_s10000000426.wav,1
534,wav/low/speaker0005/sst-2_s10000000139.wav,0
535,wav/low/speaker0005/sst-2_s10000000114.wav,1
536,wav/low/speaker0006/s10000000325.wav,1
537,wav/low/speaker0004/sst-2_s10000000183.wav,0
538,wav/low/speaker0001/sst-2_s10000000310.wav,1
539,wav/low/speaker0001/sst-2_s10000000204.wav,0
540,wav/low/speaker0006/s10000000433.wav,0
541,wav/low/speaker0004/sst-2_s10000000259.wav,0
542,wav/low/speaker0002/sst-2_s10000000571.wav,1
543,wav/low/speaker0001/sst-2_s10000000497.wav,1
544,wav/low/speaker0004/sst-2_s10000000173.wav,0
545,wav/low/speaker0003/s10000000541.wav,0
546,wav/low/speaker0004/sst-2_s10000000003.wav,0
547,wav/low/speaker0002/sst-2_s10000000463.wav,0
548,wav/low/speaker0004/sst-2_s10000000593.wav,0
549,wav/low/speaker0002/sst-2_s10000000049.wav,1
550,wav/low/speaker0004/sst-2_s10000000242.wav,1
551,wav/low/speaker0001/sst-2_s10000000069.wav,1
552,wav/low/speaker0006/s10000000232.wav,1
553,wav/low/speaker0003/s10000000235.wav,0
554,wav/low/speaker0002/sst-2_s10000000078.wav,0
555,wav/low/speaker0002/sst-2_s10000000121.wav,0
556,wav/low/speaker0003/s10000000010.wav,1
557,wav/low/speaker0001/sst-2_s10000000558.wav,0
558,wav/low/speaker0001/sst-2_s10000000242.wav,1
559,wav/low/speaker0003/s10000000397.wav,0
560,wav/low/speaker0004/sst-2_s10000000163.wav,0
561,wav/low/speaker0001/sst-2_s10000000494.wav,1
562,wav/low/speaker0005/sst-2_s10000000069.wav,1
563,wav/low/speaker0002/sst-2_s10000000402.wav,1
564,wav/low/speaker0006/s10000000060.wav,0
565,wav/low/speaker0003/s10000000365.wav,0
566,wav/low/speaker0004/sst-2_s10000000345.wav,0
567,wav/low/speaker0001/sst-2_s10000000330.wav,0
568,wav/low/speaker0003/s10000000190.wav,0
569,wav/low/speaker0002/sst-2_s10000000346.wav,1
570,wav/low/speaker0004/sst-2_s10000000398.wav,1
571,wav/low/speaker0003/s10000000591.wav,1
572,wav/low/speaker0002/sst-2_s10000000536.wav,1
573,wav/low/speaker0005/sst-2_s10000000181.wav,1
574,wav/low/speaker0006/s10000000431.wav,0
575,wav/low/speaker0005/sst-2_s10000000323.wav,0
576,wav/low/speaker0001/sst-2_s10000000382.wav,0
577,wav/low/speaker0001/sst-2_s10000000152.wav,1
578,wav/low/speaker0002/sst-2_s10000000084.wav,0
579,wav/low/speaker0003/s10000000084.wav,0
580,wav/low/speaker0003/s10000000362.wav,1
581,wav/low/speaker0003/s10000000210.wav,0
582,wav/low/speaker0004/sst-2_s10000000138.wav,0
583,wav/low/speaker0004/sst-2_s10000000562.wav,0
584,wav/low/speaker0005/sst-2_s10000000117.wav,0
585,wav/low/speaker0001/sst-2_s10000000505.wav,0
586,wav/low/speaker0001/sst-2_s10000000365.wav,0
587,wav/low/speaker0001/sst-2_s10000000228.wav,0
588,wav/low/speaker0005/sst-2_s10000000544.wav,0
589,wav/low/speaker0005/sst-2_s10000000259.wav,0
590,wav/low/speaker0001/sst-2_s10000000409.wav,0
591,wav/low/speaker0004/sst-2_s10000000375.wav,0
592,wav/low/speaker0001/sst-2_s10000000111.wav,1
593,wav/low/speaker0004/sst-2_s10000000166.wav,1
594,wav/low/speaker0001/sst-2_s10000000356.wav,1
595,wav/low/speaker0005/sst-2_s10000000492.wav,0
596,wav/low/speaker0002/sst-2_s10000000034.wav,1
597,wav/low/speaker0004/sst-2_s10000000483.wav,1
598,wav/low/speaker0006/s10000000049.wav,1
599,wav/low/speaker0005/sst-2_s10000000242.wav,1
600,wav/low/speaker0001/sst-2_s10000000566.wav,0
601,wav/low/speaker0004/sst-2_s10000000405.wav,0
602,wav/low/speaker0002/sst-2_s10000000492.wav,0
603,wav/low/speaker0006/s10000000196.wav,1
604,wav/low/speaker0006/s10000000395.wav,1
605,wav/low/speaker0003/s10000000181.wav,1
606,wav/low/speaker0003/s10000000384.wav,0
607,wav/low/speaker0003/s10000000409.wav,0
608,wav/low/speaker0005/sst-2_s10000000365.wav,0
609,wav/low/speaker0006/s10000000177.wav,1
610,wav/low/speaker0005/sst-2_s10000000525.wav,1
611,wav/low/speaker0005/sst-2_s10000000034.wav,1
612,wav/low/speaker0004/sst-2_s10000000152.wav,1
613,wav/low/speaker0003/s10000000402.wav,1
614,wav/low/speaker0006/s10000000309.wav,1
615,wav/low/speaker0001/sst-2_s10000000381.wav,0
616,wav/low/speaker0002/sst-2_s10000000210.wav,0
617,wav/low/speaker0002/sst-2_s10000000377.wav,1
618,wav/low/speaker0004/sst-2_s10000000567.wav,1
619,wav/low/speaker0004/sst-2_s10000000078.wav,0
620,wav/low/speaker0006/s10000000210.wav,0
621,wav/low/speaker0002/sst-2_s10000000445.wav,1
622,wav/low/speaker0005/sst-2_s10000000332.wav,0
623,wav/low/speaker0005/sst-2_s10000000581.wav,0
624,wav/low/speaker0001/sst-2_s10000000183.wav,0
625,wav/low/speaker0006/s10000000426.wav,1
626,wav/low/speaker0005/sst-2_s10000000210.wav,0
627,wav/low/speaker0003/s10000000354.wav,1
628,wav/low/speaker0003/s10000000463.wav,0
629,wav/low/speaker0004/sst-2_s10000000377.wav,1
630,wav/low/speaker0001/sst-2_s10000000050.wav,1
631,wav/low/speaker0003/s10000000395.wav,1
632,wav/low/speaker0004/sst-2_s10000000309.wav,1
633,wav/low/speaker0001/sst-2_s10000000402.wav,1
634,wav/low/speaker0006/s10000000483.wav,1
635,wav/low/speaker0004/sst-2_s10000000495.wav,0
636,wav/low/speaker0003/s10000000536.wav,1
637,wav/low/speaker0004/sst-2_s10000000114.wav,1
638,wav/low/speaker0006/s10000000095.wav,1
639,wav/low/speaker0001/sst-2_s10000000190.wav,0
640,wav/low/speaker0004/sst-2_s10000000379.wav,0
641,wav/low/speaker0005/sst-2_s10000000371.wav,1
642,wav/low/speaker0002/sst-2_s10000000382.wav,0
643,wav/low/speaker0005/sst-2_s10000000265.wav,1
644,wav/low/speaker0004/sst-2_s10000000492.wav,0
645,wav/low/speaker0003/s10000000003.wav,0
646,wav/low/speaker0006/s10000000260.wav,0
647,wav/low/speaker0002/sst-2_s10000000438.wav,0
648,wav/low/speaker0006/s10000000379.wav,0
649,wav/low/speaker0006/s10000000114.wav,1
650,wav/low/speaker0002/sst-2_s10000000114.wav,1
651,wav/low/speaker0005/sst-2_s10000000505.wav,0
652,wav/low/speaker0002/sst-2_s10000000345.wav,0
653,wav/low/speaker0006/s10000000121.wav,0
654,wav/low/speaker0002/sst-2_s10000000307.wav,0
655,wav/low/speaker0001/sst-2_s10000000500.wav,1
656,wav/low/speaker0001/sst-2_s10000000593.wav,0
657,wav/low/speaker0004/sst-2_s10000000354.wav,1
658,wav/low/speaker0006/s10000000375.wav,0
659,wav/low/speaker0003/s10000000031.wav,0
660,wav/low/speaker0005/sst-2_s10000000500.wav,1
661,wav/low/speaker0006/s10000000402.wav,1
662,wav/low/speaker0006/s10000000031.wav,0
663,wav/low/speaker0001/sst-2_s10000000258.wav,0
664,wav/low/speaker0002/sst-2_s10000000163.wav,0
665,wav/low/speaker0002/sst-2_s10000000181.wav,1
666,wav/low/speaker0001/sst-2_s10000000413.wav,0
667,wav/low/speaker0006/s10000000544.wav,0
668,wav/low/speaker0005/sst-2_s10000000481.wav,1
669,wav/low/speaker0004/sst-2_s10000000581.wav,0
670,wav/low/speaker0006/s10000000345.wav,0
671,wav/low/speaker0003/s10000000049.wav,1
672,wav/low/speaker0005/sst-2_s10000000598.wav,0
673,wav/low/speaker0006/s10000000307.wav,0
674,wav/low/speaker0002/sst-2_s10000000494.wav,1
675,wav/low/speaker0004/sst-2_s10000000060.wav,0
676,wav/low/speaker0003/s10000000505.wav,0
677,wav/low/speaker0002/sst-2_s10000000010.wav,1
678,wav/low/speaker0002/sst-2_s10000000310.wav,1
679,wav/low/speaker0005/sst-2_s10000000199.wav,0
680,wav/low/speaker0002/sst-2_s10000000244.wav,0
681,wav/low/speaker0006/s10000000581.wav,0
682,wav/low/speaker0001/sst-2_s10000000163.wav,0
683,wav/low/speaker0002/sst-2_s10000000060.wav,0
684,wav/low/speaker0001/sst-2_s10000000181.wav,1
685,wav/low/speaker0004/sst-2_s10000000445.wav,1
686,wav/low/speaker0006/s10000000311.wav,1
687,wav/low/speaker0002/sst-2_s10000000153.wav,1
688,wav/low/speaker0005/sst-2_s10000000382.wav,0
689,wav/low/speaker0004/sst-2_s10000000084.wav,0
690,wav/low/speaker0006/s10000000050.wav,1
691,wav/low/speaker0004/sst-2_s10000000244.wav,0
692,wav/low/speaker0001/sst-2_s10000000078.wav,0
693,wav/low/speaker0002/sst-2_s10000000280.wav,0
694,wav/low/speaker0006/s10000000438.wav,0
695,wav/low/speaker0002/sst-2_s10000000325.wav,1
696,wav/low/speaker0001/sst-2_s10000000397.wav,0
697,wav/low/speaker0001/sst-2_s10000000384.wav,0
698,wav/low/speaker0004/sst-2_s10000000053.wav,1
699,wav/low/speaker0006/s10000000145.wav,1
700,wav/low/speaker0001/sst-2_s10000000317.wav,0
701,wav/low/speaker0003/s10000000242.wav,1
702,wav/low/speaker0006/s10000000078.wav,0
703,wav/low/speaker0004/sst-2_s10000000384.wav,0
704,wav/low/speaker0003/s10000000349.wav,0
705,wav/low/speaker0001/sst-2_s10000000235.wav,0
706,wav/low/speaker0003/s10000000300.wav,0
707,wav/low/speaker0001/sst-2_s10000000260.wav,0
708,wav/low/speaker0006/s10000000312.wav,1
709,wav/low/speaker0002/sst-2_s10000000155.wav,0
710,wav/low/speaker0001/sst-2_s10000000084.wav,0
711,wav/low/speaker0003/s10000000271.wav,0
712,wav/low/speaker0006/s10000000281.wav,1
713,wav/low/speaker0005/sst-2_s10000000145.wav,1
714,wav/low/speaker0006/s10000000349.wav,0
715,wav/low/speaker0005/sst-2_s10000000232.wav,1
716,wav/low/speaker0004/sst-2_s10000000008.wav,0
717,wav/low/speaker0004/sst-2_s10000000196.wav,1
718,wav/low/speaker0002/sst-2_s10000000529.wav,0
719,wav/low/speaker0001/sst-2_s10000000375.wav,0
720,wav/low/speaker0005/sst-2_s10000000350.wav,0
721,wav/low/speaker0001/sst-2_s10000000259.wav,0
722,wav/low/speaker0003/s10000000095.wav,1
723,wav/low/speaker0006/s10000000562.wav,0
724,wav/low/speaker0006/s10000000104.wav,1
725,wav/low/speaker0005/sst-2_s10000000489.wav,0
726,wav/low/speaker0004/sst-2_s10000000536.wav,1
727,wav/low/speaker0006/s10000000183.wav,0
728,wav/low/speaker0005/sst-2_s10000000120.wav,0
729,wav/low/speaker0004/sst-2_s10000000509.wav,1
730,wav/low/speaker0001/sst-2_s10000000060.wav,0
731,wav/low/speaker0001/sst-2_s10000000095.wav,1
732,wav/low/speaker0004/sst-2_s10000000616.wav,1
733,wav/low/speaker0006/s10000000105.wav,1
734,wav/low/speaker0005/sst-2_s10000000431.wav,0
735,wav/low/speaker0001/sst-2_s10000000388.wav,1
736,wav/low/speaker0001/sst-2_s10000000405.wav,0
737,wav/low/speaker0001/sst-2_s10000000046.wav,0
738,wav/low/speaker0003/s10000000323.wav,0
739,wav/low/speaker0005/sst-2_s10000000508.wav,1
740,wav/low/speaker0006/s10000000242.wav,1
741,wav/low/speaker0003/s10000000008.wav,0
742,wav/low/speaker0004/sst-2_s10000000433.wav,0
743,wav/low/speaker0006/s10000000500.wav,1
744,wav/low/speaker0006/s10000000204.wav,0
745,wav/low/speaker0006/s10000000111.wav,1
746,wav/low/speaker0002/sst-2_s10000000598.wav,0
747,wav/low/speaker0005/sst-2_s10000000330.wav,0
748,wav/low/speaker0001/sst-2_s10000000362.wav,1
749,wav/low/speaker0006/s10000000228.wav,0
750,wav/low/speaker0003/s10000000104.wav,1
751,wav/low/speaker0002/sst-2_s10000000166.wav,1
752,wav/low/speaker0005/sst-2_s10000000317.wav,0
753,wav/low/speaker0002/sst-2_s10000000265.wav,1
754,wav/low/speaker0003/s10000000260.wav,0
755,wav/low/speaker0005/sst-2_s10000000346.wav,1
756,wav/low/speaker0005/sst-2_s10000000105.wav,1
757,wav/low/speaker0001/sst-2_s10000000210.wav,0
758,wav/low/speaker0002/sst-2_s10000000330.wav,0
759,wav/low/speaker0001/sst-2_s10000000395.wav,1
760,wav/low/speaker0005/sst-2_s10000000004.wav,1
761,wav/low/speaker0002/sst-2_s10000000566.wav,0
762,wav/low/speaker0002/sst-2_s10000000026.wav,1
763,wav/low/speaker0004/sst-2_s10000000209.wav,1
764,wav/low/speaker0002/sst-2_s10000000593.wav,0
765,wav/low/speaker0004/sst-2_s10000000199.wav,0
766,wav/low/speaker0005/sst-2_s10000000111.wav,1
767,wav/low/speaker0004/sst-2_s10000000121.wav,0
768,wav/low/speaker0002/sst-2_s10000000118.wav,1
769,wav/low/speaker0003/s10000000436.wav,0
770,wav/low/speaker0006/s10000000481.wav,1
771,wav/low/speaker0003/s10000000229.wav,1
772,wav/low/speaker0002/sst-2_s10000000030.wav,0
773,wav/low/speaker0001/sst-2_s10000000433.wav,0
774,wav/low/speaker0005/sst-2_s10000000388.wav,1
775,wav/low/speaker0002/sst-2_s10000000069.wav,1
776,wav/low/speaker0004/sst-2_s10000000395.wav,1
777,wav/low/speaker0003/s10000000177.wav,1
778,wav/low/speaker0002/sst-2_s10000000568.wav,0
779,wav/low/speaker0004/sst-2_s10000000529.wav,0
780,wav/low/speaker0003/s10000000585.wav,0
781,wav/low/speaker0004/sst-2_s10000000541.wav,0
782,wav/low/speaker0006/s10000000371.wav,1
783,wav/low/speaker0001/sst-2_s10000000049.wav,1
784,wav/low/speaker0005/sst-2_s10000000281.wav,1
785,wav/low/speaker0005/sst-2_s10000000026.wav,1
786,wav/low/speaker0006/s10000000110.wav,0
787,wav/low/speaker0004/sst-2_s10000000145.wav,1
788,wav/low/speaker0003/s10000000332.wav,0
789,wav/low/speaker0003/s10000000152.wav,1
790,wav/low/speaker0001/sst-2_s10000000341.wav,1
791,wav/low/speaker0005/sst-2_s10000000204.wav,0
792,wav/low/speaker0001/sst-2_s10000000481.wav,1
793,wav/low/speaker0004/sst-2_s10000000258.wav,0
794,wav/low/speaker0005/sst-2_s10000000300.wav,0
795,wav/low/speaker0002/sst-2_s10000000395.wav,1
796,wav/low/speaker0003/s10000000025.wav,1
797,wav/low/speaker0005/sst-2_s10000000084.wav,0
798,wav/low/speaker0004/sst-2_s10000000118.wav,1
799,wav/low/speaker0002/sst-2_s10000000299.wav,1
800,wav/low/speaker0002/sst-2_s10000000541.wav,0
801,wav/low/speaker0004/sst-2_s10000000500.wav,1
802,wav/low/speaker0001/sst-2_s10000000229.wav,1
803,wav/low/speaker0002/sst-2_s10000000398.wav,1
804,wav/low/speaker0001/sst-2_s10000000309.wav,1
805,wav/low/speaker0003/s10000000494.wav,1
806,wav/low/speaker0005/sst-2_s10000000049.wav,1
807,wav/low/speaker0004/sst-2_s10000000245.wav,1
808,wav/low/speaker0002/sst-2_s10000000508.wav,1
809,wav/low/speaker0001/sst-2_s10000000536.wav,1
810,wav/low/speaker0004/sst-2_s10000000034.wav,1
811,wav/low/speaker0006/s10000000507.wav,1
812,wav/low/speaker0003/s10000000350.wav,0
813,wav/low/speaker0004/sst-2_s10000000120.wav,0
814,wav/low/speaker0001/sst-2_s10000000117.wav,0
815,wav/low/speaker0005/sst-2_s10000000497.wav,1
816,wav/low/speaker0004/sst-2_s10000000069.wav,1
817,wav/low/speaker0002/sst-2_s10000000483.wav,1
818,wav/low/speaker0004/sst-2_s10000000585.wav,0
819,wav/low/speaker0006/s10000000084.wav,0
820,wav/low/speaker0001/sst-2_s10000000568.wav,0
821,wav/low/speaker0005/sst-2_s10000000050.wav,1
822,wav/low/speaker0002/sst-2_s10000000183.wav,0
823,wav/low/speaker0005/sst-2_s10000000190.wav,0
824,wav/low/speaker0003/s10000000552.wav,0
825,wav/low/speaker0005/sst-2_s10000000483.wav,1
826,wav/low/speaker0003/s10000000281.wav,1
827,wav/low/speaker0002/sst-2_s10000000567.wav,1
