,path,label
0,wav/high/speaker0006/s10000000566.wav,0
1,wav/high/speaker0005/s10000000502.wav,0
2,wav/high/speaker0004/s10000000426.wav,1
3,wav/high/speaker0005/s10000000585.wav,0
4,wav/high/speaker0005/s10000000166.wav,1
5,wav/high/speaker0003/s10000000078.wav,0
6,wav/high/speaker0003/s10000000371.wav,1
7,wav/high/speaker0004/s10000000591.wav,1
8,wav/high/speaker0002/s10000000104.wav,1
9,wav/high/speaker0002/s10000000235.wav,0
10,wav/high/speaker0004/s10000000110.wav,0
11,wav/high/speaker0004/s10000000525.wav,1
12,wav/high/speaker0005/s10000000558.wav,0
13,wav/high/speaker0001/s10000000053.wav,1
14,wav/high/speaker0001/s10000000323.wav,0
15,wav/high/speaker0003/s10000000069.wav,1
16,wav/high/speaker0006/s10000000280.wav,0
17,wav/high/speaker0006/s10000000341.wav,1
18,wav/high/speaker0006/s10000000397.wav,0
19,wav/high/speaker0002/s10000000258.wav,0
20,wav/high/speaker0003/s10000000026.wav,1
21,wav/high/speaker0003/s10000000105.wav,1
22,wav/high/speaker0001/s10000000509.wav,1
23,wav/high/speaker0005/s10000000384.wav,0
24,wav/high/speaker0002/s10000000259.wav,0
25,wav/high/speaker0001/s10000000426.wav,1
26,wav/high/speaker0003/s10000000325.wav,1
27,wav/high/speaker0004/s10000000332.wav,0
28,wav/high/speaker0002/s10000000502.wav,0
29,wav/high/speaker0006/s10000000053.wav,1
30,wav/high/speaker0002/s10000000003.wav,0
31,wav/high/speaker0005/s10000000060.wav,0
32,wav/high/speaker0004/s10000000302.wav,1
33,wav/high/speaker0006/s10000000173.wav,0
34,wav/high/speaker0005/s10000000566.wav,0
35,wav/high/speaker0001/s10000000354.wav,1
36,wav/high/speaker0005/s10000000354.wav,1
37,wav/high/speaker0006/s10000000492.wav,0
38,wav/high/speaker0006/s10000000346.wav,1
39,wav/high/speaker0006/s10000000332.wav,0
40,wav/high/speaker0001/s10000000436.wav,0
41,wav/high/speaker0006/s10000000120.wav,0
42,wav/high/speaker0004/s10000000431.wav,0
43,wav/high/speaker0002/s10000000332.wav,0
44,wav/high/speaker0004/s10000000381.wav,0
45,wav/high/speaker0006/s10000000117.wav,0
46,wav/high/speaker0006/s10000000413.wav,0
47,wav/high/speaker0001/s10000000529.wav,0
48,wav/high/speaker0002/s10000000045.wav,1
49,wav/high/speaker0002/s10000000585.wav,0
50,wav/high/speaker0001/s10000000581.wav,0
51,wav/high/speaker0001/s10000000030.wav,0
52,wav/high/speaker0001/s10000000025.wav,1
53,wav/high/speaker0003/s10000000377.wav,1
54,wav/high/speaker0002/s10000000317.wav,0
55,wav/high/speaker0001/s10000000562.wav,0
56,wav/high/speaker0005/s10000000433.wav,0
57,wav/high/speaker0006/s10000000552.wav,0
58,wav/high/speaker0003/s10000000398.wav,1
59,wav/high/speaker0006/s10000000567.wav,1
60,wav/high/speaker0002/s10000000388.wav,1
61,wav/high/speaker0006/s10000000030.wav,0
62,wav/high/speaker0001/s10000000508.wav,1
63,wav/high/speaker0003/s10000000030.wav,0
64,wav/high/speaker0004/s10000000004.wav,1
65,wav/high/speaker0003/s10000000317.wav,0
66,wav/high/speaker0005/s10000000310.wav,1
67,wav/high/speaker0003/s10000000598.wav,0
68,wav/high/speaker0006/s10000000541.wav,0
69,wav/high/speaker0003/s10000000121.wav,0
70,wav/high/speaker0004/s10000000271.wav,0
71,wav/high/speaker0005/s10000000307.wav,0
72,wav/high/speaker0003/s10000000568.wav,0
73,wav/high/speaker0001/s10000000008.wav,0
74,wav/high/speaker0006/s10000000139.wav,0
75,wav/high/speaker0003/s10000000426.wav,1
76,wav/high/speaker0001/s10000000445.wav,1
77,wav/high/speaker0001/s10000000591.wav,1
78,wav/high/speaker0006/s10000000365.wav,0
79,wav/high/speaker0001/s10000000398.wav,1
80,wav/high/speaker0003/s10000000562.wav,0
81,wav/high/speaker0003/s10000000405.wav,0
82,wav/high/speaker0003/s10000000593.wav,0
83,wav/high/speaker0005/s10000000616.wav,1
84,wav/high/speaker0002/s10000000031.wav,0
85,wav/high/speaker0001/s10000000280.wav,0
86,wav/high/speaker0003/s10000000299.wav,1
87,wav/high/speaker0002/s10000000311.wav,1
88,wav/high/speaker0005/s10000000173.wav,0
89,wav/high/speaker0003/s10000000356.wav,1
90,wav/high/speaker0002/s10000000229.wav,1
91,wav/high/speaker0004/s10000000325.wav,1
92,wav/high/speaker0001/s10000000544.wav,0
93,wav/high/speaker0004/s10000000505.wav,0
94,wav/high/speaker0005/s10000000008.wav,0
95,wav/high/speaker0005/s10000000235.wav,0
96,wav/high/speaker0006/s10000000008.wav,0
97,wav/high/speaker0001/s10000000502.wav,0
98,wav/high/speaker0002/s10000000405.wav,0
99,wav/high/speaker0003/s10000000500.wav,1
100,wav/high/speaker0001/s10000000300.wav,0
101,wav/high/speaker0005/s10000000209.wav,1
102,wav/high/speaker0004/s10000000046.wav,0
103,wav/high/speaker0005/s10000000541.wav,0
104,wav/high/speaker0004/s10000000177.wav,1
105,wav/high/speaker0005/s10000000131.wav,1
106,wav/high/speaker0002/s10000000008.wav,0
107,wav/high/speaker0003/s10000000558.wav,0
108,wav/high/speaker0005/s10000000509.wav,1
109,wav/high/speaker0004/s10000000111.wav,1
110,wav/high/speaker0002/s10000000095.wav,1
111,wav/high/speaker0002/s10000000356.wav,1
112,wav/high/speaker0001/s10000000463.wav,0
113,wav/high/speaker0002/s10000000341.wav,1
114,wav/high/speaker0006/s10000000166.wav,1
115,wav/high/speaker0005/s10000000118.wav,1
116,wav/high/speaker0001/s10000000131.wav,1
117,wav/high/speaker0006/s10000000377.wav,1
118,wav/high/speaker0001/s10000000139.wav,0
119,wav/high/speaker0003/s10000000481.wav,1
120,wav/high/speaker0003/s10000000382.wav,0
121,wav/high/speaker0005/s10000000349.wav,0
122,wav/high/speaker0002/s10000000271.wav,0
123,wav/high/speaker0004/s10000000025.wav,1
124,wav/high/speaker0004/s10000000026.wav,1
125,wav/high/speaker0005/s10000000375.wav,0
126,wav/high/speaker0005/s10000000402.wav,1
127,wav/high/speaker0002/s10000000111.wav,1
128,wav/high/speaker0001/s10000000182.wav,0
129,wav/high/speaker0001/s10000000155.wav,0
130,wav/high/speaker0002/s10000000371.wav,1
131,wav/high/speaker0001/s10000000495.wav,0
132,wav/high/speaker0002/s10000000138.wav,0
133,wav/high/speaker0001/s10000000325.wav,1
134,wav/high/speaker0004/s10000000280.wav,0
135,wav/high/speaker0006/s10000000259.wav,0
136,wav/high/speaker0005/s10000000436.wav,0
137,wav/high/speaker0006/s10000000445.wav,1
138,wav/high/speaker0005/s10000000228.wav,0
139,wav/high/speaker0001/s10000000349.wav,0
140,wav/high/speaker0006/s10000000509.wav,1
141,wav/high/speaker0003/s10000000581.wav,0
142,wav/high/speaker0001/s10000000034.wav,1
143,wav/high/speaker0006/s10000000069.wav,1
144,wav/high/speaker0005/s10000000309.wav,1
145,wav/high/speaker0003/s10000000163.wav,0
146,wav/high/speaker0003/s10000000381.wav,0
147,wav/high/speaker0002/s10000000409.wav,0
148,wav/high/speaker0005/s10000000529.wav,0
149,wav/high/speaker0001/s10000000379.wav,0
150,wav/high/speaker0006/s10000000536.wav,1
151,wav/high/speaker0001/s10000000307.wav,0
152,wav/high/speaker0004/s10000000382.wav,0
153,wav/high/speaker0005/s10000000395.wav,1
154,wav/high/speaker0003/s10000000502.wav,0
155,wav/high/speaker0005/s10000000311.wav,1
156,wav/high/speaker0001/s10000000026.wav,1
157,wav/high/speaker0006/s10000000026.wav,1
158,wav/high/speaker0001/s10000000003.wav,0
159,wav/high/speaker0004/s10000000310.wav,1
160,wav/high/speaker0005/s10000000356.wav,1
161,wav/high/speaker0004/s10000000139.wav,0
162,wav/high/speaker0004/s10000000598.wav,0
163,wav/high/speaker0005/s10000000591.wav,1
164,wav/high/speaker0004/s10000000463.wav,0
165,wav/high/speaker0001/s10000000371.wav,1
166,wav/high/speaker0002/s10000000260.wav,0
167,wav/high/speaker0006/s10000000409.wav,0
168,wav/high/speaker0005/s10000000536.wav,1
169,wav/high/speaker0004/s10000000300.wav,0
170,wav/high/speaker0006/s10000000494.wav,1
171,wav/high/speaker0006/s10000000525.wav,1
172,wav/high/speaker0006/s10000000045.wav,1
173,wav/high/speaker0001/s10000000377.wav,1
174,wav/high/speaker0004/s10000000388.wav,1
175,wav/high/speaker0006/s10000000593.wav,0
176,wav/high/speaker0004/s10000000341.wav,1
177,wav/high/speaker0003/s10000000483.wav,1
178,wav/high/speaker0006/s10000000003.wav,0
179,wav/high/speaker0003/s10000000379.wav,0
180,wav/high/speaker0002/s10000000375.wav,0
181,wav/high/speaker0002/s10000000349.wav,0
182,wav/high/speaker0001/s10000000332.wav,0
183,wav/high/speaker0003/s10000000004.wav,1
184,wav/high/speaker0004/s10000000049.wav,1
185,wav/high/speaker0006/s10000000046.wav,0
186,wav/high/speaker0005/s10000000593.wav,0
187,wav/high/speaker0004/s10000000104.wav,1
188,wav/high/speaker0002/s10000000509.wav,1
189,wav/high/speaker0002/s10000000025.wav,1
190,wav/high/speaker0002/s10000000312.wav,1
191,wav/high/speaker0006/s10000000384.wav,0
192,wav/high/speaker0006/s10000000398.wav,1
193,wav/high/speaker0003/s10000000566.wav,0
194,wav/high/speaker0005/s10000000552.wav,0
195,wav/high/speaker0003/s10000000433.wav,0
196,wav/high/speaker0006/s10000000463.wav,0
197,wav/high/speaker0001/s10000000114.wav,1
198,wav/high/speaker0005/s10000000299.wav,1
199,wav/high/speaker0002/s10000000209.wav,1
200,wav/high/speaker0005/s10000000271.wav,0
201,wav/high/speaker0001/s10000000281.wav,1
202,wav/high/speaker0001/s10000000312.wav,1
203,wav/high/speaker0006/s10000000300.wav,0
204,wav/high/speaker0001/s10000000177.wav,1
205,wav/high/speaker0004/s10000000045.wav,1
206,wav/high/speaker0005/s10000000245.wav,1
207,wav/high/speaker0004/s10000000571.wav,1
208,wav/high/speaker0006/s10000000182.wav,0
209,wav/high/speaker0006/s10000000616.wav,1
210,wav/high/speaker0006/s10000000362.wav,1
211,wav/high/speaker0002/s10000000232.wav,1
212,wav/high/speaker0002/s10000000117.wav,0
213,wav/high/speaker0003/s10000000034.wav,1
214,wav/high/speaker0002/s10000000120.wav,0
215,wav/high/speaker0003/s10000000341.wav,1
216,wav/high/speaker0003/s10000000173.wav,0
217,wav/high/speaker0003/s10000000571.wav,1
218,wav/high/speaker0005/s10000000138.wav,0
219,wav/high/speaker0003/s10000000045.wav,1
220,wav/high/speaker0006/s10000000302.wav,1
221,wav/high/speaker0004/s10000000552.wav,0
222,wav/high/speaker0004/s10000000436.wav,0
223,wav/high/speaker0002/s10000000245.wav,1
224,wav/high/speaker0006/s10000000497.wav,1
225,wav/high/speaker0005/s10000000095.wav,1
226,wav/high/speaker0005/s10000000155.wav,0
227,wav/high/speaker0001/s10000000552.wav,0
228,wav/high/speaker0001/s10000000302.wav,1
229,wav/high/speaker0001/s10000000166.wav,1
230,wav/high/speaker0004/s10000000409.wav,0
231,wav/high/speaker0001/s10000000199.wav,0
232,wav/high/speaker0005/s10000000152.wav,1
233,wav/high/speaker0003/s10000000330.wav,0
234,wav/high/speaker0003/s10000000345.wav,0
235,wav/high/speaker0003/s10000000046.wav,0
236,wav/high/speaker0004/s10000000438.wav,0
237,wav/high/speaker0002/s10000000581.wav,0
238,wav/high/speaker0005/s10000000260.wav,0
239,wav/high/speaker0001/s10000000431.wav,0
240,wav/high/speaker0001/s10000000483.wav,1
241,wav/high/speaker0001/s10000000196.wav,1
242,wav/high/speaker0001/s10000000110.wav,0
243,wav/high/speaker0002/s10000000204.wav,0
244,wav/high/speaker0002/s10000000051.wav,0
245,wav/high/speaker0005/s10000000046.wav,0
246,wav/high/speaker0004/s10000000568.wav,0
247,wav/high/speaker0002/s10000000145.wav,1
248,wav/high/speaker0002/s10000000562.wav,0
249,wav/high/speaker0006/s10000000502.wav,0
250,wav/high/speaker0002/s10000000616.wav,1
251,wav/high/speaker0005/s10000000280.wav,0
252,wav/high/speaker0001/s10000000153.wav,1
253,wav/high/speaker0003/s10000000544.wav,0
254,wav/high/speaker0005/s10000000341.wav,1
255,wav/high/speaker0005/s10000000078.wav,0
256,wav/high/speaker0003/s10000000053.wav,1
257,wav/high/speaker0003/s10000000244.wav,0
258,wav/high/speaker0005/s10000000031.wav,0
259,wav/high/speaker0001/s10000000031.wav,0
260,wav/high/speaker0005/s10000000567.wav,1
261,wav/high/speaker0002/s10000000489.wav,0
262,wav/high/speaker0003/s10000000204.wav,0
263,wav/high/speaker0004/s10000000397.wav,0
264,wav/high/speaker0006/s10000000381.wav,0
265,wav/high/speaker0002/s10000000004.wav,1
266,wav/high/speaker0004/s10000000350.wav,0
267,wav/high/speaker0002/s10000000384.wav,0
268,wav/high/speaker0002/s10000000591.wav,1
269,wav/high/speaker0002/s10000000558.wav,0
270,wav/high/speaker0003/s10000000111.wav,1
271,wav/high/speaker0003/s10000000375.wav,0
272,wav/high/speaker0003/s10000000060.wav,0
273,wav/high/speaker0002/s10000000281.wav,1
274,wav/high/speaker0002/s10000000397.wav,0
275,wav/high/speaker0006/s10000000382.wav,0
276,wav/high/speaker0002/s10000000131.wav,1
277,wav/high/speaker0001/s10000000585.wav,0
278,wav/high/speaker0001/s10000000271.wav,0
279,wav/high/speaker0005/s10000000426.wav,1
280,wav/high/speaker0002/s10000000505.wav,0
281,wav/high/speaker0005/s10000000196.wav,1
282,wav/high/speaker0002/s10000000173.wav,0
283,wav/high/speaker0004/s10000000153.wav,1
284,wav/high/speaker0001/s10000000346.wav,1
285,wav/high/speaker0004/s10000000030.wav,0
286,wav/high/speaker0006/s10000000495.wav,0
287,wav/high/speaker0006/s10000000323.wav,0
288,wav/high/speaker0004/s10000000299.wav,1
289,wav/high/speaker0005/s10000000438.wav,0
290,wav/high/speaker0003/s10000000131.wav,1
291,wav/high/speaker0002/s10000000199.wav,0
292,wav/high/speaker0006/s10000000598.wav,0
293,wav/high/speaker0006/s10000000271.wav,0
294,wav/high/speaker0006/s10000000004.wav,1
295,wav/high/speaker0004/s10000000181.wav,1
296,wav/high/speaker0003/s10000000232.wav,1
297,wav/high/speaker0003/s10000000280.wav,0
298,wav/high/speaker0006/s10000000235.wav,0
299,wav/high/speaker0006/s10000000118.wav,1
300,wav/high/speaker0003/s10000000120.wav,0
301,wav/high/speaker0004/s10000000494.wav,1
302,wav/high/speaker0005/s10000000494.wav,1
303,wav/high/speaker0006/s10000000505.wav,0
304,wav/high/speaker0006/s10000000265.wav,1
305,wav/high/speaker0001/s10000000105.wav,1
306,wav/high/speaker0006/s10000000568.wav,0
307,wav/high/speaker0004/s10000000307.wav,0
308,wav/high/speaker0005/s10000000051.wav,0
309,wav/high/speaker0003/s10000000209.wav,1
310,wav/high/speaker0004/s10000000051.wav,0
311,wav/high/speaker0005/s10000000568.wav,0
312,wav/high/speaker0002/s10000000190.wav,0
313,wav/high/speaker0005/s10000000562.wav,0
314,wav/high/speaker0005/s10000000312.wav,1
315,wav/high/speaker0002/s10000000431.wav,0
316,wav/high/speaker0003/s10000000050.wav,1
317,wav/high/speaker0004/s10000000204.wav,0
318,wav/high/speaker0005/s10000000153.wav,1
319,wav/high/speaker0006/s10000000317.wav,0
320,wav/high/speaker0002/s10000000046.wav,0
321,wav/high/speaker0002/s10000000362.wav,1
322,wav/high/speaker0003/s10000000265.wav,1
323,wav/high/speaker0005/s10000000163.wav,0
324,wav/high/speaker0003/s10000000388.wav,1
325,wav/high/speaker0004/s10000000413.wav,0
326,wav/high/speaker0001/s10000000045.wav,1
327,wav/high/speaker0005/s10000000003.wav,0
328,wav/high/speaker0003/s10000000259.wav,0
329,wav/high/speaker0006/s10000000330.wav,0
330,wav/high/speaker0002/s10000000544.wav,0
331,wav/high/speaker0002/s10000000433.wav,0
332,wav/high/speaker0003/s10000000118.wav,1
333,wav/high/speaker0002/s10000000196.wav,1
334,wav/high/speaker0003/s10000000311.wav,1
335,wav/high/speaker0002/s10000000413.wav,0
336,wav/high/speaker0003/s10000000492.wav,0
337,wav/high/speaker0003/s10000000138.wav,0
338,wav/high/speaker0003/s10000000310.wav,1
339,wav/high/speaker0004/s10000000229.wav,1
340,wav/high/speaker0003/s10000000616.wav,1
341,wav/high/speaker0003/s10000000228.wav,0
342,wav/high/speaker0003/s10000000166.wav,1
343,wav/high/speaker0005/s10000000325.wav,1
344,wav/high/speaker0004/s10000000489.wav,0
345,wav/high/speaker0002/s10000000053.wav,1
346,wav/high/speaker0005/s10000000244.wav,0
347,wav/high/speaker0003/s10000000309.wav,1
348,wav/high/speaker0006/s10000000163.wav,0
349,wav/high/speaker0002/s10000000182.wav,0
350,wav/high/speaker0004/s10000000105.wav,1
351,wav/high/speaker0001/s10000000598.wav,0
352,wav/high/speaker0004/s10000000349.wav,0
353,wav/high/speaker0006/s10000000388.wav,1
354,wav/high/speaker0005/s10000000345.wav,0
355,wav/high/speaker0004/s10000000317.wav,0
356,wav/high/speaker0001/s10000000311.wav,1
357,wav/high/speaker0005/s10000000030.wav,0
358,wav/high/speaker0001/s10000000525.wav,1
359,wav/high/speaker0004/s10000000365.wav,0
360,wav/high/speaker0006/s10000000010.wav,1
361,wav/high/speaker0005/s10000000183.wav,0
362,wav/high/speaker0005/s10000000182.wav,0
363,wav/high/speaker0002/s10000000365.wav,0
364,wav/high/speaker0002/s10000000110.wav,0
365,wav/high/speaker0003/s10000000497.wav,1
366,wav/high/speaker0002/s10000000500.wav,1
367,wav/high/speaker0002/s10000000309.wav,1
368,wav/high/speaker0001/s10000000120.wav,0
369,wav/high/speaker0005/s10000000177.wav,1
370,wav/high/speaker0006/s10000000405.wav,0
371,wav/high/speaker0002/s10000000300.wav,0
372,wav/high/speaker0004/s10000000346.wav,1
373,wav/high/speaker0003/s10000000489.wav,0
374,wav/high/speaker0003/s10000000139.wav,0
375,wav/high/speaker0004/s10000000544.wav,0
376,wav/high/speaker0005/s10000000053.wav,1
377,wav/high/speaker0003/s10000000155.wav,0
378,wav/high/speaker0004/s10000000260.wav,0
379,wav/high/speaker0002/s10000000350.wav,0
380,wav/high/speaker0001/s10000000571.wav,1
381,wav/high/speaker0004/s10000000311.wav,1
382,wav/high/speaker0006/s10000000310.wav,1
383,wav/high/speaker0004/s10000000566.wav,0
384,wav/high/speaker0005/s10000000405.wav,0
385,wav/high/speaker0006/s10000000571.wav,1
386,wav/high/speaker0004/s10000000131.wav,1
387,wav/high/speaker0005/s10000000302.wav,1
388,wav/high/speaker0006/s10000000034.wav,1
389,wav/high/speaker0006/s10000000354.wav,1
390,wav/high/speaker0002/s10000000381.wav,0
391,wav/high/speaker0001/s10000000121.wav,0
392,wav/high/speaker0003/s10000000507.wav,1
393,wav/high/speaker0004/s10000000508.wav,1
394,wav/high/speaker0001/s10000000245.wav,1
395,wav/high/speaker0004/s10000000155.wav,0
396,wav/high/speaker0003/s10000000431.wav,0
397,wav/high/speaker0004/s10000000232.wav,1
398,wav/high/speaker0006/s10000000209.wav,1
399,wav/high/speaker0005/s10000000121.wav,0
400,wav/high/speaker0002/s10000000552.wav,0
401,wav/high/speaker0003/s10000000445.wav,1
402,wav/high/speaker0004/s10000000050.wav,1
403,wav/high/speaker0003/s10000000529.wav,0
404,wav/high/speaker0006/s10000000508.wav,1
405,wav/high/speaker0005/s10000000571.wav,1
406,wav/high/speaker0005/s10000000010.wav,1
407,wav/high/speaker0003/s10000000183.wav,0
408,wav/high/speaker0004/s10000000497.wav,1
409,wav/high/speaker0006/s10000000155.wav,0
410,wav/high/speaker0002/s10000000302.wav,1
411,wav/high/speaker0005/s10000000258.wav,0
412,wav/high/speaker0001/s10000000345.wav,0
413,wav/high/speaker0003/s10000000051.wav,0
414,wav/high/speaker0006/s10000000051.wav,0
415,wav/high/speaker0002/s10000000507.wav,1
416,wav/high/speaker0006/s10000000190.wav,0
417,wav/high/speaker0001/s10000000173.wav,0
418,wav/high/speaker0005/s10000000409.wav,0
419,wav/high/speaker0003/s10000000508.wav,1
420,wav/high/speaker0006/s10000000585.wav,0
421,wav/high/speaker0004/s10000000362.wav,1
422,wav/high/speaker0001/s10000000145.wav,1
423,wav/high/speaker0003/s10000000495.wav,0
424,wav/high/speaker0001/s10000000507.wav,1
425,wav/high/speaker0004/s10000000182.wav,0
426,wav/high/speaker0001/s10000000051.wav,0
427,wav/high/speaker0004/s10000000402.wav,1
428,wav/high/speaker0001/s10000000118.wav,1
429,wav/high/speaker0006/s10000000229.wav,1
430,wav/high/speaker0002/s10000000495.wav,0
431,wav/high/speaker0004/s10000000356.wav,1
432,wav/high/speaker0004/s10000000117.wav,0
433,wav/high/speaker0002/s10000000105.wav,1
434,wav/high/speaker0006/s10000000529.wav,0
435,wav/high/speaker0004/s10000000210.wav,0
436,wav/high/speaker0004/s10000000330.wav,0
437,wav/high/speaker0006/s10000000025.wav,1
438,wav/high/speaker0005/s10000000445.wav,1
439,wav/high/speaker0001/s10000000438.wav,0
440,wav/high/speaker0004/s10000000558.wav,0
441,wav/high/speaker0004/s10000000265.wav,1
442,wav/high/speaker0005/s10000000413.wav,0
443,wav/high/speaker0006/s10000000558.wav,0
444,wav/high/speaker0002/s10000000323.wav,0
445,wav/high/speaker0002/s10000000152.wav,1
446,wav/high/speaker0001/s10000000616.wav,1
447,wav/high/speaker0003/s10000000307.wav,0
448,wav/high/speaker0004/s10000000481.wav,1
449,wav/high/speaker0001/s10000000265.wav,1
450,wav/high/speaker0005/s10000000110.wav,0
451,wav/high/speaker0005/s10000000398.wav,1
452,wav/high/speaker0003/s10000000438.wav,0
453,wav/high/speaker0006/s10000000245.wav,1
454,wav/high/speaker0001/s10000000299.wav,1
455,wav/high/speaker0001/s10000000244.wav,0
456,wav/high/speaker0005/s10000000229.wav,1
457,wav/high/speaker0002/s10000000177.wav,1
458,wav/high/speaker0005/s10000000379.wav,0
459,wav/high/speaker0005/s10000000463.wav,0
460,wav/high/speaker0004/s10000000228.wav,0
461,wav/high/speaker0006/s10000000181.wav,1
462,wav/high/speaker0004/s10000000312.wav,1
463,wav/high/speaker0002/s10000000354.wav,1
464,wav/high/speaker0001/s10000000004.wav,1
465,wav/high/speaker0006/s10000000356.wav,1
466,wav/high/speaker0002/s10000000497.wav,1
467,wav/high/speaker0005/s10000000495.wav,0
468,wav/high/speaker0006/s10000000258.wav,0
469,wav/high/speaker0003/s10000000525.wav,1
470,wav/high/speaker0003/s10000000245.wav,1
471,wav/high/speaker0005/s10000000381.wav,0
472,wav/high/speaker0004/s10000000235.wav,0
473,wav/high/speaker0001/s10000000567.wav,1
474,wav/high/speaker0004/s10000000010.wav,1
475,wav/high/speaker0003/s10000000117.wav,0
476,wav/high/speaker0005/s10000000507.wav,1
477,wav/high/speaker0003/s10000000302.wav,1
478,wav/high/speaker0006/s10000000244.wav,0
479,wav/high/speaker0006/s10000000131.wav,1
480,wav/high/speaker0003/s10000000196.wav,1
481,wav/high/speaker0005/s10000000045.wav,1
482,wav/high/speaker0004/s10000000507.wav,1
483,wav/high/speaker0001/s10000000209.wav,1
484,wav/high/speaker0004/s10000000323.wav,0
485,wav/high/speaker0003/s10000000153.wav,1
486,wav/high/speaker0003/s10000000258.wav,0
487,wav/high/speaker0006/s10000000489.wav,0
488,wav/high/speaker0002/s10000000525.wav,1
489,wav/high/speaker0006/s10000000299.wav,1
490,wav/high/speaker0001/s10000000492.wav,0
491,wav/high/speaker0005/s10000000377.wav,1
492,wav/high/speaker0002/s10000000228.wav,0
493,wav/high/speaker0004/s10000000190.wav,0
494,wav/high/speaker0003/s10000000312.wav,1
495,wav/high/speaker0006/s10000000153.wav,1
496,wav/high/speaker0004/s10000000031.wav,0
497,wav/high/speaker0006/s10000000152.wav,1
498,wav/high/speaker0003/s10000000509.wav,1
499,wav/high/speaker0003/s10000000182.wav,0
500,wav/high/speaker0005/s10000000397.wav,0
501,wav/high/speaker0001/s10000000138.wav,0
502,wav/high/speaker0004/s10000000371.wav,1
503,wav/high/speaker0002/s10000000050.wav,1
504,wav/high/speaker0004/s10000000095.wav,1
505,wav/high/speaker0006/s10000000436.wav,0
506,wav/high/speaker0006/s10000000138.wav,0
507,wav/high/speaker0002/s10000000481.wav,1
508,wav/high/speaker0001/s10000000010.wav,1
509,wav/high/speaker0004/s10000000502.wav,0
510,wav/high/speaker0002/s10000000436.wav,0
511,wav/high/speaker0003/s10000000110.wav,0
512,wav/high/speaker0005/s10000000025.wav,1
513,wav/high/speaker0004/s10000000281.wav,1
514,wav/high/speaker0003/s10000000567.wav,1
515,wav/high/speaker0003/s10000000145.wav,1
516,wav/high/speaker0005/s10000000104.wav,1
517,wav/high/speaker0002/s10000000379.wav,0
518,wav/high/speaker0003/s10000000346.wav,1
519,wav/high/speaker0003/s10000000413.wav,0
520,wav/high/speaker0003/s10000000199.wav,0
521,wav/high/speaker0003/s10000000114.wav,1
522,wav/high/speaker0001/s10000000232.wav,1
523,wav/high/speaker0002/s10000000242.wav,1
524,wav/high/speaker0001/s10000000541.wav,0
525,wav/high/speaker0006/s10000000199.wav,0
526,wav/high/speaker0001/s10000000350.wav,0
527,wav/high/speaker0002/s10000000139.wav,0
528,wav/high/speaker0006/s10000000591.wav,1
529,wav/high/speaker0001/s10000000104.wav,1
530,wav/high/speaker0005/s10000000362.wav,1
531,wav/high/speaker0006/s10000000350.wav,0
532,wav/high/speaker0001/s10000000489.wav,0
533,wav/high/speaker0002/s10000000426.wav,1
534,wav/high/speaker0005/s10000000139.wav,0
535,wav/high/speaker0005/s10000000114.wav,1
536,wav/high/speaker0006/s10000000325.wav,1
537,wav/high/speaker0004/s10000000183.wav,0
538,wav/high/speaker0001/s10000000310.wav,1
539,wav/high/speaker0001/s10000000204.wav,0
540,wav/high/speaker0006/s10000000433.wav,0
541,wav/high/speaker0004/s10000000259.wav,0
542,wav/high/speaker0002/s10000000571.wav,1
543,wav/high/speaker0001/s10000000497.wav,1
544,wav/high/speaker0004/s10000000173.wav,0
545,wav/high/speaker0003/s10000000541.wav,0
546,wav/high/speaker0004/s10000000003.wav,0
547,wav/high/speaker0002/s10000000463.wav,0
548,wav/high/speaker0004/s10000000593.wav,0
549,wav/high/speaker0002/s10000000049.wav,1
550,wav/high/speaker0004/s10000000242.wav,1
551,wav/high/speaker0001/s10000000069.wav,1
552,wav/high/speaker0006/s10000000232.wav,1
553,wav/high/speaker0003/s10000000235.wav,0
554,wav/high/speaker0002/s10000000078.wav,0
555,wav/high/speaker0002/s10000000121.wav,0
556,wav/high/speaker0003/s10000000010.wav,1
557,wav/high/speaker0001/s10000000558.wav,0
558,wav/high/speaker0001/s10000000242.wav,1
559,wav/high/speaker0003/s10000000397.wav,0
560,wav/high/speaker0004/s10000000163.wav,0
561,wav/high/speaker0001/s10000000494.wav,1
562,wav/high/speaker0005/s10000000069.wav,1
563,wav/high/speaker0002/s10000000402.wav,1
564,wav/high/speaker0006/s10000000060.wav,0
565,wav/high/speaker0003/s10000000365.wav,0
566,wav/high/speaker0004/s10000000345.wav,0
567,wav/high/speaker0001/s10000000330.wav,0
568,wav/high/speaker0003/s10000000190.wav,0
569,wav/high/speaker0002/s10000000346.wav,1
570,wav/high/speaker0004/s10000000398.wav,1
571,wav/high/speaker0003/s10000000591.wav,1
572,wav/high/speaker0002/s10000000536.wav,1
573,wav/high/speaker0005/s10000000181.wav,1
574,wav/high/speaker0006/s10000000431.wav,0
575,wav/high/speaker0005/s10000000323.wav,0
576,wav/high/speaker0001/s10000000382.wav,0
577,wav/high/speaker0001/s10000000152.wav,1
578,wav/high/speaker0002/s10000000084.wav,0
579,wav/high/speaker0003/s10000000084.wav,0
580,wav/high/speaker0003/s10000000362.wav,1
581,wav/high/speaker0003/s10000000210.wav,0
582,wav/high/speaker0004/s10000000138.wav,0
583,wav/high/speaker0004/s10000000562.wav,0
584,wav/high/speaker0005/s10000000117.wav,0
585,wav/high/speaker0001/s10000000505.wav,0
586,wav/high/speaker0001/s10000000365.wav,0
587,wav/high/speaker0001/s10000000228.wav,0
588,wav/high/speaker0005/s10000000544.wav,0
589,wav/high/speaker0005/s10000000259.wav,0
590,wav/high/speaker0001/s10000000409.wav,0
591,wav/high/speaker0004/s10000000375.wav,0
592,wav/high/speaker0001/s10000000111.wav,1
593,wav/high/speaker0004/s10000000166.wav,1
594,wav/high/speaker0001/s10000000356.wav,1
595,wav/high/speaker0005/s10000000492.wav,0
596,wav/high/speaker0002/s10000000034.wav,1
597,wav/high/speaker0004/s10000000483.wav,1
598,wav/high/speaker0006/s10000000049.wav,1
599,wav/high/speaker0005/s10000000242.wav,1
600,wav/high/speaker0001/s10000000566.wav,0
601,wav/high/speaker0004/s10000000405.wav,0
602,wav/high/speaker0002/s10000000492.wav,0
603,wav/high/speaker0006/s10000000196.wav,1
604,wav/high/speaker0006/s10000000395.wav,1
605,wav/high/speaker0003/s10000000181.wav,1
606,wav/high/speaker0003/s10000000384.wav,0
607,wav/high/speaker0003/s10000000409.wav,0
608,wav/high/speaker0005/s10000000365.wav,0
609,wav/high/speaker0006/s10000000177.wav,1
610,wav/high/speaker0005/s10000000525.wav,1
611,wav/high/speaker0005/s10000000034.wav,1
612,wav/high/speaker0004/s10000000152.wav,1
613,wav/high/speaker0003/s10000000402.wav,1
614,wav/high/speaker0006/s10000000309.wav,1
615,wav/high/speaker0001/s10000000381.wav,0
616,wav/high/speaker0002/s10000000210.wav,0
617,wav/high/speaker0002/s10000000377.wav,1
618,wav/high/speaker0004/s10000000567.wav,1
619,wav/high/speaker0004/s10000000078.wav,0
620,wav/high/speaker0006/s10000000210.wav,0
621,wav/high/speaker0002/s10000000445.wav,1
622,wav/high/speaker0005/s10000000332.wav,0
623,wav/high/speaker0005/s10000000581.wav,0
624,wav/high/speaker0001/s10000000183.wav,0
625,wav/high/speaker0006/s10000000426.wav,1
626,wav/high/speaker0005/s10000000210.wav,0
627,wav/high/speaker0003/s10000000354.wav,1
628,wav/high/speaker0003/s10000000463.wav,0
629,wav/high/speaker0004/s10000000377.wav,1
630,wav/high/speaker0001/s10000000050.wav,1
631,wav/high/speaker0003/s10000000395.wav,1
632,wav/high/speaker0004/s10000000309.wav,1
633,wav/high/speaker0001/s10000000402.wav,1
634,wav/high/speaker0006/s10000000483.wav,1
635,wav/high/speaker0004/s10000000495.wav,0
636,wav/high/speaker0003/s10000000536.wav,1
637,wav/high/speaker0004/s10000000114.wav,1
638,wav/high/speaker0006/s10000000095.wav,1
639,wav/high/speaker0001/s10000000190.wav,0
640,wav/high/speaker0004/s10000000379.wav,0
641,wav/high/speaker0005/s10000000371.wav,1
642,wav/high/speaker0002/s10000000382.wav,0
643,wav/high/speaker0005/s10000000265.wav,1
644,wav/high/speaker0004/s10000000492.wav,0
645,wav/high/speaker0003/s10000000003.wav,0
646,wav/high/speaker0006/s10000000260.wav,0
647,wav/high/speaker0002/s10000000438.wav,0
648,wav/high/speaker0006/s10000000379.wav,0
649,wav/high/speaker0006/s10000000114.wav,1
650,wav/high/speaker0002/s10000000114.wav,1
651,wav/high/speaker0005/s10000000505.wav,0
652,wav/high/speaker0002/s10000000345.wav,0
653,wav/high/speaker0006/s10000000121.wav,0
654,wav/high/speaker0002/s10000000307.wav,0
655,wav/high/speaker0001/s10000000500.wav,1
656,wav/high/speaker0001/s10000000593.wav,0
657,wav/high/speaker0004/s10000000354.wav,1
658,wav/high/speaker0006/s10000000375.wav,0
659,wav/high/speaker0003/s10000000031.wav,0
660,wav/high/speaker0005/s10000000500.wav,1
661,wav/high/speaker0006/s10000000402.wav,1
662,wav/high/speaker0006/s10000000031.wav,0
663,wav/high/speaker0001/s10000000258.wav,0
664,wav/high/speaker0002/s10000000163.wav,0
665,wav/high/speaker0002/s10000000181.wav,1
666,wav/high/speaker0001/s10000000413.wav,0
667,wav/high/speaker0006/s10000000544.wav,0
668,wav/high/speaker0005/s10000000481.wav,1
669,wav/high/speaker0004/s10000000581.wav,0
670,wav/high/speaker0006/s10000000345.wav,0
671,wav/high/speaker0003/s10000000049.wav,1
672,wav/high/speaker0005/s10000000598.wav,0
673,wav/high/speaker0006/s10000000307.wav,0
674,wav/high/speaker0002/s10000000494.wav,1
675,wav/high/speaker0004/s10000000060.wav,0
676,wav/high/speaker0003/s10000000505.wav,0
677,wav/high/speaker0002/s10000000010.wav,1
678,wav/high/speaker0002/s10000000310.wav,1
679,wav/high/speaker0005/s10000000199.wav,0
680,wav/high/speaker0002/s10000000244.wav,0
681,wav/high/speaker0006/s10000000581.wav,0
682,wav/high/speaker0001/s10000000163.wav,0
683,wav/high/speaker0002/s10000000060.wav,0
684,wav/high/speaker0001/s10000000181.wav,1
685,wav/high/speaker0004/s10000000445.wav,1
686,wav/high/speaker0006/s10000000311.wav,1
687,wav/high/speaker0002/s10000000153.wav,1
688,wav/high/speaker0005/s10000000382.wav,0
689,wav/high/speaker0004/s10000000084.wav,0
690,wav/high/speaker0006/s10000000050.wav,1
691,wav/high/speaker0004/s10000000244.wav,0
692,wav/high/speaker0001/s10000000078.wav,0
693,wav/high/speaker0002/s10000000280.wav,0
694,wav/high/speaker0006/s10000000438.wav,0
695,wav/high/speaker0002/s10000000325.wav,1
696,wav/high/speaker0001/s10000000397.wav,0
697,wav/high/speaker0001/s10000000384.wav,0
698,wav/high/speaker0004/s10000000053.wav,1
699,wav/high/speaker0006/s10000000145.wav,1
700,wav/high/speaker0001/s10000000317.wav,0
701,wav/high/speaker0003/s10000000242.wav,1
702,wav/high/speaker0006/s10000000078.wav,0
703,wav/high/speaker0004/s10000000384.wav,0
704,wav/high/speaker0003/s10000000349.wav,0
705,wav/high/speaker0001/s10000000235.wav,0
706,wav/high/speaker0003/s10000000300.wav,0
707,wav/high/speaker0001/s10000000260.wav,0
708,wav/high/speaker0006/s10000000312.wav,1
709,wav/high/speaker0002/s10000000155.wav,0
710,wav/high/speaker0001/s10000000084.wav,0
711,wav/high/speaker0003/s10000000271.wav,0
712,wav/high/speaker0006/s10000000281.wav,1
713,wav/high/speaker0005/s10000000145.wav,1
714,wav/high/speaker0006/s10000000349.wav,0
715,wav/high/speaker0005/s10000000232.wav,1
716,wav/high/speaker0004/s10000000008.wav,0
717,wav/high/speaker0004/s10000000196.wav,1
718,wav/high/speaker0002/s10000000529.wav,0
719,wav/high/speaker0001/s10000000375.wav,0
720,wav/high/speaker0005/s10000000350.wav,0
721,wav/high/speaker0001/s10000000259.wav,0
722,wav/high/speaker0003/s10000000095.wav,1
723,wav/high/speaker0006/s10000000562.wav,0
724,wav/high/speaker0006/s10000000104.wav,1
725,wav/high/speaker0005/s10000000489.wav,0
726,wav/high/speaker0004/s10000000536.wav,1
727,wav/high/speaker0006/s10000000183.wav,0
728,wav/high/speaker0005/s10000000120.wav,0
729,wav/high/speaker0004/s10000000509.wav,1
730,wav/high/speaker0001/s10000000060.wav,0
731,wav/high/speaker0001/s10000000095.wav,1
732,wav/high/speaker0004/s10000000616.wav,1
733,wav/high/speaker0006/s10000000105.wav,1
734,wav/high/speaker0005/s10000000431.wav,0
735,wav/high/speaker0001/s10000000388.wav,1
736,wav/high/speaker0001/s10000000405.wav,0
737,wav/high/speaker0001/s10000000046.wav,0
738,wav/high/speaker0003/s10000000323.wav,0
739,wav/high/speaker0005/s10000000508.wav,1
740,wav/high/speaker0006/s10000000242.wav,1
741,wav/high/speaker0003/s10000000008.wav,0
742,wav/high/speaker0004/s10000000433.wav,0
743,wav/high/speaker0006/s10000000500.wav,1
744,wav/high/speaker0006/s10000000204.wav,0
745,wav/high/speaker0006/s10000000111.wav,1
746,wav/high/speaker0002/s10000000598.wav,0
747,wav/high/speaker0005/s10000000330.wav,0
748,wav/high/speaker0001/s10000000362.wav,1
749,wav/high/speaker0006/s10000000228.wav,0
750,wav/high/speaker0003/s10000000104.wav,1
751,wav/high/speaker0002/s10000000166.wav,1
752,wav/high/speaker0005/s10000000317.wav,0
753,wav/high/speaker0002/s10000000265.wav,1
754,wav/high/speaker0003/s10000000260.wav,0
755,wav/high/speaker0005/s10000000346.wav,1
756,wav/high/speaker0005/s10000000105.wav,1
757,wav/high/speaker0001/s10000000210.wav,0
758,wav/high/speaker0002/s10000000330.wav,0
759,wav/high/speaker0001/s10000000395.wav,1
760,wav/high/speaker0005/s10000000004.wav,1
761,wav/high/speaker0002/s10000000566.wav,0
762,wav/high/speaker0002/s10000000026.wav,1
763,wav/high/speaker0004/s10000000209.wav,1
764,wav/high/speaker0002/s10000000593.wav,0
765,wav/high/speaker0004/s10000000199.wav,0
766,wav/high/speaker0005/s10000000111.wav,1
767,wav/high/speaker0004/s10000000121.wav,0
768,wav/high/speaker0002/s10000000118.wav,1
769,wav/high/speaker0003/s10000000436.wav,0
770,wav/high/speaker0006/s10000000481.wav,1
771,wav/high/speaker0003/s10000000229.wav,1
772,wav/high/speaker0002/s10000000030.wav,0
773,wav/high/speaker0001/s10000000433.wav,0
774,wav/high/speaker0005/s10000000388.wav,1
775,wav/high/speaker0002/s10000000069.wav,1
776,wav/high/speaker0004/s10000000395.wav,1
777,wav/high/speaker0003/s10000000177.wav,1
778,wav/high/speaker0002/s10000000568.wav,0
779,wav/high/speaker0004/s10000000529.wav,0
780,wav/high/speaker0003/s10000000585.wav,0
781,wav/high/speaker0004/s10000000541.wav,0
782,wav/high/speaker0006/s10000000371.wav,1
783,wav/high/speaker0001/s10000000049.wav,1
784,wav/high/speaker0005/s10000000281.wav,1
785,wav/high/speaker0005/s10000000026.wav,1
786,wav/high/speaker0006/s10000000110.wav,0
787,wav/high/speaker0004/s10000000145.wav,1
788,wav/high/speaker0003/s10000000332.wav,0
789,wav/high/speaker0003/s10000000152.wav,1
790,wav/high/speaker0001/s10000000341.wav,1
791,wav/high/speaker0005/s10000000204.wav,0
792,wav/high/speaker0001/s10000000481.wav,1
793,wav/high/speaker0004/s10000000258.wav,0
794,wav/high/speaker0005/s10000000300.wav,0
795,wav/high/speaker0002/s10000000395.wav,1
796,wav/high/speaker0003/s10000000025.wav,1
797,wav/high/speaker0005/s10000000084.wav,0
798,wav/high/speaker0004/s10000000118.wav,1
799,wav/high/speaker0002/s10000000299.wav,1
800,wav/high/speaker0002/s10000000541.wav,0
801,wav/high/speaker0004/s10000000500.wav,1
802,wav/high/speaker0001/s10000000229.wav,1
803,wav/high/speaker0002/s10000000398.wav,1
804,wav/high/speaker0001/s10000000309.wav,1
805,wav/high/speaker0003/s10000000494.wav,1
806,wav/high/speaker0005/s10000000049.wav,1
807,wav/high/speaker0004/s10000000245.wav,1
808,wav/high/speaker0002/s10000000508.wav,1
809,wav/high/speaker0001/s10000000536.wav,1
810,wav/high/speaker0004/s10000000034.wav,1
811,wav/high/speaker0006/s10000000507.wav,1
812,wav/high/speaker0003/s10000000350.wav,0
813,wav/high/speaker0004/s10000000120.wav,0
814,wav/high/speaker0001/s10000000117.wav,0
815,wav/high/speaker0005/s10000000497.wav,1
816,wav/high/speaker0004/s10000000069.wav,1
817,wav/high/speaker0002/s10000000483.wav,1
818,wav/high/speaker0004/s10000000585.wav,0
819,wav/high/speaker0006/s10000000084.wav,0
820,wav/high/speaker0001/s10000000568.wav,0
821,wav/high/speaker0005/s10000000050.wav,1
822,wav/high/speaker0002/s10000000183.wav,0
823,wav/high/speaker0005/s10000000190.wav,0
824,wav/high/speaker0003/s10000000552.wav,0
825,wav/high/speaker0005/s10000000483.wav,1
826,wav/high/speaker0003/s10000000281.wav,1
827,wav/high/speaker0002/s10000000567.wav,1
