,path,path2,label
0,wav/high/speaker0001/s10000000138.wav,wav/high/speaker0001/s20000000138.wav,2.5
1,wav/high/speaker0002/s10000000085.wav,wav/high/speaker0002/s20000000085.wav,0.8
2,wav/high/speaker0005/s10000000154.wav,wav/high/speaker0005/s20000000154.wav,0.2
3,wav/high/speaker0006/s10000000151.wav,wav/high/speaker0006/s20000000151.wav,3.6
4,wav/high/speaker0001/s10000000127.wav,wav/high/speaker0001/s20000000127.wav,0.0
5,wav/high/speaker0003/s10000000138.wav,wav/high/speaker0003/s20000000138.wav,2.5
6,wav/high/speaker0006/s10000000146.wav,wav/high/speaker0006/s20000000146.wav,1.25
7,wav/high/speaker0004/s10000000265.wav,wav/high/speaker0004/s20000000265.wav,3.6
8,wav/high/speaker0002/s10000000184.wav,wav/high/speaker0002/s20000000184.wav,3.0
9,wav/high/speaker0005/s10000000092.wav,wav/high/speaker0005/s20000000092.wav,1.6
10,wav/high/speaker0002/s10000000033.wav,wav/high/speaker0002/s20000000033.wav,5.0
11,wav/high/speaker0001/s10000000095.wav,wav/high/speaker0001/s20000000095.wav,2.6
12,wav/high/speaker0006/s10000000046.wav,wav/high/speaker0006/s20000000046.wav,0.25
13,wav/high/speaker0003/s10000000204.wav,wav/high/speaker0003/s20000000204.wav,0.4
14,wav/high/speaker0005/s10000000140.wav,wav/high/speaker0005/s20000000140.wav,1.6
15,wav/high/speaker0004/s10000000000.wav,wav/high/speaker0004/s20000000000.wav,5.0
16,wav/high/speaker0001/s10000000264.wav,wav/high/speaker0001/s20000000264.wav,4.2
17,wav/high/speaker0001/s10000000140.wav,wav/high/speaker0001/s20000000140.wav,1.6
18,wav/high/speaker0004/s10000000231.wav,wav/high/speaker0004/s20000000231.wav,0.1
19,wav/high/speaker0005/s10000000000.wav,wav/high/speaker0005/s20000000000.wav,5.0
20,wav/high/speaker0003/s10000000144.wav,wav/high/speaker0003/s20000000144.wav,5.0
21,wav/high/speaker0005/s10000000097.wav,wav/high/speaker0005/s20000000097.wav,0.0
22,wav/high/speaker0003/s10000000051.wav,wav/high/speaker0003/s20000000051.wav,3.8
23,wav/high/speaker0005/s10000000066.wav,wav/high/speaker0005/s20000000066.wav,4.0
24,wav/high/speaker0004/s10000000234.wav,wav/high/speaker0004/s20000000234.wav,3.75
25,wav/high/speaker0002/s10000000280.wav,wav/high/speaker0002/s20000000280.wav,2.2
26,wav/high/speaker0001/s10000000019.wav,wav/high/speaker0001/s20000000019.wav,0.636
27,wav/high/speaker0001/s10000000099.wav,wav/high/speaker0001/s20000000099.wav,3.0
28,wav/high/speaker0006/s10000000271.wav,wav/high/speaker0006/s20000000271.wav,3.6
29,wav/high/speaker0003/s10000000238.wav,wav/high/speaker0003/s20000000238.wav,5.0
30,wav/high/speaker0001/s10000000306.wav,wav/high/speaker0001/s20000000306.wav,4.6
31,wav/high/speaker0006/s10000000339.wav,wav/high/speaker0006/s20000000339.wav,2.4
32,wav/high/speaker0006/s10000000349.wav,wav/high/speaker0006/s20000000349.wav,3.4
33,wav/high/speaker0001/s10000000194.wav,wav/high/speaker0001/s20000000194.wav,2.333
34,wav/high/speaker0002/s10000000342.wav,wav/high/speaker0002/s20000000342.wav,3.0
35,wav/high/speaker0003/s10000000147.wav,wav/high/speaker0003/s20000000147.wav,3.0
36,wav/high/speaker0005/s10000000162.wav,wav/high/speaker0005/s20000000162.wav,4.4
37,wav/high/speaker0001/s10000000058.wav,wav/high/speaker0001/s20000000058.wav,3.8
38,wav/high/speaker0001/s10000000000.wav,wav/high/speaker0001/s20000000000.wav,5.0
39,wav/high/speaker0001/s10000000179.wav,wav/high/speaker0001/s20000000179.wav,2.2
40,wav/high/speaker0006/s10000000332.wav,wav/high/speaker0006/s20000000332.wav,3.6
41,wav/high/speaker0006/s10000000139.wav,wav/high/speaker0006/s20000000139.wav,3.824
42,wav/high/speaker0005/s10000000050.wav,wav/high/speaker0005/s20000000050.wav,0.5
43,wav/high/speaker0006/s10000000168.wav,wav/high/speaker0006/s20000000168.wav,0.833
44,wav/high/speaker0001/s10000000021.wav,wav/high/speaker0001/s20000000021.wav,1.714
45,wav/high/speaker0005/s10000000288.wav,wav/high/speaker0005/s20000000288.wav,0.0
46,wav/high/speaker0004/s10000000326.wav,wav/high/speaker0004/s20000000326.wav,3.6
47,wav/high/speaker0001/s10000000125.wav,wav/high/speaker0001/s20000000125.wav,2.5
48,wav/high/speaker0005/s10000000147.wav,wav/high/speaker0005/s20000000147.wav,3.0
49,wav/high/speaker0001/s10000000283.wav,wav/high/speaker0001/s20000000283.wav,4.4
50,wav/high/speaker0004/s10000000309.wav,wav/high/speaker0004/s20000000309.wav,3.2
51,wav/high/speaker0005/s10000000209.wav,wav/high/speaker0005/s20000000209.wav,0.5
52,wav/high/speaker0006/s10000000345.wav,wav/high/speaker0006/s20000000345.wav,2.0
53,wav/high/speaker0002/s10000000069.wav,wav/high/speaker0002/s20000000069.wav,4.25
54,wav/high/speaker0001/s10000000075.wav,wav/high/speaker0001/s20000000075.wav,4.0
55,wav/high/speaker0005/s10000000304.wav,wav/high/speaker0005/s20000000304.wav,4.4
56,wav/high/speaker0004/s10000000179.wav,wav/high/speaker0004/s20000000179.wav,2.2
57,wav/high/speaker0002/s10000000043.wav,wav/high/speaker0002/s20000000043.wav,3.0
58,wav/high/speaker0003/s10000000265.wav,wav/high/speaker0003/s20000000265.wav,3.6
59,wav/high/speaker0004/s10000000099.wav,wav/high/speaker0004/s20000000099.wav,3.0
60,wav/high/speaker0003/s10000000025.wav,wav/high/speaker0003/s20000000025.wav,1.917
61,wav/high/speaker0003/s10000000198.wav,wav/high/speaker0003/s20000000198.wav,3.75
62,wav/high/speaker0006/s10000000028.wav,wav/high/speaker0006/s20000000028.wav,1.0
63,wav/high/speaker0003/s10000000139.wav,wav/high/speaker0003/s20000000139.wav,3.824
64,wav/high/speaker0004/s10000000242.wav,wav/high/speaker0004/s20000000242.wav,0.0
65,wav/high/speaker0002/s10000000079.wav,wav/high/speaker0002/s20000000079.wav,2.75
66,wav/high/speaker0001/s10000000096.wav,wav/high/speaker0001/s20000000096.wav,0.6
67,wav/high/speaker0006/s10000000195.wav,wav/high/speaker0006/s20000000195.wav,0.8
68,wav/high/speaker0001/s10000000038.wav,wav/high/speaker0001/s20000000038.wav,4.2
69,wav/high/speaker0005/s10000000006.wav,wav/high/speaker0005/s20000000006.wav,5.0
70,wav/high/speaker0004/s10000000257.wav,wav/high/speaker0004/s20000000257.wav,4.0
71,wav/high/speaker0005/s10000000283.wav,wav/high/speaker0005/s20000000283.wav,4.4
72,wav/high/speaker0004/s10000000025.wav,wav/high/speaker0004/s20000000025.wav,1.917
73,wav/high/speaker0002/s10000000037.wav,wav/high/speaker0002/s20000000037.wav,5.0
74,wav/high/speaker0002/s10000000284.wav,wav/high/speaker0002/s20000000284.wav,0.0
75,wav/high/speaker0002/s10000000140.wav,wav/high/speaker0002/s20000000140.wav,1.6
76,wav/high/speaker0004/s10000000033.wav,wav/high/speaker0004/s20000000033.wav,5.0
77,wav/high/speaker0006/s10000000347.wav,wav/high/speaker0006/s20000000347.wav,2.2
78,wav/high/speaker0004/s10000000013.wav,wav/high/speaker0004/s20000000013.wav,5.0
79,wav/high/speaker0002/s10000000028.wav,wav/high/speaker0002/s20000000028.wav,1.0
80,wav/high/speaker0005/s10000000234.wav,wav/high/speaker0005/s20000000234.wav,3.75
81,wav/high/speaker0002/s10000000164.wav,wav/high/speaker0002/s20000000164.wav,0.778
82,wav/high/speaker0003/s10000000206.wav,wav/high/speaker0003/s20000000206.wav,2.5
83,wav/high/speaker0005/s10000000163.wav,wav/high/speaker0005/s20000000163.wav,3.25
84,wav/high/speaker0004/s10000000053.wav,wav/high/speaker0004/s20000000053.wav,5.0
85,wav/high/speaker0003/s10000000305.wav,wav/high/speaker0003/s20000000305.wav,0.8
86,wav/high/speaker0005/s10000000168.wav,wav/high/speaker0005/s20000000168.wav,0.833
87,wav/high/speaker0004/s10000000205.wav,wav/high/speaker0004/s20000000205.wav,0.75
88,wav/high/speaker0001/s10000000091.wav,wav/high/speaker0001/s20000000091.wav,2.8
89,wav/high/speaker0003/s10000000248.wav,wav/high/speaker0003/s20000000248.wav,2.2
90,wav/high/speaker0002/s10000000348.wav,wav/high/speaker0002/s20000000348.wav,2.2
91,wav/high/speaker0004/s10000000040.wav,wav/high/speaker0004/s20000000040.wav,3.6
92,wav/high/speaker0004/s10000000288.wav,wav/high/speaker0004/s20000000288.wav,0.0
93,wav/high/speaker0006/s10000000071.wav,wav/high/speaker0006/s20000000071.wav,1.0
94,wav/high/speaker0002/s10000000127.wav,wav/high/speaker0002/s20000000127.wav,0.0
95,wav/high/speaker0006/s10000000058.wav,wav/high/speaker0006/s20000000058.wav,3.8
96,wav/high/speaker0004/s10000000282.wav,wav/high/speaker0004/s20000000282.wav,3.2
97,wav/high/speaker0001/s10000000026.wav,wav/high/speaker0001/s20000000026.wav,4.25
98,wav/high/speaker0003/s10000000296.wav,wav/high/speaker0003/s20000000296.wav,2.6
99,wav/high/speaker0005/s10000000346.wav,wav/high/speaker0005/s20000000346.wav,4.0
100,wav/high/speaker0004/s10000000168.wav,wav/high/speaker0004/s20000000168.wav,0.833
101,wav/high/speaker0004/s10000000238.wav,wav/high/speaker0004/s20000000238.wav,5.0
102,wav/high/speaker0006/s10000000050.wav,wav/high/speaker0006/s20000000050.wav,0.5
103,wav/high/speaker0002/s10000000179.wav,wav/high/speaker0002/s20000000179.wav,2.2
104,wav/high/speaker0003/s10000000081.wav,wav/high/speaker0003/s20000000081.wav,0.0
105,wav/high/speaker0002/s10000000325.wav,wav/high/speaker0002/s20000000325.wav,2.0
106,wav/high/speaker0002/s10000000318.wav,wav/high/speaker0002/s20000000318.wav,4.0
107,wav/high/speaker0002/s10000000209.wav,wav/high/speaker0002/s20000000209.wav,0.5
108,wav/high/speaker0006/s10000000174.wav,wav/high/speaker0006/s20000000174.wav,3.4
109,wav/high/speaker0006/s10000000256.wav,wav/high/speaker0006/s20000000256.wav,0.4
110,wav/high/speaker0002/s10000000309.wav,wav/high/speaker0002/s20000000309.wav,3.2
111,wav/high/speaker0006/s10000000056.wav,wav/high/speaker0006/s20000000056.wav,0.6
112,wav/high/speaker0005/s10000000224.wav,wav/high/speaker0005/s20000000224.wav,3.8
113,wav/high/speaker0005/s10000000026.wav,wav/high/speaker0005/s20000000026.wav,4.25
114,wav/high/speaker0002/s10000000306.wav,wav/high/speaker0002/s20000000306.wav,4.6
115,wav/high/speaker0006/s10000000074.wav,wav/high/speaker0006/s20000000074.wav,0.4
116,wav/high/speaker0004/s10000000151.wav,wav/high/speaker0004/s20000000151.wav,3.6
117,wav/high/speaker0005/s10000000178.wav,wav/high/speaker0005/s20000000178.wav,2.75
118,wav/high/speaker0002/s10000000120.wav,wav/high/speaker0002/s20000000120.wav,1.0
119,wav/high/speaker0002/s10000000152.wav,wav/high/speaker0002/s20000000152.wav,4.857
120,wav/high/speaker0006/s10000000194.wav,wav/high/speaker0006/s20000000194.wav,2.333
121,wav/high/speaker0003/s10000000347.wav,wav/high/speaker0003/s20000000347.wav,2.2
122,wav/high/speaker0005/s10000000037.wav,wav/high/speaker0005/s20000000037.wav,5.0
123,wav/high/speaker0006/s10000000008.wav,wav/high/speaker0006/s20000000008.wav,3.75
124,wav/high/speaker0001/s10000000296.wav,wav/high/speaker0001/s20000000296.wav,2.6
125,wav/high/speaker0002/s10000000154.wav,wav/high/speaker0002/s20000000154.wav,0.2
126,wav/high/speaker0002/s10000000171.wav,wav/high/speaker0002/s20000000171.wav,4.333
127,wav/high/speaker0003/s10000000318.wav,wav/high/speaker0003/s20000000318.wav,4.0
128,wav/high/speaker0004/s10000000339.wav,wav/high/speaker0004/s20000000339.wav,2.4
129,wav/high/speaker0001/s10000000279.wav,wav/high/speaker0001/s20000000279.wav,0.8
130,wav/high/speaker0001/s10000000271.wav,wav/high/speaker0001/s20000000271.wav,3.6
131,wav/high/speaker0004/s10000000064.wav,wav/high/speaker0004/s20000000064.wav,3.8
132,wav/high/speaker0001/s10000000221.wav,wav/high/speaker0001/s20000000221.wav,0.2
133,wav/high/speaker0001/s10000000209.wav,wav/high/speaker0001/s20000000209.wav,0.5
134,wav/high/speaker0006/s10000000292.wav,wav/high/speaker0006/s20000000292.wav,0.6
135,wav/high/speaker0002/s10000000058.wav,wav/high/speaker0002/s20000000058.wav,3.8
136,wav/high/speaker0004/s10000000002.wav,wav/high/speaker0004/s20000000002.wav,5.0
137,wav/high/speaker0004/s10000000214.wav,wav/high/speaker0004/s20000000214.wav,0.6
138,wav/high/speaker0005/s10000000329.wav,wav/high/speaker0005/s20000000329.wav,3.2
139,wav/high/speaker0005/s10000000175.wav,wav/high/speaker0005/s20000000175.wav,4.2
140,wav/high/speaker0002/s10000000288.wav,wav/high/speaker0002/s20000000288.wav,0.0
141,wav/high/speaker0001/s10000000305.wav,wav/high/speaker0001/s20000000305.wav,0.8
142,wav/high/speaker0001/s10000000262.wav,wav/high/speaker0001/s20000000262.wav,3.8
143,wav/high/speaker0003/s10000000279.wav,wav/high/speaker0003/s20000000279.wav,0.8
144,wav/high/speaker0002/s10000000040.wav,wav/high/speaker0002/s20000000040.wav,3.6
145,wav/high/speaker0002/s10000000050.wav,wav/high/speaker0002/s20000000050.wav,0.5
146,wav/high/speaker0001/s10000000339.wav,wav/high/speaker0001/s20000000339.wav,2.4
147,wav/high/speaker0004/s10000000296.wav,wav/high/speaker0004/s20000000296.wav,2.6
148,wav/high/speaker0004/s10000000246.wav,wav/high/speaker0004/s20000000246.wav,0.0
149,wav/high/speaker0004/s10000000123.wav,wav/high/speaker0004/s20000000123.wav,0.4
150,wav/high/speaker0003/s10000000092.wav,wav/high/speaker0003/s20000000092.wav,1.6
151,wav/high/speaker0006/s10000000025.wav,wav/high/speaker0006/s20000000025.wav,1.917
152,wav/high/speaker0003/s10000000084.wav,wav/high/speaker0003/s20000000084.wav,5.0
153,wav/high/speaker0001/s10000000008.wav,wav/high/speaker0001/s20000000008.wav,3.75
154,wav/high/speaker0006/s10000000239.wav,wav/high/speaker0006/s20000000239.wav,0.0
155,wav/high/speaker0001/s10000000123.wav,wav/high/speaker0001/s20000000123.wav,0.4
156,wav/high/speaker0006/s10000000310.wav,wav/high/speaker0006/s20000000310.wav,0.0
157,wav/high/speaker0002/s10000000111.wav,wav/high/speaker0002/s20000000111.wav,0.0
158,wav/high/speaker0005/s10000000239.wav,wav/high/speaker0005/s20000000239.wav,0.0
159,wav/high/speaker0005/s10000000318.wav,wav/high/speaker0005/s20000000318.wav,4.0
160,wav/high/speaker0004/s10000000240.wav,wav/high/speaker0004/s20000000240.wav,0.8
161,wav/high/speaker0004/s10000000028.wav,wav/high/speaker0004/s20000000028.wav,1.0
162,wav/high/speaker0004/s10000000153.wav,wav/high/speaker0004/s20000000153.wav,0.4
163,wav/high/speaker0005/s10000000021.wav,wav/high/speaker0005/s20000000021.wav,1.714
164,wav/high/speaker0006/s10000000342.wav,wav/high/speaker0006/s20000000342.wav,3.0
165,wav/high/speaker0002/s10000000231.wav,wav/high/speaker0002/s20000000231.wav,0.1
166,wav/high/speaker0005/s10000000213.wav,wav/high/speaker0005/s20000000213.wav,0.4
167,wav/high/speaker0005/s10000000090.wav,wav/high/speaker0005/s20000000090.wav,3.8
168,wav/high/speaker0001/s10000000346.wav,wav/high/speaker0001/s20000000346.wav,4.0
169,wav/high/speaker0005/s10000000069.wav,wav/high/speaker0005/s20000000069.wav,4.25
170,wav/high/speaker0001/s10000000342.wav,wav/high/speaker0001/s20000000342.wav,3.0
171,wav/high/speaker0005/s10000000173.wav,wav/high/speaker0005/s20000000173.wav,0.0
172,wav/high/speaker0003/s10000000174.wav,wav/high/speaker0003/s20000000174.wav,3.4
173,wav/high/speaker0004/s10000000244.wav,wav/high/speaker0004/s20000000244.wav,0.0
174,wav/high/speaker0006/s10000000205.wav,wav/high/speaker0006/s20000000205.wav,0.75
175,wav/high/speaker0002/s10000000139.wav,wav/high/speaker0002/s20000000139.wav,3.824
176,wav/high/speaker0001/s10000000329.wav,wav/high/speaker0001/s20000000329.wav,3.2
177,wav/high/speaker0005/s10000000238.wav,wav/high/speaker0005/s20000000238.wav,5.0
178,wav/high/speaker0002/s10000000168.wav,wav/high/speaker0002/s20000000168.wav,0.833
179,wav/high/speaker0002/s10000000129.wav,wav/high/speaker0002/s20000000129.wav,4.5
180,wav/high/speaker0004/s10000000345.wav,wav/high/speaker0004/s20000000345.wav,2.0
181,wav/high/speaker0005/s10000000144.wav,wav/high/speaker0005/s20000000144.wav,5.0
182,wav/high/speaker0004/s10000000139.wav,wav/high/speaker0004/s20000000139.wav,3.824
183,wav/high/speaker0001/s10000000257.wav,wav/high/speaker0001/s20000000257.wav,4.0
184,wav/high/speaker0001/s10000000006.wav,wav/high/speaker0001/s20000000006.wav,5.0
185,wav/high/speaker0006/s10000000204.wav,wav/high/speaker0006/s20000000204.wav,0.4
186,wav/high/speaker0003/s10000000111.wav,wav/high/speaker0003/s20000000111.wav,0.0
187,wav/high/speaker0006/s10000000070.wav,wav/high/speaker0006/s20000000070.wav,3.0
188,wav/high/speaker0005/s10000000025.wav,wav/high/speaker0005/s20000000025.wav,1.917
189,wav/high/speaker0001/s10000000043.wav,wav/high/speaker0001/s20000000043.wav,3.0
190,wav/high/speaker0003/s10000000160.wav,wav/high/speaker0003/s20000000160.wav,1.4
191,wav/high/speaker0001/s10000000028.wav,wav/high/speaker0001/s20000000028.wav,1.0
192,wav/high/speaker0003/s10000000292.wav,wav/high/speaker0003/s20000000292.wav,0.6
193,wav/high/speaker0003/s10000000162.wav,wav/high/speaker0003/s20000000162.wav,4.4
194,wav/high/speaker0004/s10000000044.wav,wav/high/speaker0004/s20000000044.wav,1.4
195,wav/high/speaker0002/s10000000070.wav,wav/high/speaker0002/s20000000070.wav,3.0
196,wav/high/speaker0002/s10000000319.wav,wav/high/speaker0002/s20000000319.wav,0.0
197,wav/high/speaker0003/s10000000044.wav,wav/high/speaker0003/s20000000044.wav,1.4
198,wav/high/speaker0001/s10000000204.wav,wav/high/speaker0001/s20000000204.wav,0.4
199,wav/high/speaker0003/s10000000310.wav,wav/high/speaker0003/s20000000310.wav,0.0
200,wav/high/speaker0003/s10000000187.wav,wav/high/speaker0003/s20000000187.wav,3.0
201,wav/high/speaker0003/s10000000257.wav,wav/high/speaker0003/s20000000257.wav,4.0
202,wav/high/speaker0004/s10000000271.wav,wav/high/speaker0004/s20000000271.wav,3.6
203,wav/high/speaker0004/s10000000075.wav,wav/high/speaker0004/s20000000075.wav,4.0
204,wav/high/speaker0005/s10000000339.wav,wav/high/speaker0005/s20000000339.wav,2.4
205,wav/high/speaker0005/s10000000138.wav,wav/high/speaker0005/s20000000138.wav,2.5
206,wav/high/speaker0001/s10000000310.wav,wav/high/speaker0001/s20000000310.wav,0.0
207,wav/high/speaker0006/s10000000097.wav,wav/high/speaker0006/s20000000097.wav,0.0
208,wav/high/speaker0005/s10000000246.wav,wav/high/speaker0005/s20000000246.wav,0.0
209,wav/high/speaker0005/s10000000120.wav,wav/high/speaker0005/s20000000120.wav,1.0
210,wav/high/speaker0001/s10000000207.wav,wav/high/speaker0001/s20000000207.wav,1.8
211,wav/high/speaker0004/s10000000329.wav,wav/high/speaker0004/s20000000329.wav,3.2
212,wav/high/speaker0001/s10000000046.wav,wav/high/speaker0001/s20000000046.wav,0.25
213,wav/high/speaker0003/s10000000002.wav,wav/high/speaker0003/s20000000002.wav,5.0
214,wav/high/speaker0001/s10000000106.wav,wav/high/speaker0001/s20000000106.wav,3.091
215,wav/high/speaker0004/s10000000342.wav,wav/high/speaker0004/s20000000342.wav,3.0
216,wav/high/speaker0005/s10000000126.wav,wav/high/speaker0005/s20000000126.wav,0.083
217,wav/high/speaker0005/s10000000146.wav,wav/high/speaker0005/s20000000146.wav,1.25
218,wav/high/speaker0003/s10000000096.wav,wav/high/speaker0003/s20000000096.wav,0.6
219,wav/high/speaker0001/s10000000081.wav,wav/high/speaker0001/s20000000081.wav,0.0
220,wav/high/speaker0005/s10000000002.wav,wav/high/speaker0005/s20000000002.wav,5.0
221,wav/high/speaker0005/s10000000071.wav,wav/high/speaker0005/s20000000071.wav,1.0
222,wav/high/speaker0002/s10000000347.wav,wav/high/speaker0002/s20000000347.wav,2.2
223,wav/high/speaker0006/s10000000179.wav,wav/high/speaker0006/s20000000179.wav,2.2
224,wav/high/speaker0006/s10000000158.wav,wav/high/speaker0006/s20000000158.wav,4.4
225,wav/high/speaker0001/s10000000319.wav,wav/high/speaker0001/s20000000319.wav,0.0
226,wav/high/speaker0006/s10000000033.wav,wav/high/speaker0006/s20000000033.wav,5.0
227,wav/high/speaker0003/s10000000140.wav,wav/high/speaker0003/s20000000140.wav,1.6
228,wav/high/speaker0006/s10000000138.wav,wav/high/speaker0006/s20000000138.wav,2.5
229,wav/high/speaker0005/s10000000079.wav,wav/high/speaker0005/s20000000079.wav,2.75
230,wav/high/speaker0005/s10000000139.wav,wav/high/speaker0005/s20000000139.wav,3.824
231,wav/high/speaker0001/s10000000146.wav,wav/high/speaker0001/s20000000146.wav,1.25
232,wav/high/speaker0006/s10000000162.wav,wav/high/speaker0006/s20000000162.wav,4.4
233,wav/high/speaker0005/s10000000195.wav,wav/high/speaker0005/s20000000195.wav,0.8
234,wav/high/speaker0004/s10000000160.wav,wav/high/speaker0004/s20000000160.wav,1.4
235,wav/high/speaker0002/s10000000244.wav,wav/high/speaker0002/s20000000244.wav,0.0
236,wav/high/speaker0005/s10000000193.wav,wav/high/speaker0005/s20000000193.wav,3.2
237,wav/high/speaker0002/s10000000090.wav,wav/high/speaker0002/s20000000090.wav,3.8
238,wav/high/speaker0001/s10000000151.wav,wav/high/speaker0001/s20000000151.wav,3.6
239,wav/high/speaker0006/s10000000012.wav,wav/high/speaker0006/s20000000012.wav,5.0
240,wav/high/speaker0004/s10000000185.wav,wav/high/speaker0004/s20000000185.wav,3.8
241,wav/high/speaker0001/s10000000161.wav,wav/high/speaker0001/s20000000161.wav,0.4
242,wav/high/speaker0002/s10000000305.wav,wav/high/speaker0002/s20000000305.wav,0.8
243,wav/high/speaker0006/s10000000221.wav,wav/high/speaker0006/s20000000221.wav,0.2
244,wav/high/speaker0004/s10000000209.wav,wav/high/speaker0004/s20000000209.wav,0.5
245,wav/high/speaker0005/s10000000271.wav,wav/high/speaker0005/s20000000271.wav,3.6
246,wav/high/speaker0001/s10000000313.wav,wav/high/speaker0001/s20000000313.wav,1.8
247,wav/high/speaker0003/s10000000345.wav,wav/high/speaker0003/s20000000345.wav,2.0
248,wav/high/speaker0002/s10000000026.wav,wav/high/speaker0002/s20000000026.wav,4.25
249,wav/high/speaker0002/s10000000099.wav,wav/high/speaker0002/s20000000099.wav,3.0
250,wav/high/speaker0005/s10000000205.wav,wav/high/speaker0005/s20000000205.wav,0.75
251,wav/high/speaker0006/s10000000123.wav,wav/high/speaker0006/s20000000123.wav,0.4
252,wav/high/speaker0004/s10000000204.wav,wav/high/speaker0004/s20000000204.wav,0.4
253,wav/high/speaker0004/s10000000091.wav,wav/high/speaker0004/s20000000091.wav,2.8
254,wav/high/speaker0004/s10000000313.wav,wav/high/speaker0004/s20000000313.wav,1.8
255,wav/high/speaker0002/s10000000092.wav,wav/high/speaker0002/s20000000092.wav,1.6
256,wav/high/speaker0006/s10000000117.wav,wav/high/speaker0006/s20000000117.wav,3.4
257,wav/high/speaker0003/s10000000244.wav,wav/high/speaker0003/s20000000244.wav,0.0
258,wav/high/speaker0004/s10000000187.wav,wav/high/speaker0004/s20000000187.wav,3.0
259,wav/high/speaker0003/s10000000215.wav,wav/high/speaker0003/s20000000215.wav,0.8
260,wav/high/speaker0006/s10000000264.wav,wav/high/speaker0006/s20000000264.wav,4.2
261,wav/high/speaker0006/s10000000193.wav,wav/high/speaker0006/s20000000193.wav,3.2
262,wav/high/speaker0002/s10000000310.wav,wav/high/speaker0002/s20000000310.wav,0.0
263,wav/high/speaker0002/s10000000175.wav,wav/high/speaker0002/s20000000175.wav,4.2
264,wav/high/speaker0001/s10000000215.wav,wav/high/speaker0001/s20000000215.wav,0.8
265,wav/high/speaker0005/s10000000259.wav,wav/high/speaker0005/s20000000259.wav,3.2
266,wav/high/speaker0004/s10000000284.wav,wav/high/speaker0004/s20000000284.wav,0.0
267,wav/high/speaker0001/s10000000092.wav,wav/high/speaker0001/s20000000092.wav,1.6
268,wav/high/speaker0003/s10000000185.wav,wav/high/speaker0003/s20000000185.wav,3.8
269,wav/high/speaker0003/s10000000168.wav,wav/high/speaker0003/s20000000168.wav,0.833
270,wav/high/speaker0002/s10000000118.wav,wav/high/speaker0002/s20000000118.wav,0.0
271,wav/high/speaker0002/s10000000339.wav,wav/high/speaker0002/s20000000339.wav,2.4
272,wav/high/speaker0002/s10000000021.wav,wav/high/speaker0002/s20000000021.wav,1.714
273,wav/high/speaker0004/s10000000096.wav,wav/high/speaker0004/s20000000096.wav,0.6
274,wav/high/speaker0006/s10000000066.wav,wav/high/speaker0006/s20000000066.wav,4.0
275,wav/high/speaker0006/s10000000282.wav,wav/high/speaker0006/s20000000282.wav,3.2
276,wav/high/speaker0004/s10000000097.wav,wav/high/speaker0004/s20000000097.wav,0.0
277,wav/high/speaker0001/s10000000089.wav,wav/high/speaker0001/s20000000089.wav,2.6
278,wav/high/speaker0006/s10000000313.wav,wav/high/speaker0006/s20000000313.wav,1.8
279,wav/high/speaker0005/s10000000349.wav,wav/high/speaker0005/s20000000349.wav,3.4
280,wav/high/speaker0003/s10000000045.wav,wav/high/speaker0003/s20000000045.wav,0.25
281,wav/high/speaker0001/s10000000242.wav,wav/high/speaker0001/s20000000242.wav,0.0
282,wav/high/speaker0004/s10000000349.wav,wav/high/speaker0004/s20000000349.wav,3.4
283,wav/high/speaker0001/s10000000111.wav,wav/high/speaker0001/s20000000111.wav,0.0
284,wav/high/speaker0003/s10000000282.wav,wav/high/speaker0003/s20000000282.wav,3.2
285,wav/high/speaker0006/s10000000154.wav,wav/high/speaker0006/s20000000154.wav,0.2
286,wav/high/speaker0003/s10000000106.wav,wav/high/speaker0003/s20000000106.wav,3.091
287,wav/high/speaker0004/s10000000043.wav,wav/high/speaker0004/s20000000043.wav,3.0
288,wav/high/speaker0004/s10000000213.wav,wav/high/speaker0004/s20000000213.wav,0.4
289,wav/high/speaker0002/s10000000278.wav,wav/high/speaker0002/s20000000278.wav,4.2
290,wav/high/speaker0001/s10000000349.wav,wav/high/speaker0001/s20000000349.wav,3.4
291,wav/high/speaker0006/s10000000262.wav,wav/high/speaker0006/s20000000262.wav,3.8
292,wav/high/speaker0005/s10000000118.wav,wav/high/speaker0005/s20000000118.wav,0.0
293,wav/high/speaker0003/s10000000013.wav,wav/high/speaker0003/s20000000013.wav,5.0
294,wav/high/speaker0003/s10000000184.wav,wav/high/speaker0003/s20000000184.wav,3.0
295,wav/high/speaker0004/s10000000325.wav,wav/high/speaker0004/s20000000325.wav,2.0
296,wav/high/speaker0004/s10000000308.wav,wav/high/speaker0004/s20000000308.wav,0.0
297,wav/high/speaker0002/s10000000081.wav,wav/high/speaker0002/s20000000081.wav,0.0
298,wav/high/speaker0003/s10000000046.wav,wav/high/speaker0003/s20000000046.wav,0.25
299,wav/high/speaker0006/s10000000059.wav,wav/high/speaker0006/s20000000059.wav,0.0
300,wav/high/speaker0004/s10000000189.wav,wav/high/speaker0004/s20000000189.wav,3.4
301,wav/high/speaker0002/s10000000169.wav,wav/high/speaker0002/s20000000169.wav,3.75
302,wav/high/speaker0002/s10000000123.wav,wav/high/speaker0002/s20000000123.wav,0.4
303,wav/high/speaker0006/s10000000161.wav,wav/high/speaker0006/s20000000161.wav,0.4
304,wav/high/speaker0006/s10000000140.wav,wav/high/speaker0006/s20000000140.wav,1.6
305,wav/high/speaker0005/s10000000164.wav,wav/high/speaker0005/s20000000164.wav,0.778
306,wav/high/speaker0005/s10000000296.wav,wav/high/speaker0005/s20000000296.wav,2.6
307,wav/high/speaker0004/s10000000175.wav,wav/high/speaker0004/s20000000175.wav,4.2
308,wav/high/speaker0002/s10000000259.wav,wav/high/speaker0002/s20000000259.wav,3.2
309,wav/high/speaker0006/s10000000220.wav,wav/high/speaker0006/s20000000220.wav,5.0
310,wav/high/speaker0005/s10000000070.wav,wav/high/speaker0005/s20000000070.wav,3.0
311,wav/high/speaker0005/s10000000043.wav,wav/high/speaker0005/s20000000043.wav,3.0
312,wav/high/speaker0006/s10000000280.wav,wav/high/speaker0006/s20000000280.wav,2.2
313,wav/high/speaker0005/s10000000306.wav,wav/high/speaker0005/s20000000306.wav,4.6
314,wav/high/speaker0001/s10000000205.wav,wav/high/speaker0001/s20000000205.wav,0.75
315,wav/high/speaker0005/s10000000256.wav,wav/high/speaker0005/s20000000256.wav,0.4
316,wav/high/speaker0001/s10000000012.wav,wav/high/speaker0001/s20000000012.wav,5.0
317,wav/high/speaker0002/s10000000165.wav,wav/high/speaker0002/s20000000165.wav,2.25
318,wav/high/speaker0003/s10000000169.wav,wav/high/speaker0003/s20000000169.wav,3.75
319,wav/high/speaker0004/s10000000066.wav,wav/high/speaker0004/s20000000066.wav,4.0
320,wav/high/speaker0006/s10000000238.wav,wav/high/speaker0006/s20000000238.wav,5.0
321,wav/high/speaker0002/s10000000096.wav,wav/high/speaker0002/s20000000096.wav,0.6
322,wav/high/speaker0005/s10000000028.wav,wav/high/speaker0005/s20000000028.wav,1.0
323,wav/high/speaker0003/s10000000000.wav,wav/high/speaker0003/s20000000000.wav,5.0
324,wav/high/speaker0004/s10000000147.wav,wav/high/speaker0004/s20000000147.wav,3.0
325,wav/high/speaker0001/s10000000348.wav,wav/high/speaker0001/s20000000348.wav,2.2
326,wav/high/speaker0006/s10000000187.wav,wav/high/speaker0006/s20000000187.wav,3.0
327,wav/high/speaker0004/s10000000012.wav,wav/high/speaker0004/s20000000012.wav,5.0
328,wav/high/speaker0002/s10000000189.wav,wav/high/speaker0002/s20000000189.wav,3.4
329,wav/high/speaker0003/s10000000028.wav,wav/high/speaker0003/s20000000028.wav,1.0
330,wav/high/speaker0004/s10000000178.wav,wav/high/speaker0004/s20000000178.wav,2.75
331,wav/high/speaker0006/s10000000304.wav,wav/high/speaker0006/s20000000304.wav,4.4
332,wav/high/speaker0005/s10000000207.wav,wav/high/speaker0005/s20000000207.wav,1.8
333,wav/high/speaker0006/s10000000095.wav,wav/high/speaker0006/s20000000095.wav,2.6
334,wav/high/speaker0004/s10000000144.wav,wav/high/speaker0004/s20000000144.wav,5.0
335,wav/high/speaker0002/s10000000089.wav,wav/high/speaker0002/s20000000089.wav,2.6
336,wav/high/speaker0002/s10000000066.wav,wav/high/speaker0002/s20000000066.wav,4.0
337,wav/high/speaker0005/s10000000171.wav,wav/high/speaker0005/s20000000171.wav,4.333
338,wav/high/speaker0003/s10000000319.wav,wav/high/speaker0003/s20000000319.wav,0.0
339,wav/high/speaker0002/s10000000006.wav,wav/high/speaker0002/s20000000006.wav,5.0
340,wav/high/speaker0003/s10000000173.wav,wav/high/speaker0003/s20000000173.wav,0.0
341,wav/high/speaker0001/s10000000288.wav,wav/high/speaker0001/s20000000288.wav,0.0
342,wav/high/speaker0005/s10000000257.wav,wav/high/speaker0005/s20000000257.wav,4.0
343,wav/high/speaker0004/s10000000008.wav,wav/high/speaker0004/s20000000008.wav,3.75
344,wav/high/speaker0006/s10000000189.wav,wav/high/speaker0006/s20000000189.wav,3.4
345,wav/high/speaker0003/s10000000195.wav,wav/high/speaker0003/s20000000195.wav,0.8
346,wav/high/speaker0003/s10000000078.wav,wav/high/speaker0003/s20000000078.wav,1.154
347,wav/high/speaker0001/s10000000074.wav,wav/high/speaker0001/s20000000074.wav,0.4
348,wav/high/speaker0001/s10000000244.wav,wav/high/speaker0001/s20000000244.wav,0.0
349,wav/high/speaker0004/s10000000140.wav,wav/high/speaker0004/s20000000140.wav,1.6
350,wav/high/speaker0006/s10000000127.wav,wav/high/speaker0006/s20000000127.wav,0.0
351,wav/high/speaker0002/s10000000059.wav,wav/high/speaker0002/s20000000059.wav,0.0
352,wav/high/speaker0005/s10000000308.wav,wav/high/speaker0005/s20000000308.wav,0.0
353,wav/high/speaker0003/s10000000006.wav,wav/high/speaker0003/s20000000006.wav,5.0
354,wav/high/speaker0002/s10000000038.wav,wav/high/speaker0002/s20000000038.wav,4.2
355,wav/high/speaker0004/s10000000195.wav,wav/high/speaker0004/s20000000195.wav,0.8
356,wav/high/speaker0006/s10000000288.wav,wav/high/speaker0006/s20000000288.wav,0.0
357,wav/high/speaker0006/s10000000178.wav,wav/high/speaker0006/s20000000178.wav,2.75
358,wav/high/speaker0006/s10000000096.wav,wav/high/speaker0006/s20000000096.wav,0.6
359,wav/high/speaker0006/s10000000346.wav,wav/high/speaker0006/s20000000346.wav,4.0
360,wav/high/speaker0003/s10000000308.wav,wav/high/speaker0003/s20000000308.wav,0.0
361,wav/high/speaker0003/s10000000271.wav,wav/high/speaker0003/s20000000271.wav,3.6
362,wav/high/speaker0006/s10000000069.wav,wav/high/speaker0006/s20000000069.wav,4.25
363,wav/high/speaker0001/s10000000053.wav,wav/high/speaker0001/s20000000053.wav,5.0
364,wav/high/speaker0006/s10000000224.wav,wav/high/speaker0006/s20000000224.wav,3.8
365,wav/high/speaker0001/s10000000083.wav,wav/high/speaker0001/s20000000083.wav,3.4
366,wav/high/speaker0002/s10000000185.wav,wav/high/speaker0002/s20000000185.wav,3.8
367,wav/high/speaker0004/s10000000117.wav,wav/high/speaker0004/s20000000117.wav,3.4
368,wav/high/speaker0005/s10000000117.wav,wav/high/speaker0005/s20000000117.wav,3.4
369,wav/high/speaker0003/s10000000171.wav,wav/high/speaker0003/s20000000171.wav,4.333
370,wav/high/speaker0001/s10000000120.wav,wav/high/speaker0001/s20000000120.wav,1.0
371,wav/high/speaker0003/s10000000284.wav,wav/high/speaker0003/s20000000284.wav,0.0
372,wav/high/speaker0001/s10000000318.wav,wav/high/speaker0001/s20000000318.wav,4.0
373,wav/high/speaker0001/s10000000248.wav,wav/high/speaker0001/s20000000248.wav,2.2
374,wav/high/speaker0005/s10000000342.wav,wav/high/speaker0005/s20000000342.wav,3.0
375,wav/high/speaker0001/s10000000280.wav,wav/high/speaker0001/s20000000280.wav,2.2
376,wav/high/speaker0005/s10000000278.wav,wav/high/speaker0005/s20000000278.wav,4.2
377,wav/high/speaker0002/s10000000084.wav,wav/high/speaker0002/s20000000084.wav,5.0
378,wav/high/speaker0004/s10000000278.wav,wav/high/speaker0004/s20000000278.wav,4.2
379,wav/high/speaker0006/s10000000231.wav,wav/high/speaker0006/s20000000231.wav,0.1
380,wav/high/speaker0004/s10000000120.wav,wav/high/speaker0004/s20000000120.wav,1.0
381,wav/high/speaker0001/s10000000184.wav,wav/high/speaker0001/s20000000184.wav,3.0
382,wav/high/speaker0005/s10000000099.wav,wav/high/speaker0005/s20000000099.wav,3.0
383,wav/high/speaker0005/s10000000335.wav,wav/high/speaker0005/s20000000335.wav,3.4
384,wav/high/speaker0002/s10000000053.wav,wav/high/speaker0002/s20000000053.wav,5.0
385,wav/high/speaker0001/s10000000292.wav,wav/high/speaker0001/s20000000292.wav,0.6
386,wav/high/speaker0006/s10000000309.wav,wav/high/speaker0006/s20000000309.wav,3.2
387,wav/high/speaker0004/s10000000169.wav,wav/high/speaker0004/s20000000169.wav,3.75
388,wav/high/speaker0004/s10000000332.wav,wav/high/speaker0004/s20000000332.wav,3.6
389,wav/high/speaker0002/s10000000162.wav,wav/high/speaker0002/s20000000162.wav,4.4
390,wav/high/speaker0003/s10000000209.wav,wav/high/speaker0003/s20000000209.wav,0.5
391,wav/high/speaker0006/s10000000163.wav,wav/high/speaker0006/s20000000163.wav,3.25
392,wav/high/speaker0005/s10000000174.wav,wav/high/speaker0005/s20000000174.wav,3.4
393,wav/high/speaker0004/s10000000318.wav,wav/high/speaker0004/s20000000318.wav,4.0
394,wav/high/speaker0004/s10000000045.wav,wav/high/speaker0004/s20000000045.wav,0.25
395,wav/high/speaker0004/s10000000319.wav,wav/high/speaker0004/s20000000319.wav,0.0
396,wav/high/speaker0003/s10000000325.wav,wav/high/speaker0003/s20000000325.wav,2.0
397,wav/high/speaker0003/s10000000118.wav,wav/high/speaker0003/s20000000118.wav,0.0
398,wav/high/speaker0006/s10000000144.wav,wav/high/speaker0006/s20000000144.wav,5.0
399,wav/high/speaker0006/s10000000084.wav,wav/high/speaker0006/s20000000084.wav,5.0
400,wav/high/speaker0005/s10000000058.wav,wav/high/speaker0005/s20000000058.wav,3.8
401,wav/high/speaker0002/s10000000335.wav,wav/high/speaker0002/s20000000335.wav,3.4
402,wav/high/speaker0003/s10000000205.wav,wav/high/speaker0003/s20000000205.wav,0.75
403,wav/high/speaker0001/s10000000174.wav,wav/high/speaker0001/s20000000174.wav,3.4
404,wav/high/speaker0006/s10000000160.wav,wav/high/speaker0006/s20000000160.wav,1.4
405,wav/high/speaker0003/s10000000207.wav,wav/high/speaker0003/s20000000207.wav,1.8
406,wav/high/speaker0004/s10000000070.wav,wav/high/speaker0004/s20000000070.wav,3.0
407,wav/high/speaker0003/s10000000221.wav,wav/high/speaker0003/s20000000221.wav,0.2
408,wav/high/speaker0003/s10000000224.wav,wav/high/speaker0003/s20000000224.wav,3.8
409,wav/high/speaker0005/s10000000189.wav,wav/high/speaker0005/s20000000189.wav,3.4
410,wav/high/speaker0001/s10000000002.wav,wav/high/speaker0001/s20000000002.wav,5.0
411,wav/high/speaker0001/s10000000013.wav,wav/high/speaker0001/s20000000013.wav,5.0
412,wav/high/speaker0001/s10000000079.wav,wav/high/speaker0001/s20000000079.wav,2.75
413,wav/high/speaker0002/s10000000239.wav,wav/high/speaker0002/s20000000239.wav,0.0
414,wav/high/speaker0006/s10000000338.wav,wav/high/speaker0006/s20000000338.wav,2.6
415,wav/high/speaker0004/s10000000092.wav,wav/high/speaker0004/s20000000092.wav,1.6
416,wav/high/speaker0001/s10000000265.wav,wav/high/speaker0001/s20000000265.wav,3.6
417,wav/high/speaker0003/s10000000050.wav,wav/high/speaker0003/s20000000050.wav,0.5
418,wav/high/speaker0003/s10000000154.wav,wav/high/speaker0003/s20000000154.wav,0.2
419,wav/high/speaker0003/s10000000246.wav,wav/high/speaker0003/s20000000246.wav,0.0
420,wav/high/speaker0005/s10000000078.wav,wav/high/speaker0005/s20000000078.wav,1.154
421,wav/high/speaker0006/s10000000085.wav,wav/high/speaker0006/s20000000085.wav,0.8
422,wav/high/speaker0004/s10000000280.wav,wav/high/speaker0004/s20000000280.wav,2.2
423,wav/high/speaker0006/s10000000013.wav,wav/high/speaker0006/s20000000013.wav,5.0
424,wav/high/speaker0004/s10000000165.wav,wav/high/speaker0004/s20000000165.wav,2.25
425,wav/high/speaker0005/s10000000292.wav,wav/high/speaker0005/s20000000292.wav,0.6
426,wav/high/speaker0006/s10000000184.wav,wav/high/speaker0006/s20000000184.wav,3.0
427,wav/high/speaker0005/s10000000279.wav,wav/high/speaker0005/s20000000279.wav,0.8
428,wav/high/speaker0003/s10000000126.wav,wav/high/speaker0003/s20000000126.wav,0.083
429,wav/high/speaker0001/s10000000050.wav,wav/high/speaker0001/s20000000050.wav,0.5
430,wav/high/speaker0002/s10000000264.wav,wav/high/speaker0002/s20000000264.wav,4.2
431,wav/high/speaker0004/s10000000248.wav,wav/high/speaker0004/s20000000248.wav,2.2
432,wav/high/speaker0003/s10000000332.wav,wav/high/speaker0003/s20000000332.wav,3.6
433,wav/high/speaker0001/s10000000153.wav,wav/high/speaker0001/s20000000153.wav,0.4
434,wav/high/speaker0006/s10000000319.wav,wav/high/speaker0006/s20000000319.wav,0.0
435,wav/high/speaker0003/s10000000335.wav,wav/high/speaker0003/s20000000335.wav,3.4
436,wav/high/speaker0006/s10000000325.wav,wav/high/speaker0006/s20000000325.wav,2.0
437,wav/high/speaker0004/s10000000084.wav,wav/high/speaker0004/s20000000084.wav,5.0
438,wav/high/speaker0002/s10000000125.wav,wav/high/speaker0002/s20000000125.wav,2.5
439,wav/high/speaker0002/s10000000163.wav,wav/high/speaker0002/s20000000163.wav,3.25
440,wav/high/speaker0006/s10000000090.wav,wav/high/speaker0006/s20000000090.wav,3.8
441,wav/high/speaker0005/s10000000046.wav,wav/high/speaker0005/s20000000046.wav,0.25
442,wav/high/speaker0001/s10000000335.wav,wav/high/speaker0001/s20000000335.wav,3.4
443,wav/high/speaker0002/s10000000097.wav,wav/high/speaker0002/s20000000097.wav,0.0
444,wav/high/speaker0003/s10000000163.wav,wav/high/speaker0003/s20000000163.wav,3.25
445,wav/high/speaker0006/s10000000017.wav,wav/high/speaker0006/s20000000017.wav,5.0
446,wav/high/speaker0005/s10000000035.wav,wav/high/speaker0005/s20000000035.wav,3.8
447,wav/high/speaker0005/s10000000264.wav,wav/high/speaker0005/s20000000264.wav,4.2
448,wav/high/speaker0002/s10000000326.wav,wav/high/speaker0002/s20000000326.wav,3.6
449,wav/high/speaker0002/s10000000242.wav,wav/high/speaker0002/s20000000242.wav,0.0
450,wav/high/speaker0003/s10000000158.wav,wav/high/speaker0003/s20000000158.wav,4.4
451,wav/high/speaker0002/s10000000198.wav,wav/high/speaker0002/s20000000198.wav,3.75
452,wav/high/speaker0002/s10000000126.wav,wav/high/speaker0002/s20000000126.wav,0.083
453,wav/high/speaker0003/s10000000348.wav,wav/high/speaker0003/s20000000348.wav,2.2
454,wav/high/speaker0004/s10000000264.wav,wav/high/speaker0004/s20000000264.wav,4.2
455,wav/high/speaker0001/s10000000347.wav,wav/high/speaker0001/s20000000347.wav,2.2
456,wav/high/speaker0002/s10000000313.wav,wav/high/speaker0002/s20000000313.wav,1.8
457,wav/high/speaker0001/s10000000090.wav,wav/high/speaker0001/s20000000090.wav,3.8
458,wav/high/speaker0004/s10000000074.wav,wav/high/speaker0004/s20000000074.wav,0.4
459,wav/high/speaker0003/s10000000165.wav,wav/high/speaker0003/s20000000165.wav,2.25
460,wav/high/speaker0003/s10000000012.wav,wav/high/speaker0003/s20000000012.wav,5.0
461,wav/high/speaker0002/s10000000248.wav,wav/high/speaker0002/s20000000248.wav,2.2
462,wav/high/speaker0006/s10000000152.wav,wav/high/speaker0006/s20000000152.wav,4.857
463,wav/high/speaker0003/s10000000283.wav,wav/high/speaker0003/s20000000283.wav,4.4
464,wav/high/speaker0004/s10000000037.wav,wav/high/speaker0004/s20000000037.wav,5.0
465,wav/high/speaker0003/s10000000161.wav,wav/high/speaker0003/s20000000161.wav,0.4
466,wav/high/speaker0003/s10000000153.wav,wav/high/speaker0003/s20000000153.wav,0.4
467,wav/high/speaker0001/s10000000044.wav,wav/high/speaker0001/s20000000044.wav,1.4
468,wav/high/speaker0003/s10000000309.wav,wav/high/speaker0003/s20000000309.wav,3.2
469,wav/high/speaker0001/s10000000256.wav,wav/high/speaker0001/s20000000256.wav,0.4
470,wav/high/speaker0006/s10000000348.wav,wav/high/speaker0006/s20000000348.wav,2.2
471,wav/high/speaker0006/s10000000284.wav,wav/high/speaker0006/s20000000284.wav,0.0
472,wav/high/speaker0006/s10000000044.wav,wav/high/speaker0006/s20000000044.wav,1.4
473,wav/high/speaker0004/s10000000006.wav,wav/high/speaker0004/s20000000006.wav,5.0
474,wav/high/speaker0005/s10000000184.wav,wav/high/speaker0005/s20000000184.wav,3.0
475,wav/high/speaker0006/s10000000106.wav,wav/high/speaker0006/s20000000106.wav,3.091
476,wav/high/speaker0002/s10000000332.wav,wav/high/speaker0002/s20000000332.wav,3.6
477,wav/high/speaker0002/s10000000238.wav,wav/high/speaker0002/s20000000238.wav,5.0
478,wav/high/speaker0001/s10000000206.wav,wav/high/speaker0001/s20000000206.wav,2.5
479,wav/high/speaker0003/s10000000214.wav,wav/high/speaker0003/s20000000214.wav,0.6
480,wav/high/speaker0004/s10000000083.wav,wav/high/speaker0004/s20000000083.wav,3.4
481,wav/high/speaker0001/s10000000231.wav,wav/high/speaker0001/s20000000231.wav,0.1
482,wav/high/speaker0004/s10000000283.wav,wav/high/speaker0004/s20000000283.wav,4.4
483,wav/high/speaker0003/s10000000053.wav,wav/high/speaker0003/s20000000053.wav,5.0
484,wav/high/speaker0002/s10000000151.wav,wav/high/speaker0002/s20000000151.wav,3.6
485,wav/high/speaker0006/s10000000171.wav,wav/high/speaker0006/s20000000171.wav,4.333
486,wav/high/speaker0005/s10000000206.wav,wav/high/speaker0005/s20000000206.wav,2.5
487,wav/high/speaker0003/s10000000264.wav,wav/high/speaker0003/s20000000264.wav,4.2
488,wav/high/speaker0001/s10000000213.wav,wav/high/speaker0001/s20000000213.wav,0.4
489,wav/high/speaker0003/s10000000026.wav,wav/high/speaker0003/s20000000026.wav,4.25
490,wav/high/speaker0002/s10000000329.wav,wav/high/speaker0002/s20000000329.wav,3.2
491,wav/high/speaker0002/s10000000095.wav,wav/high/speaker0002/s20000000095.wav,2.6
492,wav/high/speaker0004/s10000000095.wav,wav/high/speaker0004/s20000000095.wav,2.6
493,wav/high/speaker0003/s10000000346.wav,wav/high/speaker0003/s20000000346.wav,4.0
494,wav/high/speaker0006/s10000000083.wav,wav/high/speaker0006/s20000000083.wav,3.4
495,wav/high/speaker0005/s10000000044.wav,wav/high/speaker0005/s20000000044.wav,1.4
496,wav/high/speaker0004/s10000000338.wav,wav/high/speaker0004/s20000000338.wav,2.6
497,wav/high/speaker0005/s10000000017.wav,wav/high/speaker0005/s20000000017.wav,5.0
498,wav/high/speaker0003/s10000000035.wav,wav/high/speaker0003/s20000000035.wav,3.8
499,wav/high/speaker0005/s10000000194.wav,wav/high/speaker0005/s20000000194.wav,2.333
500,wav/high/speaker0004/s10000000158.wav,wav/high/speaker0004/s20000000158.wav,4.4
501,wav/high/speaker0006/s10000000283.wav,wav/high/speaker0006/s20000000283.wav,4.4
502,wav/high/speaker0001/s10000000259.wav,wav/high/speaker0001/s20000000259.wav,3.2
503,wav/high/speaker0004/s10000000079.wav,wav/high/speaker0004/s20000000079.wav,2.75
504,wav/high/speaker0005/s10000000129.wav,wav/high/speaker0005/s20000000129.wav,4.5
505,wav/high/speaker0006/s10000000213.wav,wav/high/speaker0006/s20000000213.wav,0.4
506,wav/high/speaker0003/s10000000193.wav,wav/high/speaker0003/s20000000193.wav,3.2
507,wav/high/speaker0003/s10000000278.wav,wav/high/speaker0003/s20000000278.wav,4.2
508,wav/high/speaker0006/s10000000278.wav,wav/high/speaker0006/s20000000278.wav,4.2
509,wav/high/speaker0002/s10000000214.wav,wav/high/speaker0002/s20000000214.wav,0.6
510,wav/high/speaker0003/s10000000095.wav,wav/high/speaker0003/s20000000095.wav,2.6
511,wav/high/speaker0001/s10000000162.wav,wav/high/speaker0001/s20000000162.wav,4.4
512,wav/high/speaker0001/s10000000308.wav,wav/high/speaker0001/s20000000308.wav,0.0
513,wav/high/speaker0003/s10000000083.wav,wav/high/speaker0003/s20000000083.wav,3.4
514,wav/high/speaker0006/s10000000306.wav,wav/high/speaker0006/s20000000306.wav,4.6
515,wav/high/speaker0004/s10000000085.wav,wav/high/speaker0004/s20000000085.wav,0.8
516,wav/high/speaker0005/s10000000310.wav,wav/high/speaker0005/s20000000310.wav,0.0
517,wav/high/speaker0003/s10000000262.wav,wav/high/speaker0003/s20000000262.wav,3.8
518,wav/high/speaker0001/s10000000214.wav,wav/high/speaker0001/s20000000214.wav,0.6
519,wav/high/speaker0001/s10000000278.wav,wav/high/speaker0001/s20000000278.wav,4.2
520,wav/high/speaker0001/s10000000224.wav,wav/high/speaker0001/s20000000224.wav,3.8
521,wav/high/speaker0003/s10000000316.wav,wav/high/speaker0003/s20000000316.wav,3.8
522,wav/high/speaker0002/s10000000078.wav,wav/high/speaker0002/s20000000078.wav,1.154
523,wav/high/speaker0004/s10000000059.wav,wav/high/speaker0004/s20000000059.wav,0.0
524,wav/high/speaker0005/s10000000051.wav,wav/high/speaker0005/s20000000051.wav,3.8
525,wav/high/speaker0005/s10000000231.wav,wav/high/speaker0005/s20000000231.wav,0.1
526,wav/high/speaker0005/s10000000265.wav,wav/high/speaker0005/s20000000265.wav,3.6
527,wav/high/speaker0001/s10000000147.wav,wav/high/speaker0001/s20000000147.wav,3.0
528,wav/high/speaker0001/s10000000154.wav,wav/high/speaker0001/s20000000154.wav,0.2
529,wav/high/speaker0006/s10000000316.wav,wav/high/speaker0006/s20000000316.wav,3.8
530,wav/high/speaker0005/s10000000242.wav,wav/high/speaker0005/s20000000242.wav,0.0
531,wav/high/speaker0004/s10000000304.wav,wav/high/speaker0004/s20000000304.wav,4.4
532,wav/high/speaker0004/s10000000305.wav,wav/high/speaker0004/s20000000305.wav,0.8
533,wav/high/speaker0004/s10000000174.wav,wav/high/speaker0004/s20000000174.wav,3.4
534,wav/high/speaker0005/s10000000123.wav,wav/high/speaker0005/s20000000123.wav,0.4
535,wav/high/speaker0002/s10000000204.wav,wav/high/speaker0002/s20000000204.wav,0.4
536,wav/high/speaker0002/s10000000158.wav,wav/high/speaker0002/s20000000158.wav,4.4
537,wav/high/speaker0005/s10000000282.wav,wav/high/speaker0005/s20000000282.wav,3.2
538,wav/high/speaker0005/s10000000309.wav,wav/high/speaker0005/s20000000309.wav,3.2
539,wav/high/speaker0006/s10000000129.wav,wav/high/speaker0006/s20000000129.wav,4.5
540,wav/high/speaker0003/s10000000151.wav,wav/high/speaker0003/s20000000151.wav,3.6
541,wav/high/speaker0005/s10000000095.wav,wav/high/speaker0005/s20000000095.wav,2.6
542,wav/high/speaker0004/s10000000069.wav,wav/high/speaker0004/s20000000069.wav,4.25
543,wav/high/speaker0004/s10000000017.wav,wav/high/speaker0004/s20000000017.wav,5.0
544,wav/high/speaker0003/s10000000059.wav,wav/high/speaker0003/s20000000059.wav,0.0
545,wav/high/speaker0005/s10000000214.wav,wav/high/speaker0005/s20000000214.wav,0.6
546,wav/high/speaker0002/s10000000153.wav,wav/high/speaker0002/s20000000153.wav,0.4
547,wav/high/speaker0006/s10000000279.wav,wav/high/speaker0006/s20000000279.wav,0.8
548,wav/high/speaker0006/s10000000006.wav,wav/high/speaker0006/s20000000006.wav,5.0
549,wav/high/speaker0001/s10000000171.wav,wav/high/speaker0001/s20000000171.wav,4.333
550,wav/high/speaker0003/s10000000213.wav,wav/high/speaker0003/s20000000213.wav,0.4
551,wav/high/speaker0003/s10000000129.wav,wav/high/speaker0003/s20000000129.wav,4.5
552,wav/high/speaker0006/s10000000165.wav,wav/high/speaker0006/s20000000165.wav,2.25
553,wav/high/speaker0006/s10000000000.wav,wav/high/speaker0006/s20000000000.wav,5.0
554,wav/high/speaker0005/s10000000161.wav,wav/high/speaker0005/s20000000161.wav,0.4
555,wav/high/speaker0002/s10000000246.wav,wav/high/speaker0002/s20000000246.wav,0.0
556,wav/high/speaker0003/s10000000099.wav,wav/high/speaker0003/s20000000099.wav,3.0
557,wav/high/speaker0004/s10000000111.wav,wav/high/speaker0004/s20000000111.wav,0.0
558,wav/high/speaker0006/s10000000296.wav,wav/high/speaker0006/s20000000296.wav,2.6
559,wav/high/speaker0004/s10000000164.wav,wav/high/speaker0004/s20000000164.wav,0.778
560,wav/high/speaker0006/s10000000335.wav,wav/high/speaker0006/s20000000335.wav,3.4
561,wav/high/speaker0002/s10000000045.wav,wav/high/speaker0002/s20000000045.wav,0.25
562,wav/high/speaker0001/s10000000017.wav,wav/high/speaker0001/s20000000017.wav,5.0
563,wav/high/speaker0003/s10000000242.wav,wav/high/speaker0003/s20000000242.wav,0.0
564,wav/high/speaker0005/s10000000179.wav,wav/high/speaker0005/s20000000179.wav,2.2
565,wav/high/speaker0004/s10000000089.wav,wav/high/speaker0004/s20000000089.wav,2.6
566,wav/high/speaker0003/s10000000256.wav,wav/high/speaker0003/s20000000256.wav,0.4
567,wav/high/speaker0006/s10000000118.wav,wav/high/speaker0006/s20000000118.wav,0.0
568,wav/high/speaker0003/s10000000125.wav,wav/high/speaker0003/s20000000125.wav,2.5
569,wav/high/speaker0005/s10000000040.wav,wav/high/speaker0005/s20000000040.wav,3.6
570,wav/high/speaker0002/s10000000207.wav,wav/high/speaker0002/s20000000207.wav,1.8
571,wav/high/speaker0003/s10000000074.wav,wav/high/speaker0003/s20000000074.wav,0.4
572,wav/high/speaker0002/s10000000147.wav,wav/high/speaker0002/s20000000147.wav,3.0
573,wav/high/speaker0003/s10000000038.wav,wav/high/speaker0003/s20000000038.wav,4.2
574,wav/high/speaker0003/s10000000019.wav,wav/high/speaker0003/s20000000019.wav,0.636
575,wav/high/speaker0003/s10000000280.wav,wav/high/speaker0003/s20000000280.wav,2.2
576,wav/high/speaker0002/s10000000297.wav,wav/high/speaker0002/s20000000297.wav,5.0
577,wav/high/speaker0006/s10000000259.wav,wav/high/speaker0006/s20000000259.wav,3.2
578,wav/high/speaker0005/s10000000345.wav,wav/high/speaker0005/s20000000345.wav,2.0
579,wav/high/speaker0006/s10000000038.wav,wav/high/speaker0006/s20000000038.wav,4.2
580,wav/high/speaker0005/s10000000153.wav,wav/high/speaker0005/s20000000153.wav,0.4
581,wav/high/speaker0002/s10000000012.wav,wav/high/speaker0002/s20000000012.wav,5.0
582,wav/high/speaker0006/s10000000043.wav,wav/high/speaker0006/s20000000043.wav,3.0
583,wav/high/speaker0001/s10000000040.wav,wav/high/speaker0001/s20000000040.wav,3.6
584,wav/high/speaker0005/s10000000085.wav,wav/high/speaker0005/s20000000085.wav,0.8
585,wav/high/speaker0005/s10000000326.wav,wav/high/speaker0005/s20000000326.wav,3.6
586,wav/high/speaker0001/s10000000165.wav,wav/high/speaker0001/s20000000165.wav,2.25
587,wav/high/speaker0002/s10000000257.wav,wav/high/speaker0002/s20000000257.wav,4.0
588,wav/high/speaker0005/s10000000012.wav,wav/high/speaker0005/s20000000012.wav,5.0
589,wav/high/speaker0005/s10000000019.wav,wav/high/speaker0005/s20000000019.wav,0.636
590,wav/high/speaker0006/s10000000265.wav,wav/high/speaker0006/s20000000265.wav,3.6
591,wav/high/speaker0006/s10000000092.wav,wav/high/speaker0006/s20000000092.wav,1.6
592,wav/high/speaker0004/s10000000035.wav,wav/high/speaker0004/s20000000035.wav,3.8
593,wav/high/speaker0001/s10000000195.wav,wav/high/speaker0001/s20000000195.wav,0.8
594,wav/high/speaker0001/s10000000169.wav,wav/high/speaker0001/s20000000169.wav,3.75
595,wav/high/speaker0006/s10000000078.wav,wav/high/speaker0006/s20000000078.wav,1.154
596,wav/high/speaker0003/s10000000079.wav,wav/high/speaker0003/s20000000079.wav,2.75
597,wav/high/speaker0002/s10000000044.wav,wav/high/speaker0002/s20000000044.wav,1.4
598,wav/high/speaker0001/s10000000158.wav,wav/high/speaker0001/s20000000158.wav,4.4
599,wav/high/speaker0005/s10000000152.wav,wav/high/speaker0005/s20000000152.wav,4.857
600,wav/high/speaker0004/s10000000162.wav,wav/high/speaker0004/s20000000162.wav,4.4
601,wav/high/speaker0006/s10000000244.wav,wav/high/speaker0006/s20000000244.wav,0.0
602,wav/high/speaker0004/s10000000058.wav,wav/high/speaker0004/s20000000058.wav,3.8
603,wav/high/speaker0002/s10000000349.wav,wav/high/speaker0002/s20000000349.wav,3.4
604,wav/high/speaker0001/s10000000193.wav,wav/high/speaker0001/s20000000193.wav,3.2
605,wav/high/speaker0002/s10000000064.wav,wav/high/speaker0002/s20000000064.wav,3.8
606,wav/high/speaker0002/s10000000296.wav,wav/high/speaker0002/s20000000296.wav,2.6
607,wav/high/speaker0004/s10000000297.wav,wav/high/speaker0004/s20000000297.wav,5.0
608,wav/high/speaker0002/s10000000205.wav,wav/high/speaker0002/s20000000205.wav,0.75
609,wav/high/speaker0006/s10000000147.wav,wav/high/speaker0006/s20000000147.wav,3.0
610,wav/high/speaker0003/s10000000069.wav,wav/high/speaker0003/s20000000069.wav,4.25
611,wav/high/speaker0002/s10000000173.wav,wav/high/speaker0002/s20000000173.wav,0.0
612,wav/high/speaker0002/s10000000206.wav,wav/high/speaker0002/s20000000206.wav,2.5
613,wav/high/speaker0003/s10000000017.wav,wav/high/speaker0003/s20000000017.wav,5.0
614,wav/high/speaker0001/s10000000168.wav,wav/high/speaker0001/s20000000168.wav,0.833
615,wav/high/speaker0001/s10000000297.wav,wav/high/speaker0001/s20000000297.wav,5.0
616,wav/high/speaker0003/s10000000066.wav,wav/high/speaker0003/s20000000066.wav,4.0
617,wav/high/speaker0003/s10000000178.wav,wav/high/speaker0003/s20000000178.wav,2.75
618,wav/high/speaker0001/s10000000117.wav,wav/high/speaker0001/s20000000117.wav,3.4
619,wav/high/speaker0004/s10000000021.wav,wav/high/speaker0004/s20000000021.wav,1.714
620,wav/high/speaker0002/s10000000234.wav,wav/high/speaker0002/s20000000234.wav,3.75
621,wav/high/speaker0006/s10000000051.wav,wav/high/speaker0006/s20000000051.wav,3.8
622,wav/high/speaker0005/s10000000316.wav,wav/high/speaker0005/s20000000316.wav,3.8
623,wav/high/speaker0001/s10000000163.wav,wav/high/speaker0001/s20000000163.wav,3.25
624,wav/high/speaker0001/s10000000160.wav,wav/high/speaker0001/s20000000160.wav,1.4
625,wav/high/speaker0002/s10000000178.wav,wav/high/speaker0002/s20000000178.wav,2.75
626,wav/high/speaker0002/s10000000074.wav,wav/high/speaker0002/s20000000074.wav,0.4
627,wav/high/speaker0004/s10000000146.wav,wav/high/speaker0004/s20000000146.wav,1.25
628,wav/high/speaker0003/s10000000043.wav,wav/high/speaker0003/s20000000043.wav,3.0
629,wav/high/speaker0002/s10000000071.wav,wav/high/speaker0002/s20000000071.wav,1.0
630,wav/high/speaker0002/s10000000146.wav,wav/high/speaker0002/s20000000146.wav,1.25
631,wav/high/speaker0006/s10000000053.wav,wav/high/speaker0006/s20000000053.wav,5.0
632,wav/high/speaker0004/s10000000127.wav,wav/high/speaker0004/s20000000127.wav,0.0
633,wav/high/speaker0006/s10000000091.wav,wav/high/speaker0006/s20000000091.wav,2.8
634,wav/high/speaker0001/s10000000152.wav,wav/high/speaker0001/s20000000152.wav,4.857
635,wav/high/speaker0002/s10000000142.wav,wav/high/speaker0002/s20000000142.wav,5.0
636,wav/high/speaker0003/s10000000142.wav,wav/high/speaker0003/s20000000142.wav,5.0
637,wav/high/speaker0003/s10000000085.wav,wav/high/speaker0003/s20000000085.wav,0.8
638,wav/high/speaker0001/s10000000282.wav,wav/high/speaker0001/s20000000282.wav,3.2
639,wav/high/speaker0003/s10000000240.wav,wav/high/speaker0003/s20000000240.wav,0.8
640,wav/high/speaker0004/s10000000335.wav,wav/high/speaker0004/s20000000335.wav,3.4
641,wav/high/speaker0004/s10000000026.wav,wav/high/speaker0004/s20000000026.wav,4.25
642,wav/high/speaker0003/s10000000008.wav,wav/high/speaker0003/s20000000008.wav,3.75
643,wav/high/speaker0005/s10000000059.wav,wav/high/speaker0005/s20000000059.wav,0.0
644,wav/high/speaker0005/s10000000204.wav,wav/high/speaker0005/s20000000204.wav,0.4
645,wav/high/speaker0005/s10000000091.wav,wav/high/speaker0005/s20000000091.wav,2.8
646,wav/high/speaker0005/s10000000332.wav,wav/high/speaker0005/s20000000332.wav,3.6
647,wav/high/speaker0001/s10000000246.wav,wav/high/speaker0001/s20000000246.wav,0.0
648,wav/high/speaker0005/s10000000305.wav,wav/high/speaker0005/s20000000305.wav,0.8
649,wav/high/speaker0002/s10000000220.wav,wav/high/speaker0002/s20000000220.wav,5.0
650,wav/high/speaker0002/s10000000282.wav,wav/high/speaker0002/s20000000282.wav,3.2
651,wav/high/speaker0006/s10000000079.wav,wav/high/speaker0006/s20000000079.wav,2.75
652,wav/high/speaker0001/s10000000070.wav,wav/high/speaker0001/s20000000070.wav,3.0
653,wav/high/speaker0002/s10000000091.wav,wav/high/speaker0002/s20000000091.wav,2.8
654,wav/high/speaker0001/s10000000304.wav,wav/high/speaker0001/s20000000304.wav,4.4
655,wav/high/speaker0004/s10000000292.wav,wav/high/speaker0004/s20000000292.wav,0.6
656,wav/high/speaker0005/s10000000338.wav,wav/high/speaker0005/s20000000338.wav,2.6
657,wav/high/speaker0005/s10000000262.wav,wav/high/speaker0005/s20000000262.wav,3.8
658,wav/high/speaker0002/s10000000106.wav,wav/high/speaker0002/s20000000106.wav,3.091
659,wav/high/speaker0004/s10000000215.wav,wav/high/speaker0004/s20000000215.wav,0.8
660,wav/high/speaker0006/s10000000064.wav,wav/high/speaker0006/s20000000064.wav,3.8
661,wav/high/speaker0005/s10000000297.wav,wav/high/speaker0005/s20000000297.wav,5.0
662,wav/high/speaker0001/s10000000025.wav,wav/high/speaker0001/s20000000025.wav,1.917
663,wav/high/speaker0005/s10000000221.wav,wav/high/speaker0005/s20000000221.wav,0.2
664,wav/high/speaker0004/s10000000220.wav,wav/high/speaker0004/s20000000220.wav,5.0
665,wav/high/speaker0002/s10000000262.wav,wav/high/speaker0002/s20000000262.wav,3.8
666,wav/high/speaker0002/s10000000304.wav,wav/high/speaker0002/s20000000304.wav,4.4
667,wav/high/speaker0001/s10000000175.wav,wav/high/speaker0001/s20000000175.wav,4.2
668,wav/high/speaker0005/s10000000075.wav,wav/high/speaker0005/s20000000075.wav,4.0
669,wav/high/speaker0002/s10000000194.wav,wav/high/speaker0002/s20000000194.wav,2.333
670,wav/high/speaker0003/s10000000239.wav,wav/high/speaker0003/s20000000239.wav,0.0
671,wav/high/speaker0003/s10000000070.wav,wav/high/speaker0003/s20000000070.wav,3.0
672,wav/high/speaker0001/s10000000189.wav,wav/high/speaker0001/s20000000189.wav,3.4
673,wav/high/speaker0006/s10000000120.wav,wav/high/speaker0006/s20000000120.wav,1.0
674,wav/high/speaker0005/s10000000151.wav,wav/high/speaker0005/s20000000151.wav,3.6
675,wav/high/speaker0005/s10000000106.wav,wav/high/speaker0005/s20000000106.wav,3.091
676,wav/high/speaker0004/s10000000152.wav,wav/high/speaker0004/s20000000152.wav,4.857
677,wav/high/speaker0003/s10000000234.wav,wav/high/speaker0003/s20000000234.wav,3.75
678,wav/high/speaker0006/s10000000126.wav,wav/high/speaker0006/s20000000126.wav,0.083
679,wav/high/speaker0001/s10000000238.wav,wav/high/speaker0001/s20000000238.wav,5.0
680,wav/high/speaker0002/s10000000240.wav,wav/high/speaker0002/s20000000240.wav,0.8
681,wav/high/speaker0002/s10000000161.wav,wav/high/speaker0002/s20000000161.wav,0.4
682,wav/high/speaker0005/s10000000220.wav,wav/high/speaker0005/s20000000220.wav,5.0
683,wav/high/speaker0004/s10000000256.wav,wav/high/speaker0004/s20000000256.wav,0.4
684,wav/high/speaker0004/s10000000173.wav,wav/high/speaker0004/s20000000173.wav,0.0
685,wav/high/speaker0006/s10000000240.wav,wav/high/speaker0006/s20000000240.wav,0.8
686,wav/high/speaker0003/s10000000075.wav,wav/high/speaker0003/s20000000075.wav,4.0
687,wav/high/speaker0003/s10000000175.wav,wav/high/speaker0003/s20000000175.wav,4.2
688,wav/high/speaker0003/s10000000127.wav,wav/high/speaker0003/s20000000127.wav,0.0
689,wav/high/speaker0005/s10000000081.wav,wav/high/speaker0005/s20000000081.wav,0.0
690,wav/high/speaker0001/s10000000035.wav,wav/high/speaker0001/s20000000035.wav,3.8
691,wav/high/speaker0003/s10000000220.wav,wav/high/speaker0003/s20000000220.wav,5.0
692,wav/high/speaker0006/s10000000257.wav,wav/high/speaker0006/s20000000257.wav,4.0
693,wav/high/speaker0005/s10000000240.wav,wav/high/speaker0005/s20000000240.wav,0.8
694,wav/high/speaker0003/s10000000090.wav,wav/high/speaker0003/s20000000090.wav,3.8
695,wav/high/speaker0003/s10000000349.wav,wav/high/speaker0003/s20000000349.wav,3.4
696,wav/high/speaker0004/s10000000161.wav,wav/high/speaker0004/s20000000161.wav,0.4
697,wav/high/speaker0001/s10000000185.wav,wav/high/speaker0001/s20000000185.wav,3.8
698,wav/high/speaker0003/s10000000304.wav,wav/high/speaker0003/s20000000304.wav,4.4
699,wav/high/speaker0004/s10000000126.wav,wav/high/speaker0004/s20000000126.wav,0.083
700,wav/high/speaker0001/s10000000234.wav,wav/high/speaker0001/s20000000234.wav,3.75
701,wav/high/speaker0006/s10000000215.wav,wav/high/speaker0006/s20000000215.wav,0.8
702,wav/high/speaker0004/s10000000184.wav,wav/high/speaker0004/s20000000184.wav,3.0
703,wav/high/speaker0003/s10000000071.wav,wav/high/speaker0003/s20000000071.wav,1.0
704,wav/high/speaker0004/s10000000019.wav,wav/high/speaker0004/s20000000019.wav,0.636
705,wav/high/speaker0006/s10000000164.wav,wav/high/speaker0006/s20000000164.wav,0.778
706,wav/high/speaker0001/s10000000084.wav,wav/high/speaker0001/s20000000084.wav,5.0
707,wav/high/speaker0004/s10000000207.wav,wav/high/speaker0004/s20000000207.wav,1.8
708,wav/high/speaker0005/s10000000111.wav,wav/high/speaker0005/s20000000111.wav,0.0
709,wav/high/speaker0005/s10000000056.wav,wav/high/speaker0005/s20000000056.wav,0.6
710,wav/high/speaker0004/s10000000259.wav,wav/high/speaker0004/s20000000259.wav,3.2
711,wav/high/speaker0006/s10000000002.wav,wav/high/speaker0006/s20000000002.wav,5.0
712,wav/high/speaker0004/s10000000262.wav,wav/high/speaker0004/s20000000262.wav,3.8
713,wav/high/speaker0003/s10000000058.wav,wav/high/speaker0003/s20000000058.wav,3.8
714,wav/high/speaker0006/s10000000037.wav,wav/high/speaker0006/s20000000037.wav,5.0
715,wav/high/speaker0002/s10000000308.wav,wav/high/speaker0002/s20000000308.wav,0.0
716,wav/high/speaker0006/s10000000207.wav,wav/high/speaker0006/s20000000207.wav,1.8
717,wav/high/speaker0006/s10000000019.wav,wav/high/speaker0006/s20000000019.wav,0.636
718,wav/high/speaker0002/s10000000019.wav,wav/high/speaker0002/s20000000019.wav,0.636
719,wav/high/speaker0005/s10000000244.wav,wav/high/speaker0005/s20000000244.wav,0.0
720,wav/high/speaker0001/s10000000338.wav,wav/high/speaker0001/s20000000338.wav,2.6
721,wav/high/speaker0006/s10000000206.wav,wav/high/speaker0006/s20000000206.wav,2.5
722,wav/high/speaker0006/s10000000318.wav,wav/high/speaker0006/s20000000318.wav,4.0
723,wav/high/speaker0001/s10000000198.wav,wav/high/speaker0001/s20000000198.wav,3.75
724,wav/high/speaker0004/s10000000056.wav,wav/high/speaker0004/s20000000056.wav,0.6
725,wav/high/speaker0004/s10000000090.wav,wav/high/speaker0004/s20000000090.wav,3.8
726,wav/high/speaker0003/s10000000091.wav,wav/high/speaker0003/s20000000091.wav,2.8
727,wav/high/speaker0003/s10000000329.wav,wav/high/speaker0003/s20000000329.wav,3.2
728,wav/high/speaker0005/s10000000198.wav,wav/high/speaker0005/s20000000198.wav,3.75
729,wav/high/speaker0006/s10000000234.wav,wav/high/speaker0006/s20000000234.wav,3.75
730,wav/high/speaker0002/s10000000056.wav,wav/high/speaker0002/s20000000056.wav,0.6
731,wav/high/speaker0006/s10000000329.wav,wav/high/speaker0006/s20000000329.wav,3.2
732,wav/high/speaker0001/s10000000129.wav,wav/high/speaker0001/s20000000129.wav,4.5
733,wav/high/speaker0002/s10000000345.wav,wav/high/speaker0002/s20000000345.wav,2.0
734,wav/high/speaker0006/s10000000326.wav,wav/high/speaker0006/s20000000326.wav,3.6
735,wav/high/speaker0004/s10000000118.wav,wav/high/speaker0004/s20000000118.wav,0.0
736,wav/high/speaker0006/s10000000305.wav,wav/high/speaker0006/s20000000305.wav,0.8
737,wav/high/speaker0005/s10000000045.wav,wav/high/speaker0005/s20000000045.wav,0.25
738,wav/high/speaker0004/s10000000081.wav,wav/high/speaker0004/s20000000081.wav,0.0
739,wav/high/speaker0004/s10000000193.wav,wav/high/speaker0004/s20000000193.wav,3.2
740,wav/high/speaker0003/s10000000338.wav,wav/high/speaker0003/s20000000338.wav,2.6
741,wav/high/speaker0005/s10000000347.wav,wav/high/speaker0005/s20000000347.wav,2.2
742,wav/high/speaker0003/s10000000064.wav,wav/high/speaker0003/s20000000064.wav,3.8
743,wav/high/speaker0005/s10000000008.wav,wav/high/speaker0005/s20000000008.wav,3.75
744,wav/high/speaker0005/s10000000280.wav,wav/high/speaker0005/s20000000280.wav,2.2
745,wav/high/speaker0002/s10000000117.wav,wav/high/speaker0002/s20000000117.wav,3.4
746,wav/high/speaker0004/s10000000051.wav,wav/high/speaker0004/s20000000051.wav,3.8
747,wav/high/speaker0003/s10000000342.wav,wav/high/speaker0003/s20000000342.wav,3.0
748,wav/high/speaker0002/s10000000017.wav,wav/high/speaker0002/s20000000017.wav,5.0
749,wav/high/speaker0002/s10000000195.wav,wav/high/speaker0002/s20000000195.wav,0.8
750,wav/high/speaker0005/s10000000038.wav,wav/high/speaker0005/s20000000038.wav,4.2
751,wav/high/speaker0002/s10000000279.wav,wav/high/speaker0002/s20000000279.wav,0.8
752,wav/high/speaker0006/s10000000081.wav,wav/high/speaker0006/s20000000081.wav,0.0
753,wav/high/speaker0001/s10000000345.wav,wav/high/speaker0001/s20000000345.wav,2.0
754,wav/high/speaker0002/s10000000051.wav,wav/high/speaker0002/s20000000051.wav,3.8
755,wav/high/speaker0003/s10000000326.wav,wav/high/speaker0003/s20000000326.wav,3.6
756,wav/high/speaker0006/s10000000075.wav,wav/high/speaker0006/s20000000075.wav,4.0
757,wav/high/speaker0006/s10000000209.wav,wav/high/speaker0006/s20000000209.wav,0.5
758,wav/high/speaker0002/s10000000213.wav,wav/high/speaker0002/s20000000213.wav,0.4
759,wav/high/speaker0005/s10000000127.wav,wav/high/speaker0005/s20000000127.wav,0.0
760,wav/high/speaker0004/s10000000142.wav,wav/high/speaker0004/s20000000142.wav,5.0
761,wav/high/speaker0006/s10000000185.wav,wav/high/speaker0006/s20000000185.wav,3.8
762,wav/high/speaker0004/s10000000279.wav,wav/high/speaker0004/s20000000279.wav,0.8
763,wav/high/speaker0001/s10000000173.wav,wav/high/speaker0001/s20000000173.wav,0.0
764,wav/high/speaker0002/s10000000271.wav,wav/high/speaker0002/s20000000271.wav,3.6
765,wav/high/speaker0006/s10000000308.wav,wav/high/speaker0006/s20000000308.wav,0.0
766,wav/high/speaker0002/s10000000265.wav,wav/high/speaker0002/s20000000265.wav,3.6
767,wav/high/speaker0001/s10000000066.wav,wav/high/speaker0001/s20000000066.wav,4.0
768,wav/high/speaker0001/s10000000239.wav,wav/high/speaker0001/s20000000239.wav,0.0
769,wav/high/speaker0004/s10000000163.wav,wav/high/speaker0004/s20000000163.wav,3.25
770,wav/high/speaker0006/s10000000125.wav,wav/high/speaker0006/s20000000125.wav,2.5
771,wav/high/speaker0003/s10000000146.wav,wav/high/speaker0003/s20000000146.wav,1.25
772,wav/high/speaker0003/s10000000297.wav,wav/high/speaker0003/s20000000297.wav,5.0
773,wav/high/speaker0006/s10000000173.wav,wav/high/speaker0006/s20000000173.wav,0.0
774,wav/high/speaker0004/s10000000239.wav,wav/high/speaker0004/s20000000239.wav,0.0
775,wav/high/speaker0003/s10000000021.wav,wav/high/speaker0003/s20000000021.wav,1.714
776,wav/high/speaker0001/s10000000069.wav,wav/high/speaker0001/s20000000069.wav,4.25
777,wav/high/speaker0001/s10000000284.wav,wav/high/speaker0001/s20000000284.wav,0.0
778,wav/high/speaker0001/s10000000056.wav,wav/high/speaker0001/s20000000056.wav,0.6
779,wav/high/speaker0003/s10000000313.wav,wav/high/speaker0003/s20000000313.wav,1.8
780,wav/high/speaker0003/s10000000033.wav,wav/high/speaker0003/s20000000033.wav,5.0
781,wav/high/speaker0001/s10000000037.wav,wav/high/speaker0001/s20000000037.wav,5.0
782,wav/high/speaker0006/s10000000099.wav,wav/high/speaker0006/s20000000099.wav,3.0
783,wav/high/speaker0002/s10000000283.wav,wav/high/speaker0002/s20000000283.wav,4.4
784,wav/high/speaker0001/s10000000142.wav,wav/high/speaker0001/s20000000142.wav,5.0
785,wav/high/speaker0003/s10000000288.wav,wav/high/speaker0003/s20000000288.wav,0.0
786,wav/high/speaker0006/s10000000089.wav,wav/high/speaker0006/s20000000089.wav,2.6
787,wav/high/speaker0005/s10000000125.wav,wav/high/speaker0005/s20000000125.wav,2.5
788,wav/high/speaker0002/s10000000174.wav,wav/high/speaker0002/s20000000174.wav,3.4
789,wav/high/speaker0006/s10000000021.wav,wav/high/speaker0006/s20000000021.wav,1.714
790,wav/high/speaker0004/s10000000194.wav,wav/high/speaker0004/s20000000194.wav,2.333
791,wav/high/speaker0005/s10000000187.wav,wav/high/speaker0005/s20000000187.wav,3.0
792,wav/high/speaker0004/s10000000347.wav,wav/high/speaker0004/s20000000347.wav,2.2
793,wav/high/speaker0002/s10000000346.wav,wav/high/speaker0002/s20000000346.wav,4.0
794,wav/high/speaker0001/s10000000332.wav,wav/high/speaker0001/s20000000332.wav,3.6
795,wav/high/speaker0001/s10000000326.wav,wav/high/speaker0001/s20000000326.wav,3.6
796,wav/high/speaker0001/s10000000178.wav,wav/high/speaker0001/s20000000178.wav,2.75
797,wav/high/speaker0003/s10000000164.wav,wav/high/speaker0003/s20000000164.wav,0.778
798,wav/high/speaker0006/s10000000026.wav,wav/high/speaker0006/s20000000026.wav,4.25
799,wav/high/speaker0006/s10000000040.wav,wav/high/speaker0006/s20000000040.wav,3.6
800,wav/high/speaker0005/s10000000165.wav,wav/high/speaker0005/s20000000165.wav,2.25
801,wav/high/speaker0004/s10000000071.wav,wav/high/speaker0004/s20000000071.wav,1.0
802,wav/high/speaker0006/s10000000035.wav,wav/high/speaker0006/s20000000035.wav,3.8
803,wav/high/speaker0005/s10000000348.wav,wav/high/speaker0005/s20000000348.wav,2.2
804,wav/high/speaker0004/s10000000310.wav,wav/high/speaker0004/s20000000310.wav,0.0
805,wav/high/speaker0001/s10000000316.wav,wav/high/speaker0001/s20000000316.wav,3.8
806,wav/high/speaker0001/s10000000051.wav,wav/high/speaker0001/s20000000051.wav,3.8
807,wav/high/speaker0001/s10000000164.wav,wav/high/speaker0001/s20000000164.wav,0.778
808,wav/high/speaker0004/s10000000154.wav,wav/high/speaker0004/s20000000154.wav,0.2
809,wav/high/speaker0006/s10000000248.wav,wav/high/speaker0006/s20000000248.wav,2.2
810,wav/high/speaker0005/s10000000053.wav,wav/high/speaker0005/s20000000053.wav,5.0
811,wav/high/speaker0001/s10000000325.wav,wav/high/speaker0001/s20000000325.wav,2.0
812,wav/high/speaker0001/s10000000220.wav,wav/high/speaker0001/s20000000220.wav,5.0
813,wav/high/speaker0001/s10000000309.wav,wav/high/speaker0001/s20000000309.wav,3.2
814,wav/high/speaker0003/s10000000339.wav,wav/high/speaker0003/s20000000339.wav,2.4
815,wav/high/speaker0005/s10000000083.wav,wav/high/speaker0005/s20000000083.wav,3.4
816,wav/high/speaker0001/s10000000033.wav,wav/high/speaker0001/s20000000033.wav,5.0
817,wav/high/speaker0006/s10000000297.wav,wav/high/speaker0006/s20000000297.wav,5.0
818,wav/high/speaker0001/s10000000118.wav,wav/high/speaker0001/s20000000118.wav,0.0
819,wav/high/speaker0004/s10000000078.wav,wav/high/speaker0004/s20000000078.wav,1.154
820,wav/high/speaker0003/s10000000189.wav,wav/high/speaker0003/s20000000189.wav,3.4
821,wav/high/speaker0006/s10000000198.wav,wav/high/speaker0006/s20000000198.wav,3.75
822,wav/high/speaker0006/s10000000169.wav,wav/high/speaker0006/s20000000169.wav,3.75
823,wav/high/speaker0001/s10000000187.wav,wav/high/speaker0001/s20000000187.wav,3.0
824,wav/high/speaker0002/s10000000008.wav,wav/high/speaker0002/s20000000008.wav,3.75
825,wav/high/speaker0005/s10000000160.wav,wav/high/speaker0005/s20000000160.wav,1.4
826,wav/high/speaker0001/s10000000085.wav,wav/high/speaker0001/s20000000085.wav,0.8
827,wav/high/speaker0006/s10000000246.wav,wav/high/speaker0006/s20000000246.wav,0.0
828,wav/high/speaker0003/s10000000040.wav,wav/high/speaker0003/s20000000040.wav,3.6
829,wav/high/speaker0002/s10000000292.wav,wav/high/speaker0002/s20000000292.wav,0.6
830,wav/high/speaker0005/s10000000284.wav,wav/high/speaker0005/s20000000284.wav,0.0
831,wav/high/speaker0002/s10000000193.wav,wav/high/speaker0002/s20000000193.wav,3.2
832,wav/high/speaker0003/s10000000037.wav,wav/high/speaker0003/s20000000037.wav,5.0
833,wav/high/speaker0005/s10000000074.wav,wav/high/speaker0005/s20000000074.wav,0.4
834,wav/high/speaker0005/s10000000248.wav,wav/high/speaker0005/s20000000248.wav,2.2
835,wav/high/speaker0003/s10000000194.wav,wav/high/speaker0003/s20000000194.wav,2.333
836,wav/high/speaker0001/s10000000240.wav,wav/high/speaker0001/s20000000240.wav,0.8
837,wav/high/speaker0002/s10000000160.wav,wav/high/speaker0002/s20000000160.wav,1.4
838,wav/high/speaker0002/s10000000187.wav,wav/high/speaker0002/s20000000187.wav,3.0
839,wav/high/speaker0005/s10000000096.wav,wav/high/speaker0005/s20000000096.wav,0.6
840,wav/high/speaker0002/s10000000025.wav,wav/high/speaker0002/s20000000025.wav,1.917
841,wav/high/speaker0002/s10000000013.wav,wav/high/speaker0002/s20000000013.wav,5.0
842,wav/high/speaker0004/s10000000171.wav,wav/high/speaker0004/s20000000171.wav,4.333
843,wav/high/speaker0002/s10000000002.wav,wav/high/speaker0002/s20000000002.wav,5.0
844,wav/high/speaker0004/s10000000038.wav,wav/high/speaker0004/s20000000038.wav,4.2
845,wav/high/speaker0005/s10000000319.wav,wav/high/speaker0005/s20000000319.wav,0.0
846,wav/high/speaker0004/s10000000206.wav,wav/high/speaker0004/s20000000206.wav,2.5
847,wav/high/speaker0002/s10000000224.wav,wav/high/speaker0002/s20000000224.wav,3.8
848,wav/high/speaker0003/s10000000231.wav,wav/high/speaker0003/s20000000231.wav,0.1
849,wav/high/speaker0006/s10000000045.wav,wav/high/speaker0006/s20000000045.wav,0.25
850,wav/high/speaker0003/s10000000097.wav,wav/high/speaker0003/s20000000097.wav,0.0
851,wav/high/speaker0006/s10000000153.wav,wav/high/speaker0006/s20000000153.wav,0.4
852,wav/high/speaker0002/s10000000338.wav,wav/high/speaker0002/s20000000338.wav,2.6
853,wav/high/speaker0001/s10000000078.wav,wav/high/speaker0001/s20000000078.wav,1.154
854,wav/high/speaker0005/s10000000325.wav,wav/high/speaker0005/s20000000325.wav,2.0
855,wav/high/speaker0002/s10000000138.wav,wav/high/speaker0002/s20000000138.wav,2.5
856,wav/high/speaker0004/s10000000316.wav,wav/high/speaker0004/s20000000316.wav,3.8
857,wav/high/speaker0003/s10000000120.wav,wav/high/speaker0003/s20000000120.wav,1.0
858,wav/high/speaker0002/s10000000144.wav,wav/high/speaker0002/s20000000144.wav,5.0
859,wav/high/speaker0004/s10000000346.wav,wav/high/speaker0004/s20000000346.wav,4.0
860,wav/high/speaker0003/s10000000306.wav,wav/high/speaker0003/s20000000306.wav,4.6
861,wav/high/speaker0004/s10000000221.wav,wav/high/speaker0004/s20000000221.wav,0.2
862,wav/high/speaker0006/s10000000111.wav,wav/high/speaker0006/s20000000111.wav,0.0
863,wav/high/speaker0006/s10000000175.wav,wav/high/speaker0006/s20000000175.wav,4.2
864,wav/high/speaker0001/s10000000064.wav,wav/high/speaker0001/s20000000064.wav,3.8
865,wav/high/speaker0005/s10000000089.wav,wav/high/speaker0005/s20000000089.wav,2.6
866,wav/high/speaker0005/s10000000013.wav,wav/high/speaker0005/s20000000013.wav,5.0
867,wav/high/speaker0005/s10000000033.wav,wav/high/speaker0005/s20000000033.wav,5.0
868,wav/high/speaker0006/s10000000242.wav,wav/high/speaker0006/s20000000242.wav,0.0
869,wav/high/speaker0004/s10000000125.wav,wav/high/speaker0004/s20000000125.wav,2.5
870,wav/high/speaker0003/s10000000259.wav,wav/high/speaker0003/s20000000259.wav,3.2
871,wav/high/speaker0003/s10000000152.wav,wav/high/speaker0003/s20000000152.wav,4.857
872,wav/high/speaker0001/s10000000139.wav,wav/high/speaker0001/s20000000139.wav,3.824
873,wav/high/speaker0005/s10000000169.wav,wav/high/speaker0005/s20000000169.wav,3.75
874,wav/high/speaker0001/s10000000045.wav,wav/high/speaker0001/s20000000045.wav,0.25
875,wav/high/speaker0004/s10000000129.wav,wav/high/speaker0004/s20000000129.wav,4.5
876,wav/high/speaker0005/s10000000313.wav,wav/high/speaker0005/s20000000313.wav,1.8
877,wav/high/speaker0002/s10000000316.wav,wav/high/speaker0002/s20000000316.wav,3.8
878,wav/high/speaker0003/s10000000179.wav,wav/high/speaker0003/s20000000179.wav,2.2
879,wav/high/speaker0005/s10000000142.wav,wav/high/speaker0005/s20000000142.wav,5.0
880,wav/high/speaker0004/s10000000224.wav,wav/high/speaker0004/s20000000224.wav,3.8
881,wav/high/speaker0004/s10000000046.wav,wav/high/speaker0004/s20000000046.wav,0.25
882,wav/high/speaker0002/s10000000000.wav,wav/high/speaker0002/s20000000000.wav,5.0
883,wav/high/speaker0002/s10000000221.wav,wav/high/speaker0002/s20000000221.wav,0.2
884,wav/high/speaker0004/s10000000198.wav,wav/high/speaker0004/s20000000198.wav,3.75
885,wav/high/speaker0001/s10000000097.wav,wav/high/speaker0001/s20000000097.wav,0.0
886,wav/high/speaker0002/s10000000075.wav,wav/high/speaker0002/s20000000075.wav,4.0
887,wav/high/speaker0001/s10000000126.wav,wav/high/speaker0001/s20000000126.wav,0.083
888,wav/high/speaker0003/s10000000117.wav,wav/high/speaker0003/s20000000117.wav,3.4
889,wav/high/speaker0002/s10000000046.wav,wav/high/speaker0002/s20000000046.wav,0.25
890,wav/high/speaker0005/s10000000064.wav,wav/high/speaker0005/s20000000064.wav,3.8
891,wav/high/speaker0004/s10000000050.wav,wav/high/speaker0004/s20000000050.wav,0.5
892,wav/high/speaker0002/s10000000083.wav,wav/high/speaker0002/s20000000083.wav,3.4
893,wav/high/speaker0001/s10000000071.wav,wav/high/speaker0001/s20000000071.wav,1.0
894,wav/high/speaker0004/s10000000106.wav,wav/high/speaker0004/s20000000106.wav,3.091
895,wav/high/speaker0006/s10000000214.wav,wav/high/speaker0006/s20000000214.wav,0.6
896,wav/high/speaker0003/s10000000056.wav,wav/high/speaker0003/s20000000056.wav,0.6
897,wav/high/speaker0004/s10000000348.wav,wav/high/speaker0004/s20000000348.wav,2.2
898,wav/high/speaker0001/s10000000059.wav,wav/high/speaker0001/s20000000059.wav,0.0
899,wav/high/speaker0005/s10000000158.wav,wav/high/speaker0005/s20000000158.wav,4.4
900,wav/high/speaker0004/s10000000138.wav,wav/high/speaker0004/s20000000138.wav,2.5
901,wav/high/speaker0002/s10000000215.wav,wav/high/speaker0002/s20000000215.wav,0.8
902,wav/high/speaker0004/s10000000306.wav,wav/high/speaker0004/s20000000306.wav,4.6
903,wav/high/speaker0006/s10000000142.wav,wav/high/speaker0006/s20000000142.wav,5.0
904,wav/high/speaker0001/s10000000144.wav,wav/high/speaker0001/s20000000144.wav,5.0
905,wav/high/speaker0005/s10000000185.wav,wav/high/speaker0005/s20000000185.wav,3.8
906,wav/high/speaker0002/s10000000035.wav,wav/high/speaker0002/s20000000035.wav,3.8
907,wav/high/speaker0005/s10000000084.wav,wav/high/speaker0005/s20000000084.wav,5.0
908,wav/high/speaker0003/s10000000123.wav,wav/high/speaker0003/s20000000123.wav,0.4
909,wav/high/speaker0005/s10000000215.wav,wav/high/speaker0005/s20000000215.wav,0.8
910,wav/high/speaker0003/s10000000089.wav,wav/high/speaker0003/s20000000089.wav,2.6
911,wav/high/speaker0002/s10000000256.wav,wav/high/speaker0002/s20000000256.wav,0.4
